# https://github.com/mikedh/trimesh
mtllib object_1.mtl
usemtl material_0
v -0.01997880 -0.00336080 -0.00504649
v -0.02005919 -0.00228111 -0.00553703
v -0.02012591 -0.00138870 -0.00418626
v -0.02005505 -0.00237424 0.00016285
v -0.02002401 -0.00309554 0.00589490
v -0.02000361 -0.00275178 -0.00337103
v -0.02015384 -0.00130219 -0.00224821
v -0.02014253 -0.00155930 0.00088920
v -0.02003891 -0.00216364 0.00227944
v -0.02004303 -0.00189541 0.00532434
v -0.02004060 -0.00081009 0.00635338
v -0.02017250 -0.00138878 0.00249451
v -0.02006187 0.00012899 -0.00551460
v -0.02021282 0.00014496 -0.00350642
v -0.02018101 0.00031523 -0.00215165
v -0.02022698 0.00014503 0.00021985
v -0.02025316 0.00014434 0.00191310
v -0.02022472 0.00014292 0.00597978
v -0.02007188 0.00014059 0.00668410
v -0.02009463 0.00157562 -0.00502290
v -0.02004741 0.00268234 -0.00223521
v -0.02000334 0.00304263 0.00006774
v -0.02013509 0.00153627 0.00092300
v -0.02006029 0.00112094 0.00578941
v -0.02009107 0.00138575 0.00640485
v -0.01994991 0.00215729 -0.00544249
v -0.01996032 0.00321177 0.00344620
v -0.02002209 0.00287474 -0.00469594
v -0.02013839 0.00276355 0.00649816
v -0.02005392 0.00271135 0.00695047
v -0.01999427 0.00312682 0.00551012
v -0.02005818 0.00350559 0.00650861
v -0.01960304 -0.00415802 -0.00568625
v -0.01971770 -0.00420221 -0.00506243
v -0.01967895 -0.00418926 -0.00268539
v -0.01970698 -0.00409747 0.00101353
v -0.01991423 -0.00360383 0.00037604
v -0.01970285 -0.00408297 0.00361887
v -0.01971563 -0.00413635 0.00508851
v -0.01970711 -0.00394595 0.00632864
v -0.01980891 -0.00329002 -0.00585664
v -0.01995327 -0.00265388 0.00648369
v -0.01999456 -0.00326207 0.00037891
v -0.01997673 -0.00326224 0.00317575
v -0.01973606 -0.00325270 0.00668811
v -0.01980202 -0.00233570 -0.00596798
v -0.01970663 -0.00087374 0.00699879
v -0.01987386 0.00021343 -0.00587276
v -0.01988454 0.00029495 0.00700498
v -0.01972249 0.00164504 -0.00592455
v -0.01997955 0.00219608 0.00478449
v -0.01968084 0.00288170 0.00734601
v -0.01938547 0.00355555 -0.00592936
v -0.01963369 0.00421932 -0.00528048
v -0.01992176 0.00338562 -0.00333313
v -0.01981138 0.00346130 0.00713001
v -0.01973293 0.00400909 -0.00488214
v -0.01971131 0.00424480 0.00004964
v -0.01971309 0.00397128 0.00142840
v -0.01970403 0.00439816 0.00572297
v -0.01972662 0.00394344 -0.00207051
v -0.01971690 0.00401589 0.00339679
v -0.01952263 0.00501102 0.00695646
v -0.01945743 0.00566486 0.00615943
v -0.01947129 0.00559992 0.00667128
v -0.01941172 -0.00568297 -0.00556456
v -0.01932228 -0.00581786 -0.00393224
v -0.01945139 -0.00535233 -0.00108113
v -0.01937764 -0.00568700 0.00131617
v -0.01925093 -0.00598057 0.00478561
v -0.01924353 -0.00618768 0.00583826
v -0.01959534 -0.00495844 0.00580733
v -0.01941009 -0.00515968 -0.00586735
v -0.01935183 -0.00563178 0.00634048
v -0.01942524 -0.00399422 0.00675935
v -0.01908119 -0.00399330 -0.00627475
v -0.01940783 -0.00186433 0.00705612
v -0.01941434 -0.00162444 -0.00624927
v -0.01943097 0.00100102 0.00737410
v -0.01935426 0.00117294 -0.00621952
v -0.01920109 0.00317344 0.00745392
v -0.01933724 0.00419568 0.00732276
v -0.01917896 0.00558661 -0.00553950
v -0.01963575 0.00474794 -0.00485646
v -0.01954783 0.00525888 -0.00009412
v -0.01957952 0.00495721 0.00178609
v -0.01957957 0.00491784 0.00422634
v -0.01938107 0.00562429 -0.00505475
v -0.01928493 0.00610846 -0.00164897
v -0.01934704 0.00577586 0.00470131
v -0.01918537 0.00638317 -0.00456696
v -0.01934238 0.00600690 0.00094152
v -0.01893404 -0.00702274 -0.00535505
v -0.01881617 -0.00746957 -0.00495032
v -0.01903729 -0.00660142 -0.00395955
v -0.01881585 -0.00753668 0.00565650
v -0.01909032 -0.00588657 -0.00598752
v -0.01900852 -0.00664614 -0.00100552
v -0.01902744 -0.00654063 0.00314396
v -0.01903614 -0.00597594 0.00666079
v -0.01905699 -0.00529014 -0.00624981
v -0.01870317 -0.00531690 0.00700682
v -0.01888686 -0.00398747 0.00698893
v -0.01886017 -0.00275289 -0.00640546
v -0.01886402 -0.00276094 0.00700275
v -0.01851720 -0.00137151 0.00712630
v -0.01902000 -0.00001631 0.00729290
v -0.01877202 0.00170158 0.00739323
v -0.01894036 0.00284400 -0.00620676
v -0.01852163 0.00554251 -0.00603772
v -0.01905663 0.00551121 0.00737610
v -0.01882324 0.00554490 -0.00588749
v -0.01891173 0.00694964 -0.00521242
v -0.01903488 0.00666058 0.00472095
v -0.01899593 0.00683796 0.00697436
v -0.01888598 0.00728933 -0.00289541
v -0.01886787 0.00737487 0.00118502
v -0.01903912 0.00665311 0.00199788
v -0.01882998 0.00758957 0.00657687
v -0.01870914 -0.00738344 -0.00592724
v -0.01825910 -0.00858584 -0.00385774
v -0.01839988 -0.00825385 0.00467338
v -0.01872620 -0.00755411 0.00616813
v -0.01888247 -0.00718105 -0.00262798
v -0.01875272 -0.00745266 -0.00164342
v -0.01818238 -0.00870150 -0.00064387
v -0.01887721 -0.00718333 0.00164840
v -0.01887573 -0.00718310 0.00434016
v -0.01837150 -0.00738383 0.00669326
v -0.01850410 -0.00663501 -0.00631642
v -0.01851650 -0.00531152 -0.00647348
v -0.01848150 0.00135923 -0.00633381
v -0.01818321 0.00006179 0.00718456
v -0.01818967 0.00286131 0.00734567
v -0.01851881 0.00509609 0.00754222
v -0.01836101 0.00716218 0.00751803
v -0.01852822 0.00750359 0.00731536
v -0.01869384 0.00711692 -0.00556960
v -0.01857204 0.00807414 -0.00487557
v -0.01854845 0.00811513 0.00698079
v -0.01857254 0.00817066 0.00118807
v -0.01834866 0.00881294 0.00650386
v -0.01820582 -0.00857094 -0.00553102
v -0.01821376 -0.00881828 0.00551419
v -0.01838919 -0.00810272 -0.00146905
v -0.01835576 -0.00823102 0.00133338
v -0.01819743 -0.00840087 0.00635929
v -0.01835869 -0.00766456 -0.00632428
v -0.01786965 -0.00771655 -0.00656306
v -0.01809741 -0.00607786 0.00695781
v -0.01741410 -0.00504798 0.00694266
v -0.01771358 -0.00341440 -0.00647048
v -0.01756451 -0.00088861 -0.00644749
v -0.01836168 -0.00122555 -0.00385296
v -0.01838294 -0.00124109 -0.00046777
v -0.01829955 -0.00150613 -0.00177480
v -0.01843255 -0.00069520 -0.00366147
v -0.01849769 -0.00079378 -0.00157235
v -0.01839970 -0.00089713 0.00004936
v -0.01836888 -0.00036517 -0.00421245
v -0.01835464 -0.00073922 0.00301226
v -0.01836007 -0.00036830 0.00361848
v -0.01837041 0.00040478 -0.00392677
v -0.01837760 0.00136075 -0.00318456
v -0.01849062 0.00040035 0.00016049
v -0.01844960 -0.00021678 0.00307759
v -0.01836854 0.00116694 0.00240338
v -0.01843693 0.00125674 -0.00198144
v -0.01845460 0.00100238 0.00081980
v -0.01829588 0.00128991 -0.00366896
v -0.01839522 0.00153244 -0.00046979
v -0.01833511 0.00180051 -0.00213055
v -0.01766552 0.00288098 -0.00629479
v -0.01837806 0.00409741 -0.00622696
v -0.01808084 0.00702896 0.00763545
v -0.01799950 0.00764722 -0.00587955
v -0.01823582 0.00832091 -0.00559988
v -0.01804035 0.00938409 -0.00383086
v -0.01803917 0.00938347 -0.00247592
v -0.01826679 0.00906336 -0.00507084
v -0.01825849 0.00887790 -0.00065173
v -0.01762776 0.01006088 0.00310854
v -0.01797869 0.00944024 0.00478617
v -0.01802429 -0.00918386 -0.00220985
v -0.01802745 -0.00915940 -0.00016245
v -0.01788371 -0.00939305 0.00314662
v -0.01759430 -0.00990668 0.00589388
v -0.01800819 -0.00876926 -0.00569398
v -0.01769848 -0.00870621 -0.00624117
v -0.01728125 -0.00933409 0.00656662
v -0.01723722 -0.00852002 -0.00656386
v -0.01767178 -0.00778443 0.00681117
v -0.01749896 -0.00726544 -0.00664367
v -0.01716123 -0.00479995 -0.00642119
v -0.01786035 -0.00232024 0.00689423
v -0.01801188 -0.00156355 -0.00350813
v -0.01772005 -0.00197543 -0.00213488
v -0.01770113 -0.00187636 -0.00022988
v -0.01766384 -0.00126293 -0.00387559
v -0.01801094 -0.00121902 0.00021981
v -0.01802233 -0.00091498 -0.00421369
v -0.01793834 -0.00123130 0.00295452
v -0.01801731 -0.00088294 0.00362041
v -0.01800800 0.00010837 -0.00419578
v -0.01800399 0.00050367 0.00363844
v -0.01799082 0.00123528 -0.00384180
v -0.01805027 0.00081899 0.00332659
v -0.01791399 0.00180509 0.00296985
v -0.01695648 0.00124102 0.00732226
v -0.01755777 0.00085174 -0.00621761
v -0.01775016 0.00194949 -0.00303979
v -0.01794872 0.00172984 0.00187102
v -0.01811739 0.00190481 -0.00274352
v -0.01800441 0.00218633 -0.00080062
v -0.01797142 0.00181950 -0.00012120
v -0.01787539 0.00268809 -0.00233313
v -0.01755100 0.00428183 0.00732969
v -0.01762797 0.00564974 0.00760919
v -0.01792486 0.00640909 -0.00608855
v -0.01751477 0.00755876 -0.00604076
v -0.01779803 0.00915785 0.00736944
v -0.01780371 0.00984389 0.00665359
v -0.01782714 0.00954051 -0.00559689
v -0.01790604 0.00961087 0.00006722
v -0.01762667 0.01016238 0.00604317
v -0.01802222 0.00964230 -0.00499601
v -0.01740670 -0.01045661 -0.00513423
v -0.01765687 -0.00984811 -0.00397213
v -0.01767791 -0.00976345 -0.00122057
v -0.01763989 -0.00987817 0.00143630
v -0.01737599 -0.01050499 0.00466670
v -0.01704176 -0.01045578 0.00632872
v -0.01768519 -0.00464427 -0.00215495
v -0.01770190 -0.00429459 -0.00285363
v -0.01778763 -0.00411640 -0.00066976
v -0.01753515 -0.00459817 -0.00016939
v -0.01758099 -0.00428677 0.00053943
v -0.01764718 -0.00421317 0.00204934
v -0.01770859 -0.00432528 0.00293197
v -0.01771525 -0.00380487 -0.00204665
v -0.01785167 -0.00285621 0.00252694
v -0.01746304 -0.00309231 -0.00210892
v -0.01766830 -0.00326975 -0.00046790
v -0.01765160 -0.00310377 0.00182825
v -0.01783003 -0.00345423 0.00419741
v -0.01766019 -0.00355558 0.00461291
v -0.01772219 -0.00324508 0.00465990
v -0.01776809 -0.00197915 0.00110910
v -0.01791163 -0.00227625 0.00314931
v -0.01768069 -0.00252133 0.00431376
v -0.01765598 -0.00185582 -0.00283415
v -0.01768577 -0.00172932 0.00347674
v -0.01692178 -0.00171890 0.00700256
v -0.01761298 -0.00156887 -0.00333527
v -0.01772162 -0.00121721 0.00331266
v -0.01765450 -0.00053243 0.00362235
v -0.01764696 -0.00008980 -0.00385771
v -0.01724758 -0.00037441 0.00719450
v -0.01733874 0.00014101 -0.00638044
v -0.01766709 0.00151250 -0.00351088
v -0.01750223 0.00143524 0.00331937
v -0.01769129 0.00181650 0.00380070
v -0.01774988 0.00218464 0.00122681
v -0.01795366 0.00252495 0.00428828
v -0.01767921 0.00218557 0.00463153
v -0.01758759 0.00269401 -0.00303970
v -0.01777635 0.00291521 0.00039027
v -0.01788275 0.00317197 0.00404312
v -0.01783401 0.00271691 0.00463059
v -0.01766547 0.00297291 0.00471616
v -0.01780806 0.00313763 -0.00243226
v -0.01787027 0.00321564 -0.00046050
v -0.01781403 0.00422697 0.00071129
v -0.01770858 0.00344703 0.00451334
v -0.01782795 0.00405584 -0.00283669
v -0.01789620 0.00406495 -0.00163372
v -0.01777824 0.00423648 0.00260601
v -0.01766623 0.00410731 -0.00390430
v -0.01770876 0.00416405 0.00349873
v -0.01771405 0.00462363 -0.00390031
v -0.01773603 0.00458844 -0.00286303
v -0.01768648 0.00459527 -0.00130819
v -0.01769584 0.00461566 0.00123028
v -0.01766199 0.00443781 0.00200869
v -0.01746035 0.00477952 -0.00229365
v -0.01718284 0.00526105 -0.00611232
v -0.01746121 0.00753739 0.00765739
v -0.01748261 0.00861491 0.00765920
v -0.01753410 0.00930826 -0.00590651
v -0.01736541 0.01043424 -0.00085742
v -0.01738531 0.01046621 -0.00490680
v -0.01734345 -0.01029159 -0.00606316
v -0.01734924 -0.01064035 -0.00342004
v -0.01735082 -0.01055769 0.00009800
v -0.01684970 -0.01126710 0.00295427
v -0.01649746 -0.00830213 0.00670017
v -0.01660930 -0.00665109 -0.00653582
v -0.01682008 -0.00693114 0.00671933
v -0.01735216 -0.00443346 -0.00317288
v -0.01712521 -0.00480435 -0.00179586
v -0.01733370 -0.00460999 0.00232688
v -0.01741458 -0.00431009 -0.00382282
v -0.01717910 -0.00440208 0.00312029
v -0.01721630 -0.00400145 -0.00391122
v -0.01726658 -0.00403979 0.00368346
v -0.01730886 -0.00395700 0.00429374
v -0.01732163 -0.00324520 -0.00383775
v -0.01728559 -0.00363128 0.00466093
v -0.01665024 -0.00412257 0.00697344
v -0.01757011 -0.00284165 0.00016640
v -0.01728883 -0.00325302 0.00466792
v -0.01727735 -0.00276499 -0.00285352
v -0.01731773 -0.00264732 0.00430056
v -0.01742915 -0.00240562 -0.00249802
v -0.01745496 -0.00258488 -0.00129660
v -0.01739254 -0.00199353 -0.00266727
v -0.01732261 -0.00177610 0.00351560
v -0.01725315 -0.00171509 -0.00232963
v -0.01740885 -0.00087698 0.00323714
v -0.01729414 -0.00049474 -0.00157870
v -0.01721255 0.00036463 0.00306655
v -0.01750323 0.00170043 -0.00300368
v -0.01730634 0.00156673 -0.00233928
v -0.01646127 0.00204276 -0.00628273
v -0.01733885 0.00194428 0.00360958
v -0.01732086 0.00217539 -0.00290314
v -0.01733211 0.00236294 0.00444335
v -0.01699301 0.00295681 0.00743215
v -0.01728602 0.00304601 0.00468422
v -0.01633848 0.00406265 -0.00628983
v -0.01740318 0.00359611 -0.00371212
v -0.01736448 0.00371252 0.00452069
v -0.01712775 0.00462223 0.00424989
v -0.01673720 0.00441776 0.00745410
v -0.01726212 0.00422375 -0.00388958
v -0.01730534 0.00461315 -0.00317019
v -0.01737478 0.00467388 0.00185560
v -0.01727065 0.00488125 0.00281092
v -0.01723988 0.00485462 -0.00053762
v -0.01665214 0.00679125 -0.00606247
v -0.01730682 0.00896929 -0.00602296
v -0.01699269 0.01037688 -0.00555626
v -0.01697919 0.01127231 -0.00369141
v -0.01712164 0.01102385 -0.00218897
v -0.01733574 0.01039091 0.00259211
v -0.01701613 0.01114017 0.00691732
v -0.01670986 -0.01122870 -0.00571328
v -0.01674679 -0.01138479 -0.00351365
v -0.01667785 -0.01145602 -0.00163861
v -0.01666458 -0.01147035 0.00393253
v -0.01648553 -0.01182556 0.00566387
v -0.01657423 -0.01145765 0.00601919
v -0.01678204 -0.01046136 -0.00656382
v -0.01681729 -0.01034038 0.00650246
v -0.01665121 -0.00958299 -0.00680550
v -0.01619922 -0.00991748 0.00661091
v -0.01646348 -0.00713846 -0.00664111
v -0.01699466 -0.00499530 -0.00046446
v -0.01695045 -0.00469980 -0.00248719
v -0.01695074 -0.00493316 0.00191509
v -0.01690657 -0.00473958 0.00268886
v -0.01699295 -0.00434325 -0.00324107
v -0.01702778 -0.00398892 -0.00348874
v -0.01693346 -0.00374193 0.00317969
v -0.01693545 -0.00403261 -0.00136662
v -0.01676911 -0.00370360 -0.00017265
v -0.01697519 -0.00365282 0.00398092
v -0.01721557 -0.00309391 -0.00140570
v -0.01696744 -0.00289661 -0.00012642
v -0.01697640 -0.00224824 0.00359626
v -0.01715392 -0.00202796 -0.00113475
v -0.01699776 -0.00152998 -0.00026931
v -0.01614019 -0.00224199 -0.00653287
v -0.01696013 -0.00183405 0.00273616
v -0.01717477 -0.00070454 -0.00079730
v -0.01692938 -0.00078745 0.00148902
v -0.01716115 -0.00075681 0.00284342
v -0.01696661 0.00013260 -0.00031914
v -0.01697925 0.00014439 0.00242821
v -0.01719644 0.00116233 -0.00130011
v -0.01706406 0.00157994 0.00287731
v -0.01634337 0.00086279 -0.00629368
v -0.01699976 0.00151506 0.00192547
v -0.01695464 0.00106073 -0.00011639
v -0.01708054 0.00244379 -0.00240245
v -0.01701162 0.00217989 -0.00100510
v -0.01693855 0.00216915 0.00262061
v -0.01694960 0.00286195 0.00430665
v -0.01701599 0.00320204 -0.00266145
v -0.01710751 0.00336458 -0.00147693
v -0.01699357 0.00296424 -0.00019505
v -0.01710900 0.00390252 -0.00361986
v -0.01696946 0.00366872 0.00433875
v -0.01670610 0.00373764 0.00060291
v -0.01698450 0.00425990 -0.00297087
v -0.01691926 0.00460888 -0.00142707
v -0.01685262 0.00417803 -0.00100209
v -0.01697259 0.00465065 0.00431734
v -0.01699430 0.00492452 -0.00215260
v -0.01696401 0.00483931 -0.00105801
v -0.01697461 0.00523140 0.00105785
v -0.01727375 0.00559755 0.00430482
v -0.01698105 0.00525223 0.00465101
v -0.01697411 0.00554626 -0.00066672
v -0.01722573 0.00577172 0.00361508
v -0.01696467 0.00564282 0.00055623
v -0.01693220 0.00590720 0.00243394
v -0.01704288 0.00591269 0.00472090
v -0.01713032 0.00612569 0.00428565
v -0.01683208 0.00665199 0.00393639
v -0.01683768 0.00641829 0.00449037
v -0.01541264 0.00696051 -0.00619075
v -0.01648780 0.00815646 0.00761226
v -0.01660371 0.01009763 -0.00582194
v -0.01664067 0.01137633 0.00734608
v -0.01703169 0.01113942 -0.00503261
v -0.01699939 0.01117956 0.00182260
v -0.01692901 0.01134584 0.00485976
v -0.01636324 -0.01202847 -0.00029169
v -0.01634564 -0.01216402 0.00528686
v -0.01647092 -0.01148614 -0.00613447
v -0.01615600 -0.01072836 -0.00683681
v -0.01621920 -0.00863653 -0.00675846
v -0.01571725 -0.00680867 0.00681118
v -0.01507285 -0.00515324 -0.00655530
v -0.01652215 -0.00532616 -0.00026327
v -0.01671860 -0.00516581 -0.00113535
v -0.01660551 -0.00548294 0.00066680
v -0.01667629 -0.00540843 0.00180577
v -0.01655729 -0.00534354 0.00259375
v -0.01671853 -0.00466378 -0.00129772
v -0.01666384 -0.00491539 0.00292377
v -0.01567983 -0.00450140 -0.00649983
v -0.01657138 -0.00410907 0.00248891
v -0.01675209 -0.00189502 0.00161274
v -0.01692009 -0.00275137 0.00309621
v -0.01648504 -0.00258639 0.00691138
v -0.01665006 -0.00224172 0.00225294
v -0.01630426 -0.00325465 0.00156394
v -0.01660738 -0.00104489 0.00699148
v -0.01693396 0.00065337 0.00081285
v -0.01687789 0.00168411 0.00141544
v -0.01679256 0.00275898 0.00119579
v -0.01664021 0.00249275 0.00195263
v -0.01663950 0.00326104 0.00265875
v -0.01689665 0.00334145 0.00327516
v -0.01630724 0.00388262 0.00224218
v -0.01689674 0.00440874 0.00362079
v -0.01663864 0.00480427 0.00341580
v -0.01664091 0.00473541 -0.00097297
v -0.01663351 0.00554868 -0.00164374
v -0.01633789 0.00527534 0.00339551
v -0.01577793 0.00731534 0.00761899
v -0.01666031 0.00595600 -0.00183659
v -0.01672572 0.00601542 0.00056046
v -0.01661379 0.00594384 0.00430626
v -0.01658302 0.00624526 0.00168458
v -0.01666990 0.00655416 0.00255960
v -0.01664189 0.00690554 0.00462856
v -0.01666618 0.00733740 0.00220813
v -0.01666289 0.00735409 0.00448103
v -0.01621889 0.01017070 0.00770583
v -0.01546702 0.01001919 -0.00600902
v -0.01664406 0.01138814 -0.00555877
v -0.01661544 0.01181485 -0.00095719
v -0.01654942 0.01203391 -0.00461325
v -0.01651180 0.01193781 -0.00358432
v -0.01644214 0.01212991 0.00665096
v -0.01608258 -0.01240940 0.00360197
v -0.01631708 -0.01204374 -0.00559794
v -0.01593617 -0.01248169 -0.00432271
v -0.01627985 -0.01211165 0.00116117
v -0.01613089 -0.01166164 -0.00658829
v -0.01522403 -0.01235112 0.00635229
v -0.01633820 -0.00736167 -0.00028450
v -0.01620384 -0.00721547 -0.00085725
v -0.01634320 -0.00665003 0.00046497
v -0.01606666 -0.00727466 0.00028112
v -0.01628052 -0.00654577 -0.00020418
v -0.01632420 -0.00668651 0.00164690
v -0.01628475 -0.00567385 0.00061290
v -0.01618040 -0.00597364 0.00088145
v -0.01628087 -0.00592492 0.00175677
v -0.01605561 -0.00586129 0.00203893
v -0.01591373 -0.00540726 0.00197215
v -0.01630310 -0.00505533 0.00028218
v -0.01630947 -0.00496676 0.00224594
v -0.01614142 -0.00430692 0.00690940
v -0.01626729 -0.00415250 0.00151235
v -0.01629662 -0.00322343 0.00197103
v -0.01618606 -0.00179394 0.00666518
v -0.01512013 -0.00028144 -0.00646392
v -0.01629093 0.00134632 0.00699826
v -0.01631734 0.00336344 0.00735147
v -0.01629290 0.00417512 0.00276391
v -0.01634302 0.00525061 0.00079976
v -0.01606829 0.00500670 0.00742278
v -0.01645927 0.00542973 -0.00067226
v -0.01616926 0.00594543 0.00137786
v -0.01640912 0.00597124 0.00048964
v -0.01633470 0.00653924 0.00397764
v -0.01633103 0.00642737 0.00146605
v -0.01593549 0.00679614 0.00095940
v -0.01630745 0.00730829 0.00462919
v -0.01621840 0.00730415 0.00105333
v -0.01631500 0.00764979 0.00191284
v -0.01631755 0.00768657 0.00429256
v -0.01556605 0.00826422 -0.00615130
v -0.01605550 0.01117529 -0.00583061
v -0.01572230 0.01216422 -0.00566732
v -0.01580276 0.01300056 -0.00004460
v -0.01575558 0.01299974 0.00537267
v -0.01586419 0.01285893 0.00698931
v -0.01596396 0.01274172 -0.00469804
v -0.01547811 0.01331125 0.00335386
v -0.01565022 -0.01283307 -0.00105325
v -0.01555540 -0.01302989 -0.00014340
v -0.01557562 -0.01264072 -0.00638377
v -0.01544760 -0.01296204 0.00598642
v -0.01574889 -0.00797331 -0.00019378
v -0.01575299 -0.00804279 -0.00153285
v -0.01602118 -0.00705637 -0.00152021
v -0.01563106 -0.00767938 0.00053959
v -0.01567982 -0.00737131 0.00172357
v -0.01597798 -0.00666102 -0.00111292
v -0.01603111 -0.00657654 0.00196746
v -0.01600880 -0.00634357 -0.00026005
v -0.01595145 -0.00606461 0.00039241
v -0.01599038 -0.00558782 0.00083128
v -0.01606485 -0.00479280 0.00124456
v -0.01595522 -0.00498833 0.00187331
v -0.01599685 -0.00173050 0.00631672
v -0.01599463 -0.00157027 -0.00321081
v -0.01596973 -0.00195260 -0.00241511
v -0.01597599 -0.00052595 -0.00252201
v -0.01595818 -0.00104961 -0.00112229
v -0.01597089 -0.00053732 0.00564185
v -0.01598012 0.00031096 -0.00081076
v -0.01601050 0.00175226 0.00648226
v -0.01596939 0.00082614 -0.00278479
v -0.01597924 0.00211122 -0.00224109
v -0.01597125 0.00117135 0.00563889
v -0.01592394 0.00183257 -0.00298473
v -0.01593299 0.00322800 0.00700402
v -0.01553149 0.00535181 -0.00625180
v -0.01612660 0.00588848 0.00286710
v -0.01594743 0.00621425 0.00159456
v -0.01595381 0.00699789 0.00040892
v -0.01602614 0.00727791 0.00402406
v -0.01587308 0.00749184 0.00092747
v -0.01568853 0.00794265 0.00374606
v -0.01599427 0.00776078 0.00194049
v -0.01588193 0.00799170 0.00353400
v -0.01593157 0.00867205 0.00313680
v -0.01596568 0.00867055 0.00462225
v -0.01461657 0.00901777 0.00768129
v -0.01494418 0.01101162 0.00765563
v -0.01492762 0.01307998 0.00766977
v -0.01575936 0.01293065 -0.00522538
v -0.01597328 0.01260902 -0.00343366
v -0.01574048 0.01294289 0.00120366
v -0.01562677 0.01336118 0.00652102
v -0.01562499 -0.01282015 -0.00553657
v -0.01564808 -0.01283939 0.00105328
v -0.01527985 -0.01333251 0.00407894
v -0.01529043 -0.01345849 0.00528971
v -0.01520169 -0.01212452 -0.00697873
v -0.01516087 -0.01180071 0.00638827
v -0.01542167 -0.01097480 -0.00698105
v -0.01478370 -0.01036799 0.00630360
v -0.01561616 -0.00876396 -0.00264701
v -0.01562183 -0.00905108 -0.00198872
v -0.01566871 -0.00878091 -0.00089213
v -0.01575485 -0.00855259 0.00042372
v -0.01564268 -0.00906754 -0.00013134
v -0.01570209 -0.00879147 0.00081439
v -0.01584736 -0.00855194 0.00194881
v -0.01548065 -0.00899031 0.00144685
v -0.01550388 -0.00894833 0.00211380
v -0.01563100 -0.00849361 0.00262045
v -0.01568950 -0.00832558 -0.00251098
v -0.01405760 -0.00861967 -0.00698186
v -0.01547866 -0.00820877 -0.00191562
v -0.01566480 -0.00769691 0.00192652
v -0.01567178 -0.00802277 0.00261888
v -0.01558969 -0.00782409 -0.00150473
v -0.01564711 -0.00740302 -0.00135641
v -0.01563583 -0.00674355 0.00193300
v -0.01561235 -0.00649773 0.00022049
v -0.01558851 -0.00622338 0.00115781
v -0.01574801 -0.00550047 0.00158108
v -0.01528842 -0.00617300 0.00666367
v -0.01537695 -0.00532093 0.00662567
v -0.01539262 -0.00439659 0.00620841
v -0.01479883 -0.00320059 -0.00651954
v -0.01554362 -0.00323112 0.00584558
v -0.01568374 -0.00280088 -0.00334200
v -0.01554651 -0.00324322 -0.00214029
v -0.01561047 -0.00237774 -0.00411592
v -0.01550816 -0.00283847 -0.00104081
v -0.01530470 -0.00259043 0.00426719
v -0.01562156 -0.00187066 -0.00046192
v -0.01571833 -0.00096895 -0.00385699
v -0.01542970 -0.00132957 -0.00003571
v -0.01561512 0.00058071 -0.00013422
v -0.01547036 0.00014545 -0.00412262
v -0.01569668 0.00118332 -0.00385531
v -0.01508214 0.00173974 -0.00638358
v -0.01565454 0.00220049 -0.00042550
v -0.01528417 0.00123344 0.00410054
v -0.01561663 0.00320311 0.00566084
v -0.01524732 0.00251590 -0.00620222
v -0.01563783 0.00250611 -0.00382158
v -0.01553105 0.00298311 -0.00077924
v -0.01580032 0.00254405 -0.00248279
v -0.01533337 0.00491887 0.00643407
v -0.01548791 0.00372186 -0.00282374
v -0.01548572 0.00512876 0.00702586
v -0.01540579 0.00640763 0.00740564
v -0.01562492 0.00660660 0.00266898
v -0.01561270 0.00656929 0.00191662
v -0.01563781 0.00743715 0.00100390
v -0.01537897 0.00809846 0.00363146
v -0.01563358 0.00802714 0.00185756
v -0.01569619 0.00860984 0.00434869
v -0.01547516 0.00861922 0.00144817
v -0.01568529 0.00899881 0.00247465
v -0.01550138 0.00937517 0.00327337
v -0.01561564 0.00907982 0.00398451
v -0.01485864 0.01236515 0.00772220
v -0.01529306 0.01344602 -0.00553515
v -0.01532006 0.01358447 -0.00345871
v -0.01529917 0.01372590 0.00026235
v -0.01528903 0.01379713 -0.00486157
v -0.01497555 -0.01364824 -0.00593308
v -0.01491356 -0.01381659 -0.00131485
v -0.01493291 -0.01378669 0.00231808
v -0.01510838 -0.00962617 -0.00689211
v -0.01533977 -0.00913310 -0.00293072
v -0.01494862 -0.00940290 -0.00180980
v -0.01537003 -0.00910804 -0.00093951
v -0.01478050 -0.00937508 0.00163476
v -0.01532899 -0.00871763 -0.00363059
v -0.01527196 -0.00875940 0.00263595
v -0.01417878 -0.01006527 0.00648219
v -0.01526575 -0.00867222 -0.00300181
v -0.01517041 -0.00810140 -0.00055391
v -0.01530406 -0.00799974 0.00262693
v -0.01431275 -0.00919298 0.00658916
v -0.01532320 -0.00730698 -0.00002573
v -0.01524590 -0.00733198 0.00193246
v -0.01524489 -0.00695478 0.00159308
v -0.01452785 -0.00800711 0.00656962
v -0.01531781 -0.00466456 -0.00317473
v -0.01533440 -0.00462126 -0.00245831
v -0.01530611 -0.00429985 -0.00386957
v -0.01530696 -0.00430852 -0.00112100
v -0.01527764 -0.00373146 -0.00412495
v -0.01530841 -0.00328131 0.00460404
v -0.01534957 -0.00230876 -0.00010233
v -0.01498783 -0.00257235 -0.00420640
v -0.01529817 -0.00111552 -0.00418546
v -0.01525364 -0.00053687 0.00400564
v -0.01530507 -0.00036190 -0.00410284
v -0.01531943 0.00067831 0.00025713
v -0.01528291 0.00100574 -0.00415743
v -0.01525641 0.00209459 0.00024072
v -0.01528710 0.00287888 -0.00419214
v -0.01533804 0.00300019 0.00002277
v -0.01528616 0.00346655 -0.00393336
v -0.01508377 0.00368483 0.00445285
v -0.01531135 0.00493299 -0.00283671
v -0.01529493 0.00421559 -0.00015154
v -0.01531162 0.00495752 -0.00112770
v -0.01515338 0.00439725 0.00502419
v -0.01529592 0.00481439 0.00578214
v -0.01485509 0.00625176 0.00656694
v -0.01526057 0.00744620 0.00226749
v -0.01528441 0.00761743 0.00153021
v -0.01513211 0.00767005 0.00757352
v -0.01530236 0.00832811 0.00054999
v -0.01527922 0.00884302 0.00011488
v -0.01539762 0.00894031 0.00390562
v -0.01518515 0.00904214 0.00061007
v -0.01519291 0.00959629 0.00167787
v -0.01532695 0.00933528 0.00402755
v -0.01529129 0.01007751 0.00253616
v -0.01523718 0.00974259 0.00474120
v -0.01532352 0.01007728 0.00464589
v -0.01510517 0.01182749 -0.00586445
v -0.01517607 0.01372074 0.00183352
v -0.01506146 0.01363745 0.00729656
v -0.01492404 0.01410255 0.00546861
v -0.01529617 0.01377280 0.00666458
v -0.01495125 -0.01349465 -0.00655618
v -0.01460958 -0.01347874 -0.00690529
v -0.01418535 -0.01372322 0.00622144
v -0.01492431 -0.00944641 -0.00248096
v -0.01494389 -0.00945337 -0.00046954
v -0.01492462 -0.00903147 -0.00285823
v -0.01491480 -0.00913800 -0.00113053
v -0.01457950 -0.00909809 0.00193776
v -0.01486760 -0.00871199 -0.00059461
v -0.01493474 -0.00801516 0.00232421
v -0.01459046 -0.00802242 0.00089410
v -0.01426594 -0.00654237 -0.00687702
v -0.01495025 -0.00764943 0.00200118
v -0.01481439 -0.00624168 0.00622372
v -0.01496943 -0.00497171 -0.00390942
v -0.01496017 -0.00535563 0.00598728
v -0.01462607 -0.00577978 0.00468404
v -0.01480213 -0.00441820 -0.00414503
v -0.01467806 -0.00564897 -0.00091664
v -0.01494845 -0.00367463 -0.00415449
v -0.01494752 -0.00393202 -0.00011352
v -0.01411083 -0.00334141 0.00274413
v -0.01494251 -0.00247231 0.00368282
v -0.01502526 -0.00188726 0.00022114
v -0.01486450 -0.00156899 -0.00386565
v -0.01494343 -0.00054297 -0.00385344
v -0.01391517 0.00040495 0.00238511
v -0.01486922 0.00158687 -0.00391969
v -0.01498088 0.00170937 0.00377053
v -0.01503880 0.00253643 -0.00417091
v -0.01485752 0.00263611 0.00054328
v -0.01497549 0.00354827 -0.00403474
v -0.01499614 0.00389350 0.00061309
v -0.01462232 0.00557687 0.00057233
v -0.01497241 0.00516213 -0.00384498
v -0.01475838 0.00508918 -0.00399215
v -0.01478831 0.00597206 0.00545714
v -0.01476523 0.00610306 -0.00299727
v -0.01437711 0.00610866 -0.00625062
v -0.01477680 0.00709370 0.00715627
v -0.01495063 0.00831457 0.00109289
v -0.01472920 0.00856065 0.00239015
v -0.01485444 0.00865402 0.00301053
v -0.01494569 0.00866796 0.00055473
v -0.01497769 0.00899017 0.00037097
v -0.01493211 0.00966409 -0.00081136
v -0.01509186 0.00968741 0.00023254
v -0.01491849 0.00966127 0.00428288
v -0.01494645 0.01002416 0.00005147
v -0.01493664 0.01002414 0.00157151
v -0.01482174 0.01020189 0.00463206
v -0.01358220 0.01109681 0.00766339
v -0.01466168 0.01079845 0.00380015
v -0.01496144 0.01037768 0.00469754
v -0.01458601 0.01270271 -0.00596415
v -0.01479943 0.01317028 -0.00588841
v -0.01469817 0.01392678 -0.00532254
v -0.01442354 0.01427342 -0.00486524
v -0.01443183 0.01428526 -0.00253498
v -0.01457118 0.01426369 -0.00001601
v -0.01423843 0.01477686 0.00656051
v -0.01411888 -0.01406533 -0.00672201
v -0.01439315 -0.01418353 -0.00563774
v -0.01393706 -0.01477622 -0.00424858
v -0.01388169 -0.01480725 -0.00113739
v -0.01401245 -0.01472801 0.00334965
v -0.01429339 -0.01452436 0.00445060
v -0.01397037 -0.01482676 0.00530651
v -0.01392684 -0.01307072 -0.00719336
v -0.01426823 -0.01162060 0.00623708
v -0.01453713 -0.01042609 -0.00051966
v -0.01460314 -0.01042991 0.00072933
v -0.01467596 -0.00991788 0.00016957
v -0.01460897 -0.00990895 -0.00048631
v -0.01463215 -0.00973950 0.00161490
v -0.01459960 -0.00922082 -0.00063366
v -0.01439210 -0.00853145 0.00089450
v -0.01454312 -0.00856112 0.00162125
v -0.01457858 -0.00629843 0.00536891
v -0.01438983 -0.00639518 -0.00376150
v -0.01441624 -0.00666023 -0.00249076
v -0.01465497 -0.00510449 -0.00421341
v -0.01461460 -0.00463138 -0.00007449
v -0.01461047 -0.00445545 0.00378964
v -0.01461817 -0.00325957 0.00014300
v -0.01445646 -0.00385697 -0.00389802
v -0.01460261 -0.00258498 -0.00385012
v -0.01386792 -0.00271684 0.00236583
v -0.01459299 -0.00157337 -0.00329711
v -0.01413689 -0.00250614 0.00030143
v -0.01404414 -0.00106880 0.00051733
v -0.01456232 0.00171238 -0.00352626
v -0.01460857 0.00311713 -0.00391493
v -0.01414108 0.00219246 -0.00648071
v -0.01462764 0.00441442 0.00067936
v -0.01462957 0.00424291 0.00393070
v -0.01444399 0.00479664 -0.00400393
v -0.01274254 0.00564862 -0.00626138
v -0.01461671 0.00530278 0.00445040
v -0.01463460 0.00595349 -0.00388202
v -0.01459622 0.00660655 -0.00112047
v -0.01445726 0.00690734 0.00576947
v -0.01463346 0.00665240 -0.00282512
v -0.01401509 0.00781645 -0.00616810
v -0.01413500 0.00899193 0.00748114
v -0.01410517 0.00929368 0.00207591
v -0.01458407 0.00935799 0.00055052
v -0.01462044 0.00958248 0.00343546
v -0.01458959 0.00967991 -0.00026872
v -0.01460220 0.01002201 -0.00059258
v -0.01449579 0.01020086 0.00420446
v -0.01346239 0.01105488 -0.00615639
v -0.01452364 0.01036678 0.00003310
v -0.01422354 0.01052508 0.00106494
v -0.01438020 0.01084835 0.00242899
v -0.01462289 0.01072487 0.00445609
v -0.01388924 0.01218685 -0.00591880
v -0.01440993 0.01371633 -0.00566407
v -0.01392292 0.01412551 0.00767549
v -0.01393674 0.01486166 0.00359406
v -0.01356808 -0.01516374 0.00562632
v -0.01383917 -0.01459420 0.00599872
v -0.01348311 -0.01368987 0.00630897
v -0.01351490 -0.01139645 -0.00693352
v -0.01422291 -0.01071812 -0.00129566
v -0.01432057 -0.01081898 -0.00046983
v -0.01428651 -0.01078743 0.00088433
v -0.01430719 -0.01076980 0.00206761
v -0.01427657 -0.01050217 -0.00396833
v -0.01434993 -0.01040695 -0.00307655
v -0.01433241 -0.01038715 -0.00145754
v -0.01425364 -0.01052711 -0.00202234
v -0.01453774 -0.01044649 0.00186218
v -0.01427398 -0.01025035 0.00226932
v -0.01427047 -0.01009003 -0.00418882
v -0.01426824 -0.01003910 -0.00315444
v -0.01423120 -0.01027901 -0.00266639
v -0.01416586 -0.01035062 -0.00161504
v -0.01430945 -0.00958269 -0.00060990
v -0.01434319 -0.00939942 0.00176456
v -0.01411960 -0.00946724 -0.00001531
v -0.01421469 -0.00893712 0.00125459
v -0.01418167 -0.00780570 0.00615697
v -0.01395218 -0.00738345 -0.00147253
v -0.01414229 -0.00656633 -0.00419903
v -0.01409719 -0.00621952 -0.00045070
v -0.01411522 -0.00584445 0.00369113
v -0.01389276 -0.00458508 -0.00672015
v -0.01337982 -0.00663786 -0.00012659
v -0.01423109 -0.00494535 -0.00403093
v -0.01375199 -0.00497778 0.00017032
v -0.01402214 -0.00465266 0.00298797
v -0.01421731 -0.00330219 -0.00255918
v -0.01447041 -0.00173009 -0.00250127
v -0.01316461 -0.00258843 -0.00647842
v -0.01429671 -0.00124490 -0.00197560
v -0.01409967 -0.00002567 -0.00652599
v -0.01452292 -0.00036585 -0.00231895
v -0.01443867 0.00025427 -0.00181493
v -0.01456240 0.00074648 -0.00214962
v -0.01406914 0.00079948 -0.00141835
v -0.01424625 0.00187996 0.00055194
v -0.01439121 0.00207351 -0.00276425
v -0.01428907 0.00178932 -0.00177627
v -0.01423620 0.00279584 -0.00213389
v -0.01418103 0.00167288 0.00285225
v -0.01422738 0.00356790 -0.00334141
v -0.01347805 0.00398404 0.00275136
v -0.01407443 0.00493704 -0.00386228
v -0.01394230 0.00595263 0.00073928
v -0.01410538 0.00606325 -0.00397119
v -0.01401187 0.00644662 0.00428722
v -0.01414924 0.00658824 0.00056022
v -0.01427739 0.00665342 -0.00390702
v -0.01417372 0.00742709 -0.00318673
v -0.01359752 0.00835476 -0.00011351
v -0.01410776 0.00809926 0.00681598
v -0.01408500 0.00949880 0.00259548
v -0.01430176 0.01007372 -0.00015660
v -0.01407705 0.01044882 0.00057450
v -0.01430837 0.01077468 0.00394433
v -0.01416277 0.01101500 0.00282653
v -0.01313434 0.01328381 0.00766281
v -0.01358990 0.01379831 -0.00588991
v -0.01300450 0.01445295 0.00772307
v -0.01408796 0.01462821 -0.00422669
v -0.01406146 0.01480137 0.00102587
v -0.01293361 0.01546365 0.00743265
v -0.01321363 0.01554588 0.00700561
v -0.01360265 -0.01493309 -0.00655490
v -0.01303764 -0.01569348 0.00020196
v -0.01316883 -0.01441382 -0.00717889
v -0.01393082 -0.01114444 0.00195027
v -0.01381283 -0.01097289 -0.00319623
v -0.01388155 -0.01083250 -0.00368441
v -0.01390267 -0.01088101 -0.00201515
v -0.01380111 -0.01083400 -0.00279454
v -0.01397481 -0.01062181 -0.00184385
v -0.01351036 -0.01131113 -0.00147282
v -0.01375529 -0.01110254 0.00064242
v -0.01338513 -0.01145727 0.00119352
v -0.01382625 -0.01079637 0.00224953
v -0.01291230 -0.01046589 -0.00689932
v -0.01386556 -0.01039645 -0.00387272
v -0.01388797 -0.01038734 -0.00317311
v -0.01397922 -0.01046586 -0.00152401
v -0.01382492 -0.01036196 -0.00097612
v -0.01374754 -0.01022805 0.00198455
v -0.01266068 -0.00943307 -0.00690335
v -0.01391049 -0.00948205 0.00092661
v -0.01352113 -0.00955703 0.00636030
v -0.01362969 -0.00859476 0.00583785
v -0.01347799 -0.00840025 0.00481045
v -0.01361358 -0.00814108 -0.00264427
v -0.01376886 -0.00722979 0.00404849
v -0.01363394 -0.00680087 -0.00433790
v -0.01380179 -0.00588679 -0.00418498
v -0.01382196 -0.00542714 -0.00386819
v -0.01396683 -0.00360866 -0.00213339
v -0.01392637 -0.00291937 -0.00180683
v -0.01376212 -0.00156154 -0.00160858
v -0.01382835 -0.00068526 0.00078762
v -0.01394850 -0.00007823 -0.00148626
v -0.01381885 0.00334237 0.00081904
v -0.01316442 -0.00036874 -0.00645728
v -0.01395124 0.00235624 -0.00144584
v -0.01382141 0.00191046 0.00242023
v -0.01272778 0.00352183 -0.00645854
v -0.01396725 0.00379504 -0.00198819
v -0.01360663 0.00476948 0.00066738
v -0.01392224 0.00424640 -0.00316420
v -0.01382252 0.00659871 0.00085171
v -0.01366122 0.00747453 -0.00398398
v -0.01361639 0.00730561 0.00092383
v -0.01382031 0.00750433 0.00482224
v -0.01394395 0.00756329 -0.00385043
v -0.01360284 0.00867898 -0.00282601
v -0.01395446 0.00801324 0.00564353
v -0.01341781 0.00973951 0.00734939
v -0.01375314 0.01051508 0.00105874
v -0.01357323 0.01069483 0.00295942
v -0.01336638 0.01040392 0.00754446
v -0.01394727 0.01074458 0.00360605
v -0.01372328 0.01088936 0.00117807
v -0.01393488 0.01100991 0.00307748
v -0.01361700 0.01469876 -0.00565337
v -0.01351295 0.01546956 -0.00471969
v -0.01367369 0.01519711 -0.00271958
v -0.01307043 0.01566557 0.00463009
v -0.01349368 -0.01519365 -0.00600568
v -0.01304732 -0.01568873 0.00274414
v -0.01142140 -0.01447469 0.00622477
v -0.01360134 -0.01098111 -0.00320287
v -0.01360545 -0.01105338 -0.00249250
v -0.01337737 -0.01158513 -0.00030660
v -0.01342820 -0.01131697 0.00171646
v -0.01316822 -0.01118138 0.00173321
v -0.01366716 -0.01081797 -0.00190864
v -0.01323793 -0.01059132 0.00177897
v -0.01325219 -0.00859893 -0.00352365
v -0.01325783 -0.00872437 -0.00215316
v -0.01335267 -0.00804746 -0.00417034
v -0.01336590 -0.00794009 -0.00085620
v -0.01247109 -0.00692439 -0.00686604
v -0.01301583 -0.00810563 -0.00440339
v -0.01315904 -0.00784491 -0.00042964
v -0.01320389 -0.00613199 0.00263427
v -0.01311951 -0.00479026 0.00195694
v -0.01285295 -0.00377714 -0.00663716
v -0.01360334 -0.00321212 0.00206568
v -0.01307574 -0.00496837 -0.00181042
v -0.01304546 -0.00476307 0.00055938
v -0.01341317 -0.00347379 -0.00163349
v -0.01358852 -0.00261730 0.00072248
v -0.01362600 -0.00146851 0.00175254
v -0.01363339 -0.00149086 0.00109774
v -0.01339737 -0.00057827 -0.00157032
v -0.01363021 0.00098648 0.00123775
v -0.01343754 0.00076069 -0.00124523
v -0.01358391 0.00159111 0.00165580
v -0.01363417 0.00240242 0.00103557
v -0.01358999 0.00181860 -0.00123910
v -0.01359996 0.00403974 -0.00141766
v -0.01340229 0.00415375 0.00086685
v -0.01340975 0.00558978 -0.00197790
v -0.01352072 0.00577981 -0.00342975
v -0.01306154 0.00549700 0.00287825
v -0.01356163 0.00648707 -0.00388950
v -0.01255915 0.00662093 0.00300542
v -0.01316140 0.00879920 -0.00392552
v -0.01293147 0.00869306 0.00461324
v -0.01342548 0.00921889 0.00677294
v -0.01355849 0.01000429 0.00225707
v -0.01326351 0.01056927 0.00205021
v -0.01286572 0.01165368 0.00763987
v -0.01291810 0.01174861 0.00155991
v -0.01317374 0.01154065 0.00296224
v -0.01325690 0.01174505 0.00259299
v -0.01364960 0.01513694 -0.00529638
v -0.01353646 0.01536254 -0.00002202
v -0.01306875 0.01564398 0.00183571
v -0.01299990 0.01582792 0.00647974
v -0.01241353 -0.01585331 -0.00655984
v -0.01322715 -0.01552174 -0.00383522
v -0.01265254 -0.01607964 0.00515594
v -0.01275829 -0.01560569 0.00596462
v -0.01245519 -0.01553367 -0.00694981
v -0.01230410 -0.01562955 0.00617122
v -0.01289195 -0.01474847 0.00629598
v -0.01209825 -0.01236809 0.00634147
v -0.01324271 -0.01145439 -0.00179884
v -0.01282173 -0.01209789 0.00042138
v -0.01337987 -0.01111711 -0.00173400
v -0.01283962 -0.01120935 0.00013471
v -0.01287917 -0.01099665 0.00095747
v -0.01321196 -0.01038597 0.00122965
v -0.01269365 -0.01126200 0.00636046
v -0.01269941 -0.01018632 0.00601098
v -0.01287716 -0.00966449 0.00562940
v -0.01309194 -0.00883536 -0.00155620
v -0.01273909 -0.00906059 0.00394746
v -0.01325016 -0.00735754 0.00326503
v -0.01314332 -0.00663541 -0.00376880
v -0.01310212 -0.00598702 -0.00256834
v -0.01294347 -0.00569496 0.00025589
v -0.01296542 -0.00583616 -0.00215611
v -0.01335561 -0.00306000 0.00116234
v -0.01324721 -0.00356732 0.00148915
v -0.01291011 -0.00369416 -0.00156133
v -0.01308503 -0.00173483 -0.00163037
v -0.01307292 0.00279176 -0.00124173
v -0.01256908 0.00253181 -0.00652989
v -0.01335979 0.00335544 0.00147587
v -0.01331895 0.00359194 0.00206676
v -0.01298811 0.00472475 -0.00121146
v -0.01291759 0.00628452 -0.00146491
v -0.01307454 0.00687185 0.00092277
v -0.01317045 0.00636969 -0.00302960
v -0.01294727 0.00715731 -0.00354343
v -0.01167598 0.00811500 -0.00608148
v -0.01317031 0.00811210 -0.00401173
v -0.01239874 0.00979877 -0.00619027
v -0.01309403 0.00918503 -0.00027935
v -0.01291370 0.00972795 0.00593198
v -0.01258187 0.01003657 0.00563457
v -0.01327747 0.00901199 -0.00357114
v -0.01299977 0.00961458 -0.00265584
v -0.01311461 0.01113923 0.00152706
v -0.01258730 0.01141951 0.00261140
v -0.01244473 0.01266674 -0.00608347
v -0.01187679 0.01412711 -0.00587569
v -0.01301919 0.01571653 -0.00519815
v -0.01268851 0.01569431 -0.00557118
v -0.01298655 0.01573164 -0.00212231
v -0.01264721 0.01602608 -0.00476571
v -0.01289969 0.01582383 -0.00028532
v -0.01238779 -0.01608436 -0.00571848
v -0.01274567 -0.01591491 -0.00182320
v -0.01077476 -0.01648416 -0.00716880
v -0.01248409 -0.01287469 -0.00709869
v -0.01210232 -0.01170551 -0.00707899
v -0.01290625 -0.01177102 -0.00179244
v -0.01283607 -0.01199518 -0.00119485
v -0.01240368 -0.01251759 -0.00080531
v -0.01259835 -0.01227555 0.00117488
v -0.01276775 -0.01182247 0.00155501
v -0.01296131 -0.01148767 -0.00153196
v -0.01258652 -0.00976934 -0.00249490
v -0.01236970 -0.00954112 -0.00418907
v -0.01278140 -0.00792073 -0.00438184
v -0.01275827 -0.00750281 0.00276824
v -0.01239223 -0.00802623 -0.00420412
v -0.01231275 -0.00773767 -0.00348347
v -0.01252132 -0.00708959 -0.00263430
v -0.01223180 -0.00718043 -0.00000178
v -0.01247998 -0.00519084 -0.00160664
v -0.01285101 -0.00480668 0.00107559
v -0.01295247 -0.00107619 -0.00181649
v -0.01225066 -0.00037356 -0.00649313
v -0.01290204 0.00078100 -0.00141397
v -0.01269950 0.00524907 0.00181538
v -0.01286109 0.00524175 0.00240043
v -0.01285268 0.00610759 0.00097017
v -0.01269714 0.00550601 0.00137490
v -0.01287462 0.00674477 -0.00202432
v -0.01218282 0.00880119 -0.00387006
v -0.01250796 0.00761628 0.00088930
v -0.01270035 0.00878391 0.00091080
v -0.01273481 0.00921403 0.00055933
v -0.01266220 0.00961432 -0.00386504
v -0.01267144 0.01000230 -0.00297930
v -0.01237393 0.01087255 0.00700659
v -0.01280703 0.01124443 0.00188803
v -0.01247455 0.01152949 0.00225725
v -0.01262651 0.01174400 0.00297210
v -0.01257085 0.01208404 0.00190621
v -0.01266363 0.01206717 0.00263348
v -0.01198579 0.01540809 -0.00593283
v -0.01286847 0.01512307 -0.00587940
v -0.01223570 -0.01621358 -0.00215115
v -0.01195857 -0.01646519 0.00094405
v -0.01184160 -0.01540654 0.00628498
v -0.01162801 -0.01511403 -0.00728849
v -0.01256264 -0.01197819 -0.00143853
v -0.01215430 -0.01237115 0.00143575
v -0.01232564 -0.01192315 -0.00115204
v -0.01224426 -0.01185866 0.00108072
v -0.01232605 -0.01118692 0.00623312
v -0.01238571 -0.00995547 0.00462805
v -0.01173262 -0.01058327 -0.00384204
v -0.01230665 -0.00970221 -0.00113243
v -0.01199351 -0.00963292 -0.00440534
v -0.01019878 -0.00936617 -0.00690459
v -0.01230095 -0.00665721 0.00191011
v -0.01219654 -0.00625341 -0.00177914
v -0.01252519 -0.00558034 0.00075360
v -0.01255040 -0.00529600 0.00123627
v -0.01249485 -0.00354736 -0.00176624
v -0.01171401 -0.00269506 -0.00674073
v -0.01205033 -0.00172788 -0.00655285
v -0.01260241 -0.00223603 -0.00345636
v -0.01257335 -0.00208873 -0.00385194
v -0.01229605 -0.00312115 -0.00239946
v -0.01254793 -0.00188402 -0.00212484
v -0.01284486 -0.00087838 -0.00333797
v -0.01265000 -0.00064535 -0.00392612
v -0.01271329 -0.00069262 -0.00249053
v -0.01279861 0.00028882 -0.00333930
v -0.01251826 0.00079701 -0.00215005
v -0.01245084 0.00147394 -0.00389700
v -0.01246166 0.00217562 -0.00334532
v -0.01247228 0.00203492 -0.00174222
v -0.01242792 0.00180089 -0.00280850
v -0.01234658 0.00325382 -0.00144028
v -0.01257558 0.00406988 -0.00118952
v -0.01257128 0.00594530 -0.00111563
v -0.01231865 0.00678473 0.00113354
v -0.01206505 0.00678655 -0.00612648
v -0.01202314 0.00773900 -0.00145796
v -0.01220344 0.00804260 -0.00299771
v -0.01170694 0.00789655 0.00290963
v -0.01210252 0.00867852 0.00377904
v -0.01249150 0.00900338 -0.00400940
v -0.01188761 0.01003091 0.00090380
v -0.01208412 0.01079992 -0.00117735
v -0.01231188 0.01130254 0.00735115
v -0.01223681 0.01211551 0.00191105
v -0.01171383 0.01429355 0.00770422
v -0.01174837 0.01585666 0.00769693
v -0.01191515 0.01653000 -0.00402643
v -0.01168962 0.01675243 -0.00013821
v -0.01206588 0.01649521 0.00285697
v -0.01142111 -0.01691270 -0.00148389
v -0.01179301 -0.01665660 0.00326523
v -0.01181067 -0.01675529 0.00515288
v -0.01165843 -0.01670854 0.00564285
v -0.01185421 -0.01656613 -0.00620738
v -0.01220626 -0.01247289 -0.00157427
v -0.01154071 -0.01315347 -0.00045395
v -0.01176904 -0.01296857 0.00048313
v -0.01151336 -0.01277396 -0.00079832
v -0.01178535 -0.01099334 0.00563922
v -0.01155407 -0.01081428 0.00428038
v -0.01162787 -0.00977818 -0.00040338
v -0.01181606 -0.00949001 -0.00445565
v -0.01173458 -0.00947950 0.00293515
v -0.01138433 -0.00924028 -0.00011799
v -0.01155458 -0.00870634 -0.00282573
v -0.01157284 -0.00802636 -0.00213268
v -0.01193811 -0.00688002 0.00040334
v -0.01190073 -0.00680760 0.00144075
v -0.01159074 -0.00541742 -0.00681956
v -0.01223785 -0.00606332 0.00108163
v -0.01206052 -0.00501768 -0.00162956
v -0.01223829 -0.00350471 -0.00418881
v -0.01201838 -0.00421618 -0.00353034
v -0.01168308 -0.00437108 -0.00248241
v -0.01233084 -0.00245026 -0.00422418
v -0.01224825 -0.00061362 -0.00422266
v -0.01224558 0.00277509 -0.00208364
v -0.01223193 0.00321412 -0.00384836
v -0.01205350 0.00373421 -0.00317905
v -0.01194291 0.00475744 -0.00139935
v -0.01082914 0.00555716 -0.00630048
v -0.01210230 0.00538133 -0.00113768
v -0.01112308 0.00808600 -0.00112803
v -0.01190211 0.00701386 0.00171313
v -0.01188254 0.00716653 0.00240675
v -0.01168461 0.00865679 -0.00190743
v -0.01091331 0.01012759 -0.00351809
v -0.01167533 0.00874463 0.00095503
v -0.01086177 0.01003497 0.00362761
v -0.01187298 0.01037566 0.00497167
v -0.01177250 0.01104979 -0.00322884
v -0.01223418 0.01067722 0.00599675
v -0.01154843 0.01146115 -0.00619229
v -0.01082552 0.01374227 -0.00612012
v -0.01219749 0.01208900 0.00259944
v -0.01224976 0.01307923 -0.00214470
v -0.01222588 0.01311578 -0.00044975
v -0.01225554 0.01345161 -0.00255754
v -0.01215350 0.01333990 -0.00122909
v -0.01135642 0.01561835 0.00772624
v -0.01148208 0.01650238 0.00741784
v -0.01134100 0.01694604 0.00702026
v -0.01140853 0.01697293 0.00487058
v -0.01152853 0.01693134 0.00666476
v -0.01145417 -0.01672714 -0.00651522
v -0.01152263 -0.01677119 -0.00548857
v -0.01139542 -0.01691645 -0.00412085
v -0.01121504 -0.01658039 0.00601369
v -0.01121240 -0.01417778 -0.00711605
v -0.01192302 -0.01282849 -0.00114361
v -0.01192594 -0.01282060 0.00163730
v -0.01170205 -0.01263957 -0.00117844
v -0.01150409 -0.01242675 0.00087357
v -0.01163909 -0.01234747 0.00122907
v -0.01032329 -0.01128054 -0.00706682
v -0.01098679 -0.01213761 0.00602514
v -0.01106070 -0.01056680 -0.00686917
v -0.01160139 -0.01077940 -0.00148910
v -0.01174169 -0.01001266 0.00345968
v -0.01124108 -0.00826902 0.00173434
v -0.01087536 -0.00922211 -0.00002200
v -0.01130548 -0.00796194 -0.00192966
v -0.01145666 -0.00622151 -0.00178067
v -0.01169822 -0.00506361 -0.00181471
v -0.01181205 -0.00457382 -0.00417893
v -0.01153312 -0.00485225 -0.00212034
v -0.01157225 -0.00410374 -0.00454530
v -0.01190660 -0.00274366 -0.00453795
v -0.01189226 -0.00155568 -0.00433754
v -0.01173988 0.00348027 -0.00422367
v -0.01095012 0.00185691 -0.00646316
v -0.01187415 0.00354686 -0.00215589
v -0.01018793 0.00338394 -0.00649920
v -0.01169013 0.00460758 -0.00378468
v -0.01186289 0.00388738 -0.00174913
v -0.01103048 0.00747386 -0.00112645
v -0.01134767 0.00869895 -0.00140847
v -0.01143547 0.01028569 -0.00393049
v -0.01174522 0.01055913 -0.00389636
v -0.01171792 0.01093501 0.00013194
v -0.01157094 0.01140132 -0.00215243
v -0.01138282 0.01139357 0.00580765
v -0.01136046 0.01189811 0.00700297
v -0.01187165 0.01330706 -0.00257919
v -0.01179979 0.01309092 -0.00047511
v -0.01184280 0.01351977 -0.00042400
v -0.01195063 0.01376876 -0.00279839
v -0.01190711 0.01385302 -0.00179739
v -0.01169518 0.01363217 -0.00119059
v -0.01187695 0.01618531 -0.00564445
v -0.01123632 0.01722255 -0.00520409
v -0.01109185 0.01724195 -0.00362176
v -0.01100424 -0.01730721 0.00478311
v -0.01156019 -0.01315453 -0.00164194
v -0.01139355 -0.01333893 -0.00113978
v -0.01121993 -0.01349981 0.00158825
v -0.01161579 -0.01295639 0.00003529
v -0.01137826 -0.01295491 0.00158594
v -0.01146154 -0.01286242 0.00025795
v -0.01022397 -0.01216860 -0.00282840
v -0.01138519 -0.01066113 -0.00097546
v -0.01121119 -0.01145192 0.00496417
v -0.01134556 -0.01069841 -0.00428950
v -0.01098705 -0.00960910 -0.00366263
v -0.01102544 -0.00856387 0.00015406
v -0.01120382 -0.00797535 0.00041046
v -0.01130747 -0.00756760 0.00091364
v -0.01052908 -0.00769872 -0.00680998
v -0.01121318 -0.00601030 -0.00367925
v -0.01135556 -0.00563878 -0.00420637
v -0.01087667 -0.00122327 -0.00676729
v -0.01072391 0.00033906 -0.00651500
v -0.01137825 0.00049093 -0.00429882
v -0.01151084 0.00488278 -0.00214117
v -0.01155769 0.00522667 -0.00349674
v -0.01103900 0.00642758 -0.00138883
v -0.01089284 0.00866288 0.00241315
v -0.01146628 0.00823849 0.00115808
v -0.01105628 0.00971555 -0.00309032
v -0.01059188 0.00944736 -0.00604794
v -0.01081495 0.00983179 0.00097897
v -0.01154146 0.01139016 -0.00070966
v -0.01128445 0.01301920 0.00768171
v -0.01152459 0.01343150 -0.00251817
v -0.01151249 0.01345431 -0.00045027
v -0.01150428 0.01382547 -0.00215807
v -0.01126446 0.01442145 -0.00600050
v -0.01114398 0.01719901 0.00286019
v -0.01043900 -0.01726542 -0.00640018
v -0.01116873 -0.01724140 0.00380284
v -0.01088785 -0.01725546 0.00547096
v -0.01098506 -0.01675804 -0.00691477
v -0.01021882 -0.01700145 0.00598780
v -0.01053071 -0.01622376 0.00610753
v -0.01125289 -0.01348707 -0.00284177
v -0.01128331 -0.01343530 -0.00178514
v -0.01123675 -0.01344502 0.00075659
v -0.01120871 -0.01315482 -0.00181701
v -0.01123909 -0.01318254 -0.00080425
v -0.01101467 -0.01327432 -0.00114948
v -0.01089012 -0.01322192 0.00121857
v -0.01053409 -0.01147031 0.00361281
v -0.01071145 -0.01100058 -0.00446849
v -0.01078096 -0.01052452 0.00282259
v -0.01053732 -0.01080959 -0.00442517
v -0.01090824 -0.01010229 -0.00420289
v -0.01034288 -0.00989162 -0.00248629
v -0.01089594 -0.00756928 -0.00182072
v -0.01079148 -0.00679186 -0.00204399
v -0.01088302 -0.00601176 -0.00456207
v -0.01096777 -0.00600358 -0.00262579
v -0.01103763 -0.00245418 -0.00680312
v -0.00993242 -0.00582266 -0.00462840
v -0.01035681 -0.00187869 -0.00452731
v -0.01031563 0.00432232 -0.00653053
v -0.01121755 0.00492644 -0.00420651
v -0.01101738 0.00605800 -0.00386019
v -0.01073126 0.00634144 -0.00222424
v -0.01084386 0.00620677 -0.00186145
v -0.01105513 0.00837876 0.00171921
v -0.01035033 0.00951432 0.00122310
v -0.01067627 0.00942245 0.00309632
v -0.01086286 0.01001439 -0.00214089
v -0.00921086 0.01223182 -0.00386381
v -0.01089741 0.01143643 0.00092525
v -0.01063435 0.01115316 0.00104278
v -0.01072679 0.01158477 -0.00389068
v -0.01096756 0.01168222 -0.00352802
v -0.01054506 0.01177906 0.00093830
v -0.01054321 0.01304520 0.00741484
v -0.01011670 0.01398503 0.00763760
v -0.01100170 0.01729434 -0.00094233
v -0.01045189 -0.01744443 -0.00391003
v -0.01003795 -0.01776020 0.00022968
v -0.01063770 -0.01742212 0.00096782
v -0.01009343 -0.01781335 0.00350796
v -0.01019479 -0.01495478 -0.00728420
v -0.00950752 -0.01587586 0.00597441
v -0.00910365 -0.01462472 0.00622359
v -0.01093636 -0.01410134 0.00109284
v -0.01089580 -0.01400209 0.00159689
v -0.01086732 -0.01382614 -0.00384966
v -0.01103052 -0.01383437 -0.00241558
v -0.01085173 -0.01397160 -0.00091295
v -0.01084969 -0.01366839 -0.00071601
v -0.01088580 -0.01383221 0.00055085
v -0.01086754 -0.01348784 -0.00331109
v -0.01072343 -0.01351604 0.00081557
v -0.01072923 -0.01353241 0.00133358
v -0.01082671 -0.01347560 -0.00181257
v -0.01032465 -0.01238750 0.00549054
v -0.01087778 -0.01145280 -0.00147023
v -0.00967846 -0.01231185 -0.00418055
v -0.01018000 -0.01187825 -0.00112788
v -0.00992243 -0.01138622 -0.00039994
v -0.01071007 -0.00991593 0.00223736
v -0.01007541 -0.00972631 -0.00211372
v -0.01051420 -0.00899182 0.00140822
v -0.01061925 -0.00865619 0.00075239
v -0.01070527 -0.00671382 -0.00390352
v -0.01006021 -0.00441580 -0.00677989
v -0.00976245 -0.00390420 -0.00462686
v -0.01002358 -0.00031744 -0.00675694
v -0.01006050 0.00319257 -0.00427989
v -0.01052939 0.00441095 -0.00431058
v -0.01064965 0.00611171 -0.00419421
v -0.01086549 0.00659064 -0.00349867
v -0.01055610 0.00968303 -0.00132594
v -0.01045447 0.01016358 -0.00163218
v -0.01061080 0.01096723 0.00427890
v -0.01052635 0.01071367 -0.00604981
v -0.01020838 0.01237903 -0.00329133
v -0.01003408 0.01261481 -0.00029051
v -0.00957119 0.01287797 -0.00618723
v -0.00964196 0.01518750 0.00764245
v -0.01044859 0.01634723 -0.00598268
v -0.01000784 0.01694249 0.00768854
v -0.01046057 0.01696899 -0.00589702
v -0.01089772 0.01721562 -0.00560621
v -0.01032096 0.01740965 0.00734233
v -0.01076386 0.01754229 -0.00473881
v -0.01061816 0.01749930 0.00064162
v -0.01069455 0.01754716 0.00623195
v -0.00961290 -0.01783157 -0.00603024
v -0.01000046 -0.01779869 0.00514741
v -0.00944201 -0.01669380 -0.00739750
v -0.01056797 -0.01455968 -0.00419785
v -0.01058561 -0.01456663 -0.00176109
v -0.01052863 -0.01451539 -0.00055807
v -0.01057173 -0.01454112 0.00039185
v -0.01058127 -0.01457975 0.00159140
v -0.01052937 -0.01419040 -0.00452664
v -0.01068167 -0.01387289 0.00000319
v -0.01036095 -0.01418035 0.00193001
v -0.01049525 -0.01381919 -0.00419540
v -0.01035565 -0.01380109 0.00162728
v -0.01054361 -0.01372541 -0.00342583
v -0.00991559 -0.01424410 -0.00289082
v -0.01032123 -0.01398081 -0.00147659
v -0.01044099 -0.01375587 -0.00070917
v -0.01038310 -0.01381197 0.00031509
v -0.00975933 -0.01250582 0.00450052
v -0.00943063 -0.01171266 0.00259208
v -0.00993003 -0.01053617 -0.00689030
v -0.00993592 -0.01048098 -0.00291261
v -0.00947931 -0.01021383 0.00017728
v -0.00989122 -0.00815559 -0.00205698
v -0.00879192 -0.00684583 -0.00684273
v -0.01027737 -0.00714968 -0.00263010
v -0.00919803 -0.00090602 -0.00435312
v -0.00857299 0.00679510 -0.00628492
v -0.00941289 0.00776738 -0.00623909
v -0.01056059 0.00697210 -0.00387816
v -0.01018998 0.00751506 -0.00167266
v -0.00990371 0.00969728 0.00166181
v -0.00985281 0.00972357 0.00247702
v -0.00986861 0.01096215 -0.00300186
v -0.00977413 0.01082201 0.00100083
v -0.00940051 0.01250137 0.00463742
v -0.00985509 0.01276880 -0.00228048
v -0.01002009 0.01258946 0.00563754
v -0.01017828 0.01283790 0.00673969
v -0.01054633 0.01379215 0.00211380
v -0.01056549 0.01410620 0.00153289
v -0.01047056 0.01424747 0.00250826
v -0.01063782 0.01463789 0.00398334
v -0.01036494 0.01438973 0.00350984
v -0.01053712 0.01442324 0.00430812
v -0.01047224 0.01478394 0.00344717
v -0.01049813 0.01482747 0.00496954
v -0.01053817 0.01515896 0.00411528
v -0.00900801 0.01633695 -0.00595297
v -0.00974758 0.01765589 -0.00552025
v -0.00984546 0.01778275 -0.00366917
v -0.00984363 0.01787480 0.00377793
v -0.00983804 0.01786792 0.00530490
v -0.00971923 0.01786498 -0.00494514
v -0.00866952 0.01851329 0.00683444
v -0.00999230 -0.01772710 -0.00190737
v -0.00955320 -0.01776347 0.00570556
v -0.00974472 -0.01743476 -0.00690586
v -0.00941910 -0.01594186 -0.00744055
v -0.00993959 -0.01454053 -0.00429077
v -0.00985970 -0.01486026 -0.00385833
v -0.00986676 -0.01472725 -0.00147597
v -0.00998335 -0.01451349 0.00162234
v -0.00866586 -0.01468495 -0.00722551
v -0.00993458 -0.01427897 -0.00417776
v -0.00984622 -0.01383329 0.00123644
v -0.00976543 -0.01179032 -0.00718306
v -0.00984628 -0.01139643 -0.00454533
v -0.00937834 -0.01132863 -0.00398691
v -0.00958293 -0.01064075 0.00190240
v -0.00976425 -0.00931451 -0.00188999
v -0.00977451 -0.00959699 0.00074326
v -0.01019161 -0.00738909 -0.00459054
v -0.00984138 -0.00718900 -0.00480848
v -0.00899109 -0.00183226 -0.00455694
v -0.00916740 -0.00104863 -0.00685179
v -0.00950625 0.00211152 -0.00654662
v -0.00973973 0.00749772 -0.00422183
v -0.00965937 0.00807977 -0.00388132
v -0.00980822 0.00784110 -0.00218103
v -0.00819947 0.00945671 -0.00620079
v -0.00978961 0.00831845 -0.00140251
v -0.00935195 0.00959252 -0.00112471
v -0.00949901 0.01044217 0.00310546
v -0.00951255 0.01152393 0.00392375
v -0.01000796 0.01189909 0.00103319
v -0.01014983 0.01369428 0.00226722
v -0.01015693 0.01413776 0.00116005
v -0.01021780 0.01404856 0.00274481
v -0.01010585 0.01445967 0.00107317
v -0.01004387 0.01440736 0.00353383
v -0.01019014 0.01462436 0.00444609
v -0.01020242 0.01519925 0.00278746
v -0.01011249 0.01515471 0.00451210
v -0.01001429 0.01524131 0.00342001
v -0.00945929 0.01706308 -0.00589274
v -0.00962848 0.01787123 0.00083400
v -0.00897321 -0.01796417 -0.00673079
v -0.00886039 -0.01833496 -0.00248277
v -0.00899854 -0.01833824 0.00260111
v -0.00856298 -0.01763234 0.00596390
v -0.00973199 -0.01470631 0.00110726
v -0.00926012 -0.01456657 -0.00068564
v -0.00985153 -0.01413833 0.00160275
v -0.00932441 -0.01442821 0.00049931
v -0.00925715 -0.01391934 0.00606561
v -0.00944606 -0.01324775 0.00564305
v -0.00915209 -0.01245841 0.00326699
v -0.00883846 -0.01146018 -0.00011617
v -0.00921048 -0.01039551 -0.00221957
v -0.00928675 -0.01021862 0.00129397
v -0.00979758 -0.00799858 -0.00435688
v -0.00923405 -0.00862329 -0.00453813
v -0.00882219 -0.00912718 -0.00370175
v -0.00970958 -0.00792225 -0.00267063
v -0.00882750 -0.00019652 -0.00429082
v -0.00942647 0.00104227 -0.00674368
v -0.00823199 0.00381035 -0.00427432
v -0.00959425 0.00585558 -0.00424955
v -0.00951951 0.00837261 -0.00350180
v -0.00856187 0.01117910 -0.00602792
v -0.00920777 0.01021855 0.00208918
v -0.00901996 0.01130878 -0.00145706
v -0.00931178 0.01170123 -0.00354678
v -0.00932119 0.01292167 -0.00384644
v -0.00894923 0.01366231 0.00683068
v -0.00931977 0.01381507 0.00738639
v -0.00984161 0.01409404 0.00266770
v -0.00982577 0.01440374 0.00087636
v -0.00859296 0.01487025 -0.00613995
v -0.00986643 0.01479952 0.00012739
v -0.00982566 0.01496686 0.00097636
v -0.00981429 0.01473584 0.00379831
v -0.00984789 0.01525714 0.00200035
v -0.00957127 0.01512822 0.00326653
v -0.00898809 -0.01834167 -0.00053787
v -0.00925756 -0.01828099 0.00330963
v -0.00950288 -0.01490261 -0.00460468
v -0.00917490 -0.01543945 -0.00453220
v -0.00947558 -0.01514854 -0.00320823
v -0.00949502 -0.01481693 0.00023950
v -0.00943082 -0.01456550 -0.00427841
v -0.00928692 -0.01472795 0.00145219
v -0.00929977 -0.01431048 0.00131813
v -0.00904093 -0.01323217 -0.00721998
v -0.00878975 -0.01292271 -0.00115184
v -0.00882901 -0.01299641 0.00377993
v -0.00917677 -0.01249203 -0.00457398
v -0.00915141 -0.01247667 -0.00080799
v -0.00925352 -0.00907894 -0.00204155
v -0.00886317 -0.00789562 -0.00480909
v -0.00812602 -0.00686677 -0.00462960
v -0.00882719 -0.00377648 -0.00681882
v -0.00780680 0.00133821 -0.00425659
v -0.00874226 0.00474809 -0.00649303
v -0.00892707 0.01095086 0.00116628
v -0.00913651 0.01144856 -0.00208530
v -0.00871141 0.01302376 0.00091091
v -0.00900093 0.01328770 0.00530068
v -0.00921991 0.01322121 -0.00123709
v -0.00924599 0.01470680 0.00176409
v -0.00948149 0.01476109 0.00048423
v -0.00941952 0.01492307 0.00146199
v -0.00917594 0.01517626 0.00202058
v -0.00919197 0.01529923 0.00275009
v -0.00837449 0.01834442 0.00734893
v -0.00891120 0.01838580 -0.00227695
v -0.00869937 0.01857597 -0.00071077
v -0.00869898 0.01851890 0.00183481
v -0.00877508 -0.01843315 0.00472704
v -0.00870520 -0.01827602 -0.00608430
v -0.00850421 -0.01845333 0.00530665
v -0.00918938 -0.01556916 -0.00402317
v -0.00873832 -0.01535229 -0.00482866
v -0.00914753 -0.01553539 -0.00273102
v -0.00893121 -0.01562732 -0.00182048
v -0.00901293 -0.01542498 0.00009329
v -0.00905906 -0.01538275 0.00126327
v -0.00784156 -0.01606914 0.00607228
v -0.00879395 -0.01480741 -0.00455459
v -0.00878679 -0.01483545 -0.00400675
v -0.00847343 -0.01511383 -0.00219826
v -0.00858335 -0.01309950 -0.00394766
v -0.00823046 -0.01265635 -0.00046685
v -0.00836222 -0.01245799 -0.00456559
v -0.00887798 -0.01185549 0.00225400
v -0.00879897 -0.01149729 -0.00299088
v -0.00882272 -0.01056206 0.00070878
v -0.00864602 -0.00994387 -0.00215944
v -0.00832391 -0.00863193 -0.00695318
v -0.00889505 -0.00891602 -0.00247523
v -0.00902832 -0.00863877 -0.00286410
v -0.00823198 -0.00496990 -0.00455973
v -0.00797686 0.00479061 -0.00425443
v -0.00784885 0.00581293 -0.00649976
v -0.00916920 0.00831355 -0.00419178
v -0.00889911 0.00891464 -0.00232285
v -0.00872991 0.00941787 -0.00144645
v -0.00804234 0.01132834 -0.00112186
v -0.00843605 0.01202879 -0.00301532
v -0.00890412 0.01156594 0.00097033
v -0.00845647 0.01284460 0.00101043
v -0.00872697 0.01294069 -0.00394159
v -0.00882386 0.01344573 -0.00351530
v -0.00883355 0.01346010 -0.00011578
v -0.00802654 0.01401714 0.00585674
v -0.00870695 0.01455946 0.00756232
v -0.00877846 0.01478892 0.00227176
v -0.00884945 0.01486705 0.00293079
v -0.00913786 0.01512996 0.00313714
v -0.00806124 0.01769167 0.00770754
v -0.00888898 0.01777822 0.00760094
v -0.00881224 0.01857017 -0.00521327
v -0.00862428 0.01852499 0.00445890
v -0.00751573 -0.01862876 -0.00670584
v -0.00762663 -0.01826661 0.00585169
v -0.00815412 -0.01726472 -0.00758270
v -0.00830941 -0.01577761 -0.00757740
v -0.00851152 -0.01588157 -0.00428849
v -0.00857985 -0.01580921 -0.00293774
v -0.00875585 -0.01589585 -0.00073847
v -0.00859124 -0.01585243 0.00088220
v -0.00882443 -0.01553782 0.00225881
v -0.00881940 -0.01500168 0.00158345
v -0.00786114 -0.01557777 -0.00281468
v -0.00816970 -0.01505398 -0.00088561
v -0.00883375 -0.01486626 -0.00011992
v -0.00881007 -0.01448593 0.00089471
v -0.00844591 -0.01486516 0.00126396
v -0.00722609 -0.01533637 0.00606845
v -0.00816492 -0.01432571 0.00582657
v -0.00846681 -0.01368911 0.00500630
v -0.00833544 -0.01339641 -0.00273661
v -0.00814781 -0.01349457 -0.00181239
v -0.00731858 -0.01330671 -0.00715360
v -0.00777031 -0.01240970 -0.00340822
v -0.00795050 -0.01179025 -0.00248519
v -0.00833891 -0.01127120 0.00158801
v -0.00784198 -0.01014700 -0.00417652
v -0.00798454 -0.00924058 -0.00487973
v -0.00778014 -0.00340351 -0.00461609
v -0.00764735 -0.00069700 -0.00682317
v -0.00819892 0.00162977 -0.00669535
v -0.00817910 0.00327759 -0.00648673
v -0.00836448 0.00681798 -0.00423500
v -0.00868095 0.00920556 -0.00389294
v -0.00812090 0.01138666 0.00138779
v -0.00814502 0.01130443 0.00263981
v -0.00851020 0.01139290 0.00312135
v -0.00848615 0.01208425 0.00359930
v -0.00882438 0.01310271 0.00469532
v -0.00847468 0.01377176 -0.00138412
v -0.00854303 0.01543919 0.00119153
v -0.00886508 0.01509895 0.00367487
v -0.00883762 0.01549675 0.00226058
v -0.00868238 0.01556412 0.00293265
v -0.00863864 0.01578234 0.00344236
v -0.00867612 0.01567547 0.00379954
v -0.00759390 0.01552191 0.00766984
v -0.00831383 0.01757413 -0.00602738
v -0.00843774 0.01818120 -0.00589421
v -0.00850441 0.01859173 -0.00556983
v -0.00740372 -0.01876109 -0.00612659
v -0.00773245 -0.01877889 -0.00213987
v -0.00819381 -0.01863485 0.00073761
v -0.00764430 -0.01889327 0.00304113
v -0.00818044 -0.01791238 -0.00730217
v -0.00797466 -0.01614414 -0.00084795
v -0.00837438 -0.01574790 0.00181814
v -0.00831199 -0.01529139 -0.00456522
v -0.00818253 -0.01518098 0.00192057
v -0.00800213 -0.01537645 -0.00431613
v -0.00815384 -0.01387187 0.00463453
v -0.00755847 -0.01389532 -0.00722069
v -0.00811995 -0.01244686 0.00224317
v -0.00693940 -0.01268322 -0.00018471
v -0.00761366 -0.01162628 0.00020020
v -0.00782327 -0.01131440 0.00105856
v -0.00806908 -0.00977521 -0.00692208
v -0.00814714 -0.00974698 -0.00453378
v -0.00771536 -0.01003309 -0.00302048
v -0.00813845 -0.00783004 -0.00479014
v -0.00706273 -0.00251915 -0.00681747
v -0.00780695 0.00014384 -0.00423536
v -0.00688110 0.01013070 -0.00420779
v -0.00808225 0.00981032 -0.00333720
v -0.00811915 0.00964281 -0.00214571
v -0.00806099 0.01080070 -0.00112803
v -0.00799226 0.01130791 0.00175151
v -0.00795400 0.01228079 -0.00191288
v -0.00790814 0.01221076 0.00098632
v -0.00766659 0.01320454 -0.00387322
v -0.00767867 0.01270994 0.00367146
v -0.00827505 0.01358585 -0.00386727
v -0.00824438 0.01509838 0.00175430
v -0.00829590 0.01536280 0.00106646
v -0.00827427 0.01545255 0.00285862
v -0.00848206 0.01514142 0.00327140
v -0.00847771 0.01549097 0.00023425
v -0.00812750 0.01597823 0.00098182
v -0.00835442 0.01602583 0.00262936
v -0.00818032 0.01602959 0.00341462
v -0.00708185 0.01609325 0.00774265
v -0.00810196 0.01889652 -0.00504237
v -0.00832189 0.01875441 -0.00077356
v -0.00769850 0.01890785 0.00212104
v -0.00809416 0.01884665 0.00634377
v -0.00695057 -0.01899380 -0.00503077
v -0.00743126 -0.01882226 -0.00359277
v -0.00678111 -0.01859252 -0.00724493
v -0.00747135 -0.01754554 0.00593101
v -0.00782467 -0.01624977 -0.00489064
v -0.00816338 -0.01592140 -0.00281709
v -0.00799380 -0.01606332 0.00124084
v -0.00795133 -0.01553999 -0.00493469
v -0.00778734 -0.01553080 0.00194427
v -0.00699674 -0.01460345 -0.00747842
v -0.00762234 -0.01524915 0.00005177
v -0.00797419 -0.01333001 -0.00456431
v -0.00764480 -0.01358215 -0.00115414
v -0.00748143 -0.01345015 -0.00080891
v -0.00764811 -0.01361114 0.00333509
v -0.00761606 -0.01233013 -0.00282958
v -0.00672672 -0.01093867 -0.00714351
v -0.00730404 -0.01164149 0.00061460
v -0.00764873 -0.01051072 -0.00702212
v -0.00760966 -0.01038993 -0.00243820
v -0.00755436 -0.00871964 -0.00493695
v -0.00729652 0.00082712 -0.00686036
v -0.00738005 0.00210056 -0.00675738
v -0.00682680 0.00357219 -0.00648364
v -0.00704406 0.00801074 -0.00628505
v -0.00764388 0.01002859 -0.00386432
v -0.00743459 0.01038323 -0.00165965
v -0.00705681 0.01085636 -0.00138787
v -0.00668485 0.01330332 -0.00605358
v -0.00786226 0.01261469 -0.00349327
v -0.00747305 0.01380118 0.00461213
v -0.00716912 0.01429547 -0.00617425
v -0.00748325 0.01486183 0.00737092
v -0.00789862 0.01531565 0.00240607
v -0.00814778 0.01547179 0.00018699
v -0.00812290 0.01577547 0.00324633
v -0.00811248 0.01581874 0.00395430
v -0.00814056 0.01585940 -0.00045641
v -0.00779277 0.01582716 0.00283993
v -0.00814420 0.01626604 0.00193678
v -0.00814124 0.01618690 0.00397025
v -0.00748863 0.01698112 -0.00604296
v -0.00643662 0.01833821 -0.00601629
v -0.00729583 0.01852574 -0.00587081
v -0.00678456 -0.01920980 -0.00011443
v -0.00729327 -0.01897648 0.00511814
v -0.00711546 -0.01879451 0.00565609
v -0.00586143 -0.01841371 -0.00758891
v -0.00720755 -0.01733294 -0.00765880
v -0.00763456 -0.01634811 -0.00445406
v -0.00747383 -0.01634087 -0.00343231
v -0.00740269 -0.01586630 -0.00518191
v -0.00743467 -0.01643444 -0.00094587
v -0.00780788 -0.01588106 0.00193867
v -0.00727190 -0.01585600 -0.00349587
v -0.00695241 -0.01601035 0.00609189
v -0.00690554 -0.01588692 -0.00207413
v -0.00732137 -0.01521763 0.00074709
v -0.00643734 -0.01489797 0.00527541
v -0.00693915 -0.01485767 0.00566046
v -0.00704277 -0.01440168 0.00448644
v -0.00739886 -0.01383445 -0.00416470
v -0.00748547 -0.01332476 -0.00466081
v -0.00755724 -0.01325309 0.00273486
v -0.00708058 -0.01282615 -0.00377495
v -0.00650505 -0.01197137 -0.00223600
v -0.00702026 -0.00672154 -0.00681354
v -0.00678646 0.00815757 -0.00428924
v -0.00713244 0.01047949 -0.00258630
v -0.00667891 0.01081930 -0.00618306
v -0.00691337 0.01194278 0.00214921
v -0.00753118 0.01182385 -0.00601492
v -0.00764111 0.01225650 -0.00143982
v -0.00699055 0.01282891 -0.00283086
v -0.00713766 0.01413992 -0.00390069
v -0.00731154 0.01380357 0.00090398
v -0.00726116 0.01429009 -0.00345896
v -0.00714063 0.01451221 -0.00263145
v -0.00712411 0.01446646 -0.00086897
v -0.00627731 0.01447154 0.00478629
v -0.00713745 0.01474296 0.00683936
v -0.00599948 0.01645808 -0.00614614
v -0.00734402 0.01547866 0.00173142
v -0.00778626 0.01580777 -0.00046703
v -0.00765604 0.01574581 0.00031249
v -0.00782674 0.01614600 -0.00084860
v -0.00791087 0.01618733 -0.00008863
v -0.00782381 0.01610457 0.00059479
v -0.00745848 0.01648410 0.00290136
v -0.00782056 0.01652410 0.00238457
v -0.00778057 0.01889545 -0.00418854
v -0.00781218 0.01889863 -0.00113576
v -0.00700111 0.01911364 0.00719161
v -0.00748687 -0.01658021 0.00226155
v -0.00708580 -0.01630963 -0.00482378
v -0.00752963 -0.01605763 0.00231183
v -0.00747084 -0.01548898 -0.00489256
v -0.00708023 -0.01415629 -0.00282481
v -0.00682971 -0.01393128 -0.00455061
v -0.00746630 -0.01280961 -0.00452701
v -0.00689040 -0.01246874 0.00170169
v -0.00728057 -0.01051134 -0.00405658
v -0.00646343 -0.00956808 -0.00688227
v -0.00678255 -0.00804339 -0.00689600
v -0.00606354 -0.00462895 -0.00459853
v -0.00665885 -0.00403218 -0.00676847
v -0.00619610 -0.00132545 -0.00458350
v -0.00644281 -0.00028312 -0.00445778
v -0.00631861 0.00223330 -0.00426520
v -0.00676015 0.00511792 -0.00651721
v -0.00677855 0.01069922 -0.00385720
v -0.00703677 0.01207396 0.00276677
v -0.00691729 0.01233547 0.00115362
v -0.00704106 0.01432532 0.00022479
v -0.00689897 0.01559395 0.00226921
v -0.00733902 0.01589194 0.00086737
v -0.00714384 0.01620376 0.00299731
v -0.00746391 0.01646150 0.00206928
v -0.00663405 0.01735765 0.00766856
v -0.00671532 0.01910026 -0.00552258
v -0.00708250 0.01913721 0.00512032
v -0.00686976 0.01923882 -0.00201513
v -0.00711629 0.01913160 0.00162523
v -0.00714668 0.01926512 0.00667066
v -0.00687591 -0.01918515 0.00345921
v -0.00560008 -0.01665968 -0.00758198
v -0.00677483 -0.01661216 0.00243626
v -0.00595969 -0.01563339 -0.00763164
v -0.00708113 -0.01625185 -0.00369210
v -0.00695942 -0.01645217 -0.00241399
v -0.00712629 -0.01649153 -0.00081209
v -0.00674253 -0.01654077 0.00147695
v -0.00704955 -0.01582953 -0.00488089
v -0.00700439 -0.01604501 0.00227688
v -0.00600494 -0.01609327 -0.00090438
v -0.00673701 -0.01550226 0.00125123
v -0.00604444 -0.01584491 0.00038839
v -0.00610020 -0.01366874 0.00224743
v -0.00618386 -0.01322412 -0.00316654
v -0.00665055 -0.01219345 0.00128898
v -0.00670880 -0.01069933 -0.00325684
v -0.00621158 -0.01078056 -0.00487656
v -0.00601860 -0.00866969 -0.00487584
v -0.00644650 0.00321434 -0.00655545
v -0.00606406 0.00653844 -0.00646951
v -0.00576438 0.00934885 -0.00621628
v -0.00614767 0.01243866 0.00167723
v -0.00578803 0.01319147 0.00332755
v -0.00687523 0.01290494 -0.00197632
v -0.00624853 0.01300623 -0.00147471
v -0.00672721 0.01298829 0.00095828
v -0.00610009 0.01357592 -0.00350507
v -0.00630582 0.01383230 0.00408152
v -0.00652920 0.01404903 0.00091778
v -0.00636951 0.01575658 0.00759542
v -0.00693013 0.01583407 0.00262567
v -0.00677944 0.01580496 0.00153310
v -0.00679510 0.01616099 0.00156938
v -0.00675907 0.01617786 0.00264336
v -0.00679854 0.01858780 0.00769518
v -0.00611904 0.01948663 -0.00486721
v -0.00644300 0.01933645 -0.00370009
v -0.00659877 -0.01921547 -0.00248608
v -0.00586319 -0.01949879 0.00495843
v -0.00565339 -0.01946357 0.00530517
v -0.00617837 -0.01914130 -0.00675233
v -0.00560109 -0.01724708 0.00586538
v -0.00664472 -0.01662055 0.00035504
v -0.00667111 -0.01684081 0.00227773
v -0.00639204 -0.01620818 -0.00249417
v -0.00630646 -0.01637733 -0.00128409
v -0.00622586 -0.01621150 -0.00165351
v -0.00612799 -0.01453417 -0.00385899
v -0.00603275 -0.01451422 0.00339229
v -0.00571575 -0.01451908 -0.00116799
v -0.00577259 -0.01415822 0.00259846
v -0.00588966 -0.01376395 -0.00458534
v -0.00577477 -0.01359093 -0.00422313
v -0.00608995 -0.01350496 -0.00722618
v -0.00634967 -0.01298614 -0.00283507
v -0.00584306 -0.01282067 -0.00244272
v -0.00542898 -0.01184135 -0.00251903
v -0.00602323 -0.01120638 -0.00453887
v -0.00634957 -0.01099382 -0.00280455
v -0.00582971 -0.00637642 -0.00463441
v -0.00580842 -0.00032408 -0.00681973
v -0.00500061 0.00112513 -0.00684784
v -0.00585103 0.00636766 -0.00427030
v -0.00611931 0.01106114 -0.00195364
v -0.00559406 0.01270093 -0.00112366
v -0.00581828 0.01246295 -0.00608749
v -0.00558674 0.01506781 -0.00046543
v -0.00647884 0.01480063 0.00580934
v -0.00679737 0.01634126 0.00209154
v -0.00679495 0.01647877 0.00324430
v -0.00684213 0.01649859 0.00387654
v -0.00686881 0.01692168 0.00397028
v -0.00678294 0.01687131 0.00431812
v -0.00615510 0.01943670 0.00200760
v -0.00614814 0.01934594 0.00716417
v -0.00589872 -0.01934910 -0.00608233
v -0.00598018 -0.01908533 0.00570317
v -0.00555233 -0.01861017 0.00592104
v -0.00628391 -0.01688047 0.00239158
v -0.00611369 -0.01655312 -0.00014966
v -0.00609201 -0.01696343 0.00081729
v -0.00629360 -0.01656523 0.00232910
v -0.00576632 -0.01482745 -0.00758600
v -0.00553413 -0.01485331 -0.00295237
v -0.00577188 -0.01425179 -0.00465247
v -0.00635317 -0.01239427 0.00015794
v -0.00588557 -0.01236927 0.00071376
v -0.00605058 -0.01127997 -0.00402448
v -0.00586020 -0.00987015 -0.00709066
v -0.00525777 0.00074446 -0.00435717
v -0.00551595 0.00283448 -0.00676763
v -0.00455611 0.00278275 -0.00427004
v -0.00546122 0.00851347 -0.00633700
v -0.00587584 0.01118237 -0.00386333
v -0.00639805 0.01103079 -0.00318938
v -0.00561589 0.01140727 -0.00622139
v -0.00534935 0.01174644 -0.00138895
v -0.00389663 0.01293380 -0.00116834
v -0.00558804 0.01281679 0.00270498
v -0.00510415 0.01343970 -0.00138922
v -0.00584611 0.01341616 -0.00197385
v -0.00607066 0.01402421 -0.00384730
v -0.00577673 0.01448803 0.00092557
v -0.00579187 0.01495331 -0.00348107
v -0.00577964 0.01515230 -0.00283144
v -0.00579721 0.01516938 -0.00215804
v -0.00587419 0.01529924 0.00693605
v -0.00607119 0.01545842 0.00726494
v -0.00623474 0.01616673 0.00125521
v -0.00610176 0.01582520 0.00225731
v -0.00630071 0.01612361 0.00258616
v -0.00645903 0.01652435 0.00153477
v -0.00652709 0.01647372 0.00274504
v -0.00646121 0.01652422 0.00424380
v -0.00618309 0.01688497 0.00281338
v -0.00639947 0.01691576 0.00420223
v -0.00593504 0.01911274 0.00746448
v -0.00592793 0.01948246 0.00511301
v -0.00576652 -0.01945713 -0.00290967
v -0.00612044 -0.01943280 0.00327305
v -0.00489881 -0.01912129 -0.00726818
v -0.00456650 -0.01792565 -0.00770979
v -0.00602680 -0.01711856 0.00201448
v -0.00590719 -0.01621182 0.00115051
v -0.00568573 -0.01655232 0.00195927
v -0.00550335 -0.01640301 0.00595410
v -0.00591564 -0.01593322 0.00063385
v -0.00534774 -0.01571127 0.00573665
v -0.00510286 -0.01497725 -0.00240863
v -0.00451143 -0.01519732 0.00356081
v -0.00574846 -0.01450734 -0.00452282
v -0.00509193 -0.01453130 -0.00077526
v -0.00564320 -0.01396819 -0.00046231
v -0.00522303 -0.01321924 -0.00010044
v -0.00555288 -0.01289813 -0.00714125
v -0.00478599 -0.01333276 0.00156040
v -0.00491676 -0.01264938 -0.00227756
v -0.00495804 -0.01157613 -0.00717598
v -0.00503352 -0.01076915 -0.00500639
v -0.00535907 -0.00811120 -0.00692346
v -0.00563975 -0.00752793 -0.00461739
v -0.00425027 -0.00666312 -0.00695754
v -0.00517414 -0.00553187 -0.00682505
v -0.00541513 -0.00337151 -0.00682336
v -0.00551084 -0.00309453 -0.00464816
v -0.00560053 0.00390396 -0.00665468
v -0.00534821 0.01297957 0.00131926
v -0.00567237 0.01352643 -0.00291681
v -0.00552045 0.01365714 0.00094058
v -0.00556305 0.01473139 -0.00386067
v -0.00501246 0.01516385 0.00005747
v -0.00538892 0.01502304 0.00520972
v -0.00558677 0.01615453 0.00165994
v -0.00608247 0.01651055 0.00022399
v -0.00618666 0.01657983 0.00108214
v -0.00576857 0.01645143 0.00329271
v -0.00440549 0.01685884 0.00767403
v -0.00609228 0.01688696 0.00405603
v -0.00587618 0.01687440 0.00347577
v -0.00342749 0.01655425 -0.00619108
v -0.00549634 0.01908263 -0.00588933
v -0.00566375 0.01954750 -0.00160206
v -0.00493209 -0.01962674 -0.00352322
v -0.00514283 -0.01961801 0.00149416
v -0.00555831 -0.01704342 0.00140201
v -0.00568056 -0.01683596 0.00037896
v -0.00566339 -0.01656535 -0.00097270
v -0.00573276 -0.01616473 -0.00117551
v -0.00513615 -0.01631220 -0.00068000
v -0.00554675 -0.01524345 0.00528955
v -0.00525644 -0.01382269 -0.00722702
v -0.00523008 -0.01377905 -0.00367679
v -0.00471985 -0.01301627 0.00023549
v -0.00477120 -0.01303771 0.00120939
v -0.00510769 -0.00953629 -0.00712870
v -0.00507778 -0.01173824 -0.00302601
v -0.00501280 -0.00036301 -0.00455242
v -0.00543386 0.00474743 -0.00648065
v -0.00438425 0.00920224 -0.00422732
v -0.00546547 0.01096029 -0.00419119
v -0.00478479 0.01175493 -0.00300001
v -0.00469922 0.01170352 -0.00201442
v -0.00480549 0.01335944 0.00114994
v -0.00493152 0.01456075 0.00425515
v -0.00466653 0.01548850 0.00575418
v -0.00487321 0.01531871 -0.00616132
v -0.00561204 0.01608114 0.00245783
v -0.00567168 0.01648649 0.00074745
v -0.00575238 0.01671154 0.00103795
v -0.00467300 0.01906312 0.00761717
v -0.00524520 0.01958187 -0.00537263
v -0.00540462 0.01960470 -0.00448134
v -0.00544249 0.01958048 0.00318267
v -0.00540781 0.01956730 0.00530774
v -0.00476349 0.01994002 0.00670189
v -0.00473330 -0.01963444 -0.00655641
v -0.00477280 -0.01911743 0.00583228
v -0.00510162 -0.01688679 0.00194056
v -0.00520448 -0.01655561 -0.00147852
v -0.00491217 -0.01690397 -0.00090136
v -0.00510407 -0.01629995 0.00057067
v -0.00456885 -0.01650309 0.00117509
v -0.00460818 -0.01470085 0.00273504
v -0.00456094 -0.01440393 -0.00462665
v -0.00490308 -0.01400546 0.00206392
v -0.00486795 -0.01366052 -0.00281601
v -0.00481795 -0.01168375 -0.00486708
v -0.00515160 -0.01175307 -0.00403027
v -0.00393765 0.00619717 -0.00645222
v -0.00461174 0.01179994 -0.00349161
v -0.00494420 0.01295421 0.00207968
v -0.00453318 0.01344348 -0.00605969
v -0.00464289 0.01550936 -0.00281436
v -0.00508593 0.01652999 0.00146150
v -0.00509821 0.01680702 0.00157553
v -0.00526108 0.01690136 0.00198985
v -0.00540897 0.01684101 0.00336559
v -0.00403375 0.01855409 -0.00610173
v -0.00540736 0.01957114 0.00022202
v -0.00492038 0.01985899 -0.00079168
v -0.00458881 -0.01989548 0.00480138
v -0.00419878 -0.01955942 -0.00708258
v -0.00443187 -0.01957918 0.00560295
v -0.00367629 -0.01927633 -0.00747155
v -0.00394841 -0.01794851 0.00590126
v -0.00417605 -0.01704488 0.00084421
v -0.00438794 -0.01690597 0.00120161
v -0.00424136 -0.01639656 0.00590125
v -0.00387694 -0.01575182 0.00511359
v -0.00446518 -0.01491236 -0.00128146
v -0.00428093 -0.01401317 -0.00315450
v -0.00435329 -0.01306509 -0.00233447
v -0.00371570 -0.01314990 -0.00711460
v -0.00481082 -0.01287037 0.00069047
v -0.00426589 -0.01127658 -0.00514283
v -0.00383989 -0.00881514 -0.00493643
v -0.00456525 -0.00770136 -0.00468595
v -0.00397007 -0.00675944 -0.00468034
v -0.00415032 -0.00526827 -0.00458259
v -0.00434166 -0.00162408 -0.00684094
v -0.00408241 0.00458116 -0.00654398
v -0.00440540 0.00525942 -0.00421770
v -0.00423331 0.00559992 -0.00633862
v -0.00439353 0.00932494 -0.00620781
v -0.00442699 0.01072115 -0.00426705
v -0.00383070 0.01175600 -0.00422780
v -0.00437157 0.01204916 -0.00142577
v -0.00484489 0.01383083 -0.00196326
v -0.00424022 0.01433240 -0.00349618
v -0.00427756 0.01478410 -0.00385201
v -0.00474534 0.01481242 0.00090493
v -0.00428874 0.01517186 0.00479940
v -0.00444644 0.01544181 -0.00342160
v -0.00395654 0.01559194 -0.00070114
v -0.00444253 0.01651347 0.00212960
v -0.00366425 0.01647262 0.00744816
v -0.00442066 0.01681229 0.00313611
v -0.00501194 0.01696666 0.00379886
v -0.00512342 0.01722451 0.00396321
v -0.00445045 0.01959717 0.00741729
v -0.00458799 0.01992592 -0.00469993
v -0.00492359 0.01975859 0.00048309
v -0.00469520 0.01983808 0.00361477
v -0.00440523 -0.01989636 0.00022346
v -0.00457424 -0.01986698 0.00246719
v -0.00477883 -0.01688564 -0.00197558
v -0.00430764 -0.01702479 -0.00038474
v -0.00469937 -0.01661850 -0.00159708
v -0.00389957 -0.01447455 -0.00759587
v -0.00402274 -0.01485761 -0.00472695
v -0.00439704 -0.01520591 -0.00418141
v -0.00390113 -0.01455248 -0.00045883
v -0.00408525 -0.01358840 -0.00720650
v -0.00354761 -0.01449759 -0.00423598
v -0.00427556 -0.01350307 -0.00249249
v -0.00364494 -0.01280359 -0.00246845
v -0.00406672 -0.01220463 -0.00283016
v -0.00379424 -0.01019637 -0.00713559
v -0.00254062 -0.00476081 -0.00679793
v -0.00370396 -0.00287085 -0.00462627
v -0.00338476 -0.00113391 -0.00673955
v -0.00426860 0.00226838 -0.00434802
v -0.00415041 0.00253021 -0.00670861
v -0.00458679 0.00355191 -0.00681602
v -0.00380370 0.00521981 -0.00638375
v -0.00356565 0.00694835 -0.00427833
v -0.00372362 0.01210140 -0.00391939
v -0.00319272 0.01263528 -0.00133944
v -0.00392286 0.01338945 0.00258924
v -0.00413099 0.01395645 0.00099538
v -0.00391902 0.01423191 -0.00309752
v -0.00312975 0.01480659 -0.00607729
v -0.00475495 0.01679521 0.00105587
v -0.00475847 0.01717956 -0.00283163
v -0.00473992 0.01718888 0.00156866
v -0.00471155 0.01715325 0.00259404
v -0.00372196 0.01715797 0.00397903
v -0.00444368 0.01735577 0.00409244
v -0.00476231 0.01756580 -0.00280641
v -0.00441767 0.01753638 -0.00352415
v -0.00476796 0.01751969 -0.00045803
v -0.00477439 0.01756587 0.00024376
v -0.00469446 0.01768897 0.00344975
v -0.00466431 0.01986208 -0.00284633
v -0.00414773 0.02002311 0.00614111
v -0.00372476 -0.01997337 -0.00655591
v -0.00424605 -0.02000137 0.00411568
v -0.00402440 -0.01986047 0.00529647
v -0.00328627 -0.01835203 -0.00763734
v -0.00421180 -0.01690055 -0.00179421
v -0.00437797 -0.01653971 -0.00116733
v -0.00393087 -0.01661541 0.00000625
v -0.00391690 -0.01517740 -0.00460122
v -0.00355620 -0.01522651 -0.00121410
v -0.00404911 -0.01450924 0.00225485
v -0.00331937 -0.01390832 -0.00008755
v -0.00399800 -0.01318413 0.00070848
v -0.00356039 -0.00060176 -0.00465905
v -0.00371390 0.00222211 -0.00455063
v -0.00372455 0.00082632 -0.00670235
v -0.00261913 0.01139793 -0.00620346
v -0.00351395 0.01335555 -0.00117678
v -0.00270153 0.01416489 -0.00143685
v -0.00411346 0.01366631 0.00309340
v -0.00380169 0.01413957 -0.00198448
v -0.00402304 0.01523857 -0.00384970
v -0.00354151 0.01515846 0.00092162
v -0.00333666 0.01611425 0.00683366
v -0.00451851 0.01702756 0.00094327
v -0.00424526 0.01717809 -0.00306548
v -0.00442560 0.01717504 -0.00234068
v -0.00446000 0.01714857 -0.00038520
v -0.00453180 0.01760789 0.00115460
v -0.00446563 0.01760458 -0.00174872
v -0.00449037 0.01742292 -0.00094641
v -0.00433452 0.01788085 -0.00285963
v -0.00453230 0.01785797 -0.00055457
v -0.00443841 0.01782165 0.00042142
v -0.00448075 0.01792303 0.00192437
v -0.00442327 0.01788741 0.00397046
v -0.00380312 0.01795663 0.00768821
v -0.00374282 0.01956182 -0.00588488
v -0.00302362 0.02000904 -0.00562494
v -0.00416862 0.01992217 0.00064245
v -0.00355146 0.02001822 0.00697511
v -0.00378282 -0.01997224 0.00200370
v -0.00405664 -0.01992689 -0.00448956
v -0.00286872 -0.01928848 0.00579267
v -0.00302107 -0.01913111 -0.00759333
v -0.00388640 -0.01686732 0.00120062
v -0.00381801 -0.01689204 -0.00039719
v -0.00355306 -0.01650302 0.00107433
v -0.00310442 -0.01633438 0.00567983
v -0.00353507 -0.01569238 0.00468849
v -0.00332250 -0.01535899 -0.00444168
v -0.00347039 -0.01547597 -0.00265480
v -0.00287627 -0.01519617 0.00276436
v -0.00340224 -0.01371945 0.00138017
v -0.00310889 -0.01251558 -0.00299873
v -0.00371693 -0.01026018 -0.00497484
v -0.00342737 -0.00823056 -0.00707583
v -0.00337681 -0.00782223 -0.00487907
v -0.00287537 -0.00667218 -0.00693070
v -0.00283471 0.00440922 -0.00654150
v -0.00346947 0.00798671 -0.00651336
v -0.00321822 0.00994735 -0.00421652
v -0.00304156 0.01231818 -0.00231235
v -0.00304338 0.01241661 -0.00180703
v -0.00338186 0.01350653 0.00176420
v -0.00299263 0.01559398 0.00030930
v -0.00271588 0.01584022 0.00528681
v -0.00328847 0.01578177 -0.00337741
v -0.00373406 0.01583355 -0.00249166
v -0.00407126 0.01683883 0.00085718
v -0.00312749 0.01679915 0.00148639
v -0.00406413 0.01718488 -0.00113881
v -0.00371858 0.01752950 -0.00386168
v -0.00390341 0.01757150 0.00427626
v -0.00380507 0.01778513 -0.00311501
v -0.00406056 0.01778987 -0.00218889
v -0.00393994 0.01759122 -0.00113419
v -0.00407857 0.01786843 -0.00044912
v -0.00361825 0.01777002 0.00069417
v -0.00405656 0.01787380 0.00496823
v -0.00336127 0.01919001 -0.00606149
v -0.00338361 0.02014588 -0.00384840
v -0.00329630 0.02015538 -0.00194575
v -0.00287402 -0.02021098 0.00377414
v -0.00294678 -0.02026633 0.00479422
v -0.00367024 -0.01997269 -0.00069123
v -0.00304976 -0.01966372 0.00566318
v -0.00303738 -0.01760506 -0.00756658
v -0.00348421 -0.01730750 0.00009171
v -0.00343171 -0.01736541 0.00118322
v -0.00205664 -0.01715836 0.00593164
v -0.00301537 -0.01658482 0.00064432
v -0.00277889 -0.01425823 -0.00285837
v -0.00305097 -0.01356611 0.00037944
v -0.00374887 -0.01217305 -0.00489666
v -0.00374565 -0.01182231 -0.00526115
v -0.00173502 -0.00590677 -0.00462844
v -0.00254525 -0.00341407 -0.00685967
v -0.00326083 0.00185360 -0.00458412
v -0.00313289 0.00380824 -0.00433725
v -0.00196075 0.00560013 -0.00426669
v -0.00255579 0.00977546 -0.00631517
v -0.00355834 0.01223420 -0.00329864
v -0.00279796 0.01507569 0.00421534
v -0.00202439 0.01514743 -0.00606312
v -0.00340719 0.01585167 -0.00078657
v -0.00354675 0.01684928 0.00357354
v -0.00371019 0.01717830 -0.00214651
v -0.00329742 0.01717135 -0.00059108
v -0.00338624 0.01692734 0.00021851
v -0.00151477 0.01753644 0.00764204
v -0.00373402 0.01751423 -0.00195573
v -0.00331803 0.01754820 -0.00247543
v -0.00329792 0.01795036 0.00226679
v -0.00296073 0.01822435 0.00362482
v -0.00220911 0.01924251 0.00760783
v -0.00312972 0.02022024 -0.00503696
v -0.00363976 0.02006963 0.00080174
v -0.00338001 0.02015403 0.00308868
v -0.00304514 0.02024553 0.00632146
v -0.00202412 -0.02020031 -0.00536996
v -0.00219431 -0.02017548 -0.00316789
v -0.00270345 -0.02017895 0.00026313
v -0.00321837 -0.01968498 -0.00727646
v -0.00339745 -0.01760122 0.00191823
v -0.00333851 -0.01771715 0.00239692
v -0.00328317 -0.01730793 -0.00131263
v -0.00340916 -0.01694542 -0.00031450
v -0.00341083 -0.01718199 0.00224007
v -0.00341421 -0.01690571 -0.00116499
v -0.00340836 -0.01686439 0.00156162
v -0.00184757 -0.01564634 0.00341535
v -0.00339369 -0.01521218 -0.00487863
v -0.00252418 -0.01558610 -0.00323907
v -0.00270779 -0.01518703 -0.00081894
v -0.00185490 -0.01447420 -0.00745072
v -0.00224128 -0.01449892 -0.00312829
v -0.00278325 -0.01365069 -0.00244144
v -0.00317762 -0.01349639 0.00089789
v -0.00254889 -0.01242780 -0.00485776
v -0.00325616 -0.01245503 -0.00398108
v -0.00256456 -0.01215146 -0.00522024
v -0.00201141 -0.01063622 -0.00518693
v -0.00040830 -0.00949088 -0.00499529
v -0.00138676 -0.00420274 -0.00462172
v -0.00304157 -0.00189941 -0.00476879
v -0.00270563 0.00014534 -0.00670217
v -0.00338026 0.00302881 -0.00655360
v -0.00168386 0.00798657 -0.00655585
v -0.00236433 0.00866922 -0.00428906
v -0.00164622 0.01165682 -0.00423274
v -0.00193984 0.01212816 -0.00420761
v -0.00283982 0.01377316 0.00125678
v -0.00246074 0.01376185 0.00276756
v -0.00253670 0.01445732 -0.00300338
v -0.00240688 0.01445499 -0.00197328
v -0.00308883 0.01430124 0.00096379
v -0.00272472 0.01473166 -0.00352800
v -0.00236518 0.01585401 -0.00387438
v -0.00238320 0.01598015 -0.00296088
v -0.00220849 0.01684749 0.00266301
v -0.00338618 0.01753125 0.00430237
v -0.00303851 0.01754656 -0.00331746
v -0.00339989 0.01759458 -0.00049163
v -0.00229080 0.01788026 0.00457713
v -0.00261690 0.01957527 0.00752162
v -0.00168678 -0.01997705 -0.00723096
v -0.00260325 -0.02016112 0.00529147
v -0.00289203 -0.01811054 0.00265379
v -0.00303777 -0.01792820 0.00195656
v -0.00307311 -0.01794773 0.00328420
v -0.00236256 -0.01786375 0.00062535
v -0.00307668 -0.01747251 0.00287487
v -0.00290746 -0.01725611 -0.00279354
v -0.00311076 -0.01713211 -0.00187463
v -0.00237586 -0.01794287 -0.00012827
v -0.00287911 -0.01689167 -0.00152397
v -0.00286960 -0.01687027 0.00226890
v -0.00248050 -0.01685867 -0.00050050
v -0.00293790 -0.01673216 0.00148300
v -0.00246752 -0.01531882 -0.00759026
v -0.00298593 -0.01533298 -0.00131112
v -0.00305368 -0.01487448 -0.00487006
v -0.00238068 -0.01481319 -0.00046018
v -0.00230976 -0.01382409 0.00132577
v -0.00263986 -0.01252844 -0.00438843
v -0.00270477 -0.00211392 -0.00675457
v -0.00285405 -0.00107932 -0.00457417
v -0.00310330 0.00015041 -0.00449847
v -0.00281400 0.00204284 -0.00452862
v -0.00268882 0.00193440 -0.00667835
v -0.00245344 0.01245999 -0.00346152
v -0.00125908 0.01335749 -0.00610940
v -0.00241367 0.01522155 -0.00386953
v -0.00255853 0.01514170 0.00094436
v -0.00244528 0.01594813 -0.00058796
v -0.00202857 0.01630449 0.00691933
v -0.00227318 0.01649831 0.00735299
v -0.00223868 0.01714071 0.00323612
v -0.00187567 0.01731999 -0.00616195
v -0.00272678 0.01758239 -0.00048994
v -0.00253887 0.01763160 0.00399326
v -0.00239348 0.01794947 0.00207620
v -0.00235777 0.01822408 0.00256906
v -0.00231162 0.01805130 0.00399997
v -0.00158097 0.01878786 -0.00612463
v -0.00119164 0.01952824 -0.00597519
v -0.00119749 0.01996261 0.00737486
v -0.00211051 0.02022576 0.00112490
v -0.00190755 -0.01886554 -0.00767406
v -0.00245065 -0.01787431 0.00362643
v -0.00236427 -0.01777486 -0.00069501
v -0.00260906 -0.01747214 0.00288691
v -0.00272757 -0.01721092 -0.00518144
v -0.00202231 -0.01727048 -0.00526167
v -0.00272654 -0.01720138 -0.00435621
v -0.00236750 -0.01739030 -0.00298062
v -0.00253010 -0.01759949 -0.00207541
v -0.00254345 -0.01705450 -0.00213890
v -0.00171450 -0.01621663 0.00520449
v -0.00226360 -0.01588326 0.00413014
v -0.00158082 -0.01550605 -0.00484935
v -0.00272451 -0.01557088 -0.00456169
v -0.00129313 -0.01548014 -0.00177691
v -0.00202535 -0.01520372 -0.00489904
v -0.00170350 -0.01415671 -0.00014171
v -0.00124804 -0.01414884 0.00158766
v -0.00178921 -0.01261115 -0.00335123
v -0.00202439 -0.01213030 -0.00713055
v -0.00184752 -0.00737180 -0.00492308
v -0.00132827 -0.00677108 -0.00485505
v -0.00198692 -0.00288104 -0.00479287
v -0.00200290 -0.00063357 -0.00681868
v -0.00248957 -0.00061679 -0.00411560
v -0.00221997 0.00089994 -0.00383600
v -0.00168956 0.00394101 -0.00453038
v -0.00126795 0.01057486 -0.00620652
v -0.00210284 0.01244400 -0.00388217
v -0.00201579 0.01396606 -0.00129849
v -0.00213426 0.01426187 0.00096754
v -0.00228515 0.01464805 0.00377972
v 0.00017692 0.01633766 -0.00620865
v -0.00270241 0.01715063 -0.00016515
v -0.00057624 0.02028935 -0.00524449
v -0.00188418 0.02029024 -0.00193700
v -0.00178701 -0.02022541 -0.00655912
v -0.00219479 -0.02022671 -0.00041527
v 0.00019924 -0.01996129 0.00564427
v -0.00157773 -0.01955410 -0.00756935
v -0.00236566 -0.01861214 -0.00485718
v -0.00133577 -0.01929024 0.00579252
v -0.00208429 -0.01802843 0.00208176
v -0.00218186 -0.01819305 0.00328272
v -0.00214203 -0.01803689 0.00366659
v -0.00057878 -0.01758503 0.00593956
v -0.00218218 -0.01734127 -0.00487178
v -0.00235659 -0.01725087 -0.00383842
v -0.00185702 -0.01687929 -0.00487910
v -0.00220387 -0.01694058 -0.00452552
v -0.00170834 -0.01724707 -0.00421921
v -0.00155517 -0.01724351 -0.00261975
v -0.00135644 -0.01688518 0.00153216
v -0.00168450 -0.01656304 0.00563970
v -0.00135320 -0.01588463 -0.00385283
v -0.00207504 -0.01478644 0.00211830
v -0.00117744 -0.01487697 -0.00383669
v -0.00146927 -0.01408475 -0.00258986
v -0.00129192 -0.01382120 0.00035910
v -0.00159924 -0.00940264 -0.00720218
v -0.00142916 -0.00808126 -0.00717616
v -0.00091480 -0.00584798 -0.00700448
v -0.00136535 -0.00200780 -0.00677655
v -0.00200459 -0.00151960 -0.00417369
v -0.00131882 0.00316200 -0.00670551
v -0.00221496 0.00270580 -0.00452046
v -0.00177349 0.00388794 -0.00649073
v -0.00199540 0.00466374 -0.00434021
v -0.00047777 0.00550940 -0.00652584
v -0.00074058 0.00975566 -0.00642120
v -0.00147177 0.00931586 -0.00421073
v -0.00198533 0.01031865 -0.00413343
v -0.00166780 0.01252214 -0.00232392
v -0.00210685 0.01328399 -0.00120122
v -0.00229692 0.01363462 0.00207814
v -0.00037877 0.01446187 0.00326071
v -0.00169718 0.01548586 0.00089082
v -0.00185839 0.01583299 0.00020050
v -0.00168751 0.01585358 0.00491664
v -0.00084257 0.01618633 -0.00333964
v -0.00203749 0.01612815 0.00637740
v -0.00231301 0.01718833 0.00055436
v -0.00235909 0.01760627 0.00015902
v -0.00225526 0.01787103 0.00392067
v -0.00217854 0.01753059 0.00117226
v -0.00232852 0.01828061 0.00356405
v -0.00132077 0.02012660 -0.00551376
v -0.00063844 0.02026055 -0.00423532
v -0.00170393 0.02025202 0.00599477
v -0.00118573 -0.02022207 0.00263581
v -0.00106349 -0.02029446 0.00479048
v -0.00186997 -0.01896180 -0.00539652
v -0.00201413 -0.01889908 -0.00452246
v -0.00204313 -0.01861903 -0.00519886
v -0.00202113 -0.01794538 0.00124034
v -0.00185886 -0.01795729 0.00294516
v -0.00202600 -0.01761739 -0.00214074
v -0.00202516 -0.01767023 0.00255595
v -0.00153215 -0.01760319 0.00230377
v -0.00152856 -0.01553913 -0.00764374
v -0.00140701 -0.01573708 -0.00292599
v -0.00158540 -0.01516961 -0.00464906
v -0.00071593 -0.01368612 -0.00249209
v -0.00168068 -0.01276661 -0.00278897
v -0.00162336 -0.01274472 -0.00447457
v -0.00082329 -0.01088368 -0.00714983
v -0.00174128 -0.01125785 -0.00524575
v -0.00067258 -0.00348569 -0.00481814
v -0.00178827 -0.00225979 -0.00456057
v -0.00155447 -0.00122106 -0.00384577
v -0.00160527 0.00077296 -0.00364190
v -0.00196106 0.00148800 -0.00384267
v -0.00120121 0.00359239 -0.00453201
v -0.00105597 0.00699549 -0.00644758
v -0.00004732 0.00760364 -0.00427454
v -0.00100413 0.01207870 -0.00613197
v -0.00100640 0.01412102 0.00124102
v -0.00184379 0.01497925 -0.00350759
v -0.00184895 0.01474467 -0.00319083
v -0.00124018 0.01463566 0.00096738
v -0.00100086 0.01514799 0.00395881
v -0.00110180 0.01686369 0.00231844
v -0.00179329 0.01712186 0.00136021
v -0.00201546 0.01757342 0.00295894
v -0.00212725 0.01778341 0.00239342
v -0.00092490 0.02029153 -0.00221698
v -0.00168486 0.02034470 -0.00013555
v -0.00082334 0.02036922 0.00469184
v -0.00044408 -0.02022818 -0.00679563
v -0.00086532 -0.02023532 -0.00234150
v -0.00074698 -0.02025998 -0.00001383
v -0.00027488 -0.02028549 0.00516362
v -0.00115380 -0.01894771 -0.00350802
v -0.00118517 -0.01873527 -0.00427251
v -0.00065070 -0.01895100 -0.00765219
v -0.00102191 -0.01797147 0.00157461
v -0.00170812 -0.01789508 0.00219258
v -0.00147880 -0.01798535 0.00319618
v -0.00113120 -0.01792134 0.00348699
v -0.00141989 -0.01764114 -0.00078326
v -0.00152524 -0.01778828 0.00002529
v -0.00168166 -0.01722609 -0.00494939
v -0.00135706 -0.01689320 0.00009681
v -0.00107735 -0.01723684 0.00193235
v -0.00084155 -0.01589805 0.00358297
v 0.00010630 -0.01553523 -0.00153778
v 0.00001496 -0.01519503 0.00225844
v 0.00001413 -0.01457826 -0.00276853
v -0.00019213 -0.01324049 -0.00715419
v -0.00104271 -0.01303769 -0.00274922
v -0.00101306 -0.01283641 -0.00487708
v -0.00064152 -0.00880614 -0.00489630
v -0.00134239 -0.00052509 -0.00362611
v -0.00112295 0.00254969 -0.00397501
v -0.00119348 0.01278243 -0.00372904
v -0.00044935 0.01280496 -0.00187208
v -0.00094870 0.01361310 -0.00127743
v -0.00107328 0.01390056 0.00225907
v -0.00123307 0.01456497 -0.00181940
v -0.00047428 0.01601953 -0.00176823
v 0.00008466 0.01591610 -0.00062551
v -0.00099407 0.01615955 0.00570294
v 0.00006677 0.01628240 0.00630545
v -0.00127023 0.01679151 0.00740620
v -0.00160691 0.01714920 0.00297971
v -0.00156372 0.01746066 0.00160441
v -0.00166502 0.01745291 0.00261561
v -0.00172826 0.01822254 -0.00286730
v -0.00172776 0.01823206 -0.00010400
v -0.00005055 0.01985338 -0.00584682
v -0.00012648 0.02033009 0.00699892
v -0.00032580 0.02048384 0.00632194
v 0.00013800 -0.02030059 -0.00638580
v -0.00074869 -0.02022436 -0.00515829
v -0.00099956 -0.01896706 -0.00558987
v -0.00034081 -0.01898624 -0.00485859
v -0.00057162 -0.01870330 -0.00487499
v -0.00032981 -0.01768084 -0.00758765
v -0.00092242 -0.01783878 0.00080266
v -0.00033003 -0.01590062 -0.00456179
v -0.00034365 -0.01456209 -0.00756941
v 0.00020555 -0.01380165 -0.00721496
v -0.00085949 -0.01383031 0.00091817
v -0.00072405 -0.01286381 -0.00315265
v -0.00100554 -0.01247448 -0.00521739
v -0.00038749 -0.00352081 -0.00680388
v -0.00067371 0.00119850 -0.00689974
v -0.00092116 0.00192895 -0.00369335
v 0.00025302 0.00511561 -0.00654626
v -0.00070637 0.00534592 -0.00426659
v -0.00055622 0.01414860 0.00284993
v 0.00041736 0.01480768 -0.00292469
v 0.00002048 0.01475978 -0.00214806
v -0.00023822 0.01549491 -0.00386977
v -0.00076622 0.01584067 -0.00392226
v -0.00128776 0.01717592 0.00150473
v -0.00115037 0.01733493 0.00312409
v -0.00015471 0.01753295 0.00765744
v -0.00134795 0.01753270 0.00123667
v -0.00143101 0.01771754 0.00331794
v -0.00138312 0.01783812 -0.00351793
v -0.00138529 0.01777108 -0.00016989
v -0.00138270 0.01787739 0.00209205
v -0.00148520 0.01822171 0.00367592
v -0.00136072 0.01784354 0.00430014
v -0.00133890 0.01823834 -0.00375588
v -0.00152269 0.01821050 0.00013294
v -0.00138468 0.01824833 0.00182672
v -0.00137738 0.01858627 0.00292389
v -0.00138208 0.01824264 0.00432329
v -0.00134852 0.01856557 -0.00283248
v -0.00133919 0.01856834 -0.00045459
v -0.00085757 0.02028776 0.00158886
v -0.00079173 0.02036495 -0.00052232
v -0.00006459 -0.01929170 0.00585738
v -0.00104307 -0.01788040 0.00259186
v -0.00067997 -0.01791316 -0.00038061
v 0.00002833 -0.01794458 0.00310281
v -0.00082086 -0.01725914 -0.00237475
v -0.00057634 -0.01752106 -0.00127782
v 0.00015653 -0.01706374 -0.00062776
v 0.00222711 -0.01656751 0.00564605
v 0.00101236 -0.01591306 0.00357017
v 0.00050082 -0.01536391 -0.00763455
v 0.00016061 -0.01526254 -0.00070617
v -0.00049657 -0.01294947 -0.00418409
v -0.00036001 -0.00294957 -0.00468189
v -0.00048442 -0.00228519 -0.00412161
v -0.00014882 -0.00191476 -0.00383292
v -0.00049420 -0.00087842 -0.00355439
v -0.00041066 0.00338013 -0.00432208
v 0.00005997 0.00389160 -0.00647057
v 0.00002689 0.00405494 -0.00448037
v -0.00049771 0.00652882 -0.00638792
v -0.00083632 0.01243527 -0.00419950
v 0.00023146 0.01276113 -0.00615609
v -0.00060071 0.01273469 -0.00230015
v -0.00032317 0.01307482 -0.00146829
v 0.00060098 0.01414520 -0.00138827
v -0.00051658 0.01395571 0.00174263
v -0.00026565 0.01582756 0.00475375
v -0.00092793 0.01756078 -0.00026636
v -0.00081487 0.01739895 0.00106569
v -0.00080970 0.01748231 0.00359771
v -0.00066989 0.01783586 -0.00421561
v -0.00090599 0.01757679 -0.00334018
v -0.00065881 0.01758382 -0.00193943
v -0.00066998 0.01783828 0.00465157
v -0.00075616 0.01821353 0.00473457
v -0.00083407 0.01851264 0.00076623
v -0.00089957 0.01853446 0.00172305
v -0.00099324 0.01855722 0.00427515
v 0.00000726 0.01860388 0.00108193
v 0.00002677 -0.02004591 -0.00726776
v 0.00028745 -0.02032209 -0.00105941
v -0.00016609 -0.01895657 -0.00455989
v -0.00017448 -0.01800566 0.00020189
v -0.00038738 -0.01769996 0.00217886
v -0.00011271 -0.01739915 0.00166394
v 0.00035437 -0.01707696 -0.00181345
v 0.00018589 -0.01677022 0.00056286
v -0.00006779 -0.01683171 0.00107620
v 0.00058973 -0.01552456 -0.00482221
v 0.00009479 -0.01532775 -0.00476579
v 0.00046463 -0.01499607 -0.00045623
v 0.00026936 -0.01423130 -0.00011675
v -0.00015362 -0.00795337 -0.00714413
v 0.00071167 -0.00497414 -0.00688327
v 0.00018652 -0.00179450 -0.00682208
v 0.00012848 0.00082130 -0.00691604
v -0.00032372 0.00116787 -0.00351898
v 0.00044562 0.00431681 -0.00644862
v 0.00010140 0.00871214 -0.00645906
v 0.00035555 0.01173840 -0.00429332
v -0.00014679 0.01283671 -0.00333144
v 0.00018400 0.01625192 -0.00274982
v 0.00032786 0.01684246 0.00264559
v 0.00119915 0.01889702 -0.00610896
v 0.00020661 0.01746294 -0.00248401
v 0.00094788 0.01750904 0.00074005
v -0.00033162 0.01752049 -0.00388566
v -0.00067239 0.01823619 -0.00420492
v 0.00003536 0.01858459 -0.00383846
v 0.00001687 0.01867480 -0.00215241
v 0.00018826 0.01924255 0.00765391
v -0.00012903 -0.02033779 0.00246556
v -0.00014841 -0.02047398 0.00419937
v 0.00018442 -0.02036584 0.00020338
v -0.00039995 -0.01890234 -0.00512735
v -0.00018644 -0.01859453 -0.00486407
v -0.00011106 -0.01786448 0.00135555
v -0.00004974 -0.01792559 0.00218463
v 0.00132814 -0.01649642 -0.00758971
v -0.00006978 -0.01600216 -0.00358856
v -0.00006906 -0.01590692 -0.00276491
v 0.00002015 -0.01484679 -0.00339654
v 0.00121112 -0.01417339 -0.00261323
v 0.00171714 -0.01159762 -0.00717198
v 0.00170041 -0.01040597 -0.00528019
v 0.00091618 -0.00973959 -0.00520944
v 0.00100202 -0.00619797 -0.00489040
v 0.00062259 -0.00545448 -0.00469851
v 0.00041029 -0.00424722 -0.00472429
v 0.00006346 0.00192952 -0.00362852
v -0.00004686 0.00259119 -0.00383538
v 0.00035668 0.01120919 -0.00625060
v 0.00017456 0.01278258 -0.00386316
v 0.00035674 0.01514775 -0.00607255
v 0.00016120 0.01455609 -0.00170921
v 0.00155818 0.01508738 0.00381258
v 0.00172234 0.01583669 0.00020553
v 0.00030932 0.01600323 -0.00383731
v 0.00025528 0.01617403 -0.00215317
v 0.00025409 0.01846098 -0.00408000
v 0.00002879 0.01857625 0.00465219
v 0.00035426 0.01866054 0.00258148
v 0.00018105 0.02035893 -0.00467688
v -0.00007087 0.02040599 0.00128124
v 0.00022770 0.02046752 0.00647915
v 0.00035219 -0.01895373 -0.00555571
v 0.00027147 -0.01793894 -0.00019081
v 0.00000729 -0.01759500 -0.00250392
v 0.00023690 -0.01757607 -0.00154069
v 0.00017185 -0.01725584 -0.00317707
v 0.00125987 -0.01625689 0.00513179
v 0.00120705 -0.01416990 0.00158123
v 0.00124763 -0.01389897 0.00108571
v 0.00071842 -0.01285222 -0.00334173
v 0.00068774 -0.01250151 -0.00527030
v 0.00172330 -0.00854988 -0.00497763
v 0.00085835 -0.00697744 -0.00494851
v 0.00069063 -0.00616424 -0.00707185
v 0.00069475 -0.00326159 -0.00487663
v 0.00032697 -0.00227327 -0.00413507
v 0.00073337 -0.00158197 -0.00381581
v 0.00085960 0.00278524 -0.00677116
v 0.00065332 0.00338793 -0.00444763
v 0.00094546 0.00441131 -0.00448866
v 0.00067868 0.00551531 -0.00430602
v 0.00035476 0.00571613 -0.00659745
v 0.00060821 0.00666509 -0.00644150
v 0.00074252 0.00753749 -0.00634836
v 0.00093062 0.00845608 -0.00430439
v 0.00103120 0.01243199 -0.00419984
v 0.00147367 0.01392285 0.00175503
v 0.00146729 0.01403069 0.00243790
v 0.00171670 0.01549066 0.00089906
v 0.00086077 0.01618123 0.00560631
v 0.00138893 0.01637015 0.00680373
v 0.00168685 0.01685141 0.00231486
v 0.00053069 0.01683580 0.00735513
v 0.00071844 0.01754558 -0.00028328
v 0.00039371 0.01748715 0.00377772
v 0.00036856 0.01778686 -0.00420270
v 0.00065487 0.01758924 -0.00143982
v 0.00072128 0.01821902 -0.00421298
v 0.00019135 0.01807920 0.00495185
v 0.00037198 0.01844604 0.00498406
v 0.00104069 0.01861989 0.00394607
v 0.00115803 0.02006359 -0.00558223
v 0.00035552 0.02041930 -0.00028229
v 0.00010127 0.02041456 0.00530225
v 0.00036238 -0.02049191 0.00428493
v 0.00184364 -0.02019915 -0.00587743
v 0.00099406 -0.02023263 -0.00249049
v 0.00070060 -0.01965568 -0.00759214
v 0.00136189 -0.01895216 -0.00767805
v 0.00100674 -0.01896407 -0.00346834
v 0.00184549 -0.01948840 0.00574649
v 0.00055750 -0.01788756 0.00003392
v 0.00036463 -0.01759391 -0.00250805
v 0.00072541 -0.01771821 0.00075181
v 0.00048758 -0.01774260 0.00143578
v 0.00037918 -0.01760812 0.00154964
v 0.00036067 -0.01722311 0.00148945
v 0.00093884 -0.01574251 -0.00453419
v 0.00107224 -0.01588870 -0.00401917
v 0.00182246 -0.01493685 0.00218578
v 0.00140431 -0.01348026 -0.00249999
v 0.00172547 -0.01381135 0.00036541
v 0.00103968 -0.01281971 -0.00485613
v 0.00170845 -0.01282580 -0.00436271
v 0.00103339 -0.01304993 -0.00273133
v 0.00124946 -0.00953046 -0.00719073
v 0.00120785 0.00047210 -0.00357395
v 0.00154708 0.00947908 -0.00425336
v 0.00103720 0.01003186 -0.00650402
v 0.00106786 0.01273618 -0.00185432
v 0.00104231 0.01276235 -0.00350954
v 0.00084167 0.01326344 -0.00137554
v 0.00166416 0.01475158 0.00089625
v 0.00170806 0.01435476 0.00305692
v 0.00120679 0.01613745 -0.00334166
v 0.00106283 0.01711325 0.00156017
v 0.00069422 0.01752944 -0.00349723
v 0.00105142 0.01785774 0.00464556
v 0.00089665 0.01863889 0.00003851
v 0.00102785 0.01991997 0.00732760
v 0.00035538 0.02037856 0.00210095
v 0.00115901 -0.02026806 -0.00025367
v 0.00175022 -0.02031828 0.00480807
v 0.00209848 -0.02007934 0.00539870
v 0.00154985 -0.01897591 -0.00548493
v 0.00171890 -0.01857476 -0.00521555
v 0.00320599 -0.01712573 -0.00754893
v 0.00086032 -0.01749637 -0.00132178
v 0.00086360 -0.01740089 -0.00230342
v 0.00172574 -0.01724423 -0.00255368
v 0.00164701 -0.01696738 -0.00020811
v 0.00070653 -0.01688874 0.00126807
v 0.00172284 -0.01676217 0.00081313
v 0.00184068 -0.01581830 -0.00357915
v 0.00100875 -0.01588780 -0.00286688
v 0.00130172 -0.01554141 -0.00191099
v 0.00239590 -0.01524771 -0.00075230
v 0.00140874 -0.01546837 0.00292244
v 0.00250028 -0.01411989 -0.00014085
v 0.00171748 -0.00599284 -0.00715972
v 0.00137816 -0.00292120 -0.00677658
v 0.00111793 -0.00238593 -0.00454147
v 0.00205717 -0.00070772 -0.00677853
v 0.00116022 -0.00053596 -0.00364307
v 0.00158927 0.00120417 -0.00374895
v 0.00117802 0.00232240 -0.00400825
v 0.00130057 0.00433166 -0.00656136
v 0.00144506 0.00627321 -0.00669672
v 0.00172951 0.01141227 -0.00621396
v 0.00359817 0.01217731 -0.00233004
v 0.00158580 0.01377608 -0.00125819
v 0.00137811 0.01412650 0.00123510
v 0.00154708 0.01429175 -0.00614185
v 0.00172651 0.01449290 -0.00178734
v 0.00171024 0.01540147 -0.00391231
v 0.00137555 0.01599972 -0.00187626
v 0.00084274 0.01853312 0.00446607
v 0.00121259 0.01864013 -0.00245978
v 0.00246104 0.01832356 0.00757811
v 0.00237465 0.01963403 -0.00591842
v 0.00122660 0.02028132 -0.00472497
v 0.00107268 0.02025410 -0.00241969
v 0.00112836 0.02026073 0.00011535
v 0.00106643 0.02026023 0.00530451
v 0.00153201 -0.01999044 -0.00726339
v 0.00239402 -0.02007641 -0.00688774
v 0.00288639 -0.02021278 0.00254836
v 0.00135055 -0.01858109 -0.00383203
v 0.00175275 -0.01793602 0.00020026
v 0.00104297 -0.01794704 0.00192125
v 0.00152844 -0.01762293 0.00267839
v 0.00139606 -0.01517568 -0.00461159
v 0.00286471 -0.01362071 -0.00722213
v 0.00139401 -0.00167367 -0.00415136
v 0.00129139 0.00206299 -0.00681712
v 0.00158332 0.00325256 -0.00656732
v 0.00138655 0.00354490 -0.00460544
v 0.00214249 0.00986283 -0.00647237
v 0.00228544 0.01457615 -0.00302385
v 0.00177324 0.01494145 -0.00355151
v 0.00217768 0.01561908 -0.00624684
v 0.00240363 0.01584657 -0.00387614
v 0.00119043 0.01743031 0.00343389
v 0.00107827 0.01787809 -0.00390224
v 0.00140496 0.01785467 -0.00300518
v 0.00140139 0.01785928 -0.00164431
v 0.00144972 0.01792957 0.00427799
v 0.00104121 0.01856890 -0.00385334
v 0.00139272 0.01857090 0.00248688
v 0.00219463 0.02024675 0.00666117
v 0.00377457 -0.01999299 -0.00658948
v 0.00190855 -0.02022844 -0.00372377
v 0.00155792 -0.01895158 -0.00364544
v 0.00172888 -0.01860474 -0.00385406
v 0.00149379 -0.01792968 0.00081125
v 0.00138446 -0.01793125 0.00267767
v 0.00171940 -0.01754576 -0.00147029
v 0.00138903 -0.01723970 -0.00486202
v 0.00158918 -0.01756198 -0.00217499
v 0.00138862 -0.01720424 0.00227953
v 0.00153247 -0.01556216 -0.00489527
v 0.00272916 -0.01537299 -0.00131976
v 0.00217884 -0.01485469 -0.00428558
v 0.00318687 -0.01468240 -0.00044067
v 0.00218532 -0.01452343 -0.00304361
v 0.00345423 -0.01420902 -0.00278268
v 0.00239682 -0.01383663 -0.00248945
v 0.00209148 -0.01257312 -0.00486511
v 0.00206659 -0.01259138 -0.00380025
v 0.00244237 -0.01214904 -0.00522820
v 0.00256662 0.00210523 -0.00663916
v 0.00308287 0.00492198 -0.00431676
v 0.00184559 0.00500348 -0.00682755
v 0.00282196 0.00542905 -0.00424962
v 0.00209374 0.00585402 -0.00681840
v 0.00226442 0.01133892 -0.00423627
v 0.00230813 0.01236086 -0.00384149
v 0.00341635 0.01284059 -0.00609435
v 0.00248489 0.01531412 0.00412133
v 0.00242999 0.01582952 0.00488439
v 0.00220479 0.01639695 0.00700862
v 0.00180200 0.01685678 0.00733274
v 0.00170764 0.01714980 0.00297863
v 0.00299280 0.01668362 -0.00619527
v 0.00139193 0.01751304 0.00129080
v 0.00140659 0.01766549 0.00382074
v 0.00142395 0.01785933 -0.00012768
v 0.00142842 0.01805528 0.00111871
v 0.00142398 0.01797125 0.00257226
v 0.00141213 0.01821766 -0.00353312
v 0.00146459 0.01824309 0.00390080
v 0.00151066 0.01852166 -0.00267340
v 0.00137953 0.01855250 0.00052494
v 0.00226639 0.02022221 -0.00494844
v 0.00222799 0.02022857 0.00193356
v 0.00282195 0.02014599 0.00513453
v 0.00273867 0.02008622 0.00698813
v 0.00252494 -0.02019644 -0.00079664
v 0.00343477 -0.01895266 0.00585077
v 0.00172171 -0.01792486 0.00327455
v 0.00307751 -0.01741381 0.00593800
v 0.00274016 -0.01724572 -0.00520222
v 0.00202159 -0.01695094 -0.00497311
v 0.00288907 -0.01614480 0.00518054
v 0.00337778 -0.01569288 -0.00758468
v 0.00238576 -0.01558633 -0.00492289
v 0.00225387 -0.01454199 -0.00752258
v 0.00281989 -0.01365109 0.00108378
v 0.00197903 -0.01273761 -0.00277728
v 0.00265785 -0.00989274 -0.00714161
v 0.00256763 -0.00735680 -0.00715143
v 0.00265226 -0.00778360 -0.00489367
v 0.00290644 -0.00620405 -0.00493056
v 0.00247953 -0.00395182 -0.00691836
v 0.00306790 -0.00411543 -0.00475642
v 0.00255753 -0.00395126 -0.00472257
v 0.00237942 -0.00240250 -0.00483597
v 0.00195993 -0.00177428 -0.00453775
v 0.00200262 -0.00106123 -0.00420582
v 0.00193310 -0.00009018 -0.00384140
v 0.00199023 0.00062043 -0.00382714
v 0.00220060 0.00234160 -0.00455513
v 0.00229678 0.00724480 -0.00654060
v 0.00331689 0.00677253 -0.00427777
v 0.00321849 0.01056375 -0.00640782
v 0.00284473 0.01240703 -0.00190639
v 0.00231523 0.01327871 -0.00122224
v 0.00250997 0.01367805 0.00199918
v 0.00304056 0.01442575 -0.00222046
v 0.00307421 0.01517490 0.00093047
v 0.00275741 0.01593644 -0.00211987
v 0.00171943 0.01724121 0.00152454
v 0.00205594 0.01735246 0.00751055
v 0.00149904 0.01772303 0.00175783
v 0.00168246 0.01748929 0.00208382
v 0.00168786 0.01747426 0.00277664
v 0.00156507 0.01786813 0.00350271
v 0.00268775 0.01889866 -0.00614064
v 0.00160970 0.01824785 -0.00246587
v 0.00153430 0.01822042 -0.00024889
v 0.00155573 0.01851608 -0.00110899
v 0.00408189 0.01950330 0.00729956
v 0.00239773 0.02023757 -0.00105046
v 0.00316884 -0.02025247 0.00478563
v 0.00370801 -0.01972564 -0.00722832
v 0.00359483 -0.01930779 -0.00758712
v 0.00206032 -0.01861263 -0.00486436
v 0.00273524 -0.01809933 0.00225333
v 0.00308879 -0.01808425 0.00293504
v 0.00212634 -0.01795358 0.00332493
v 0.00306803 -0.01759819 -0.00246841
v 0.00281627 -0.01766282 -0.00188850
v 0.00311957 -0.01760631 -0.00093003
v 0.00264922 -0.01774101 0.00027656
v 0.00236881 -0.01719643 -0.00414398
v 0.00221011 -0.01723714 -0.00302947
v 0.00241608 -0.01686583 -0.00448288
v 0.00223730 -0.01708112 -0.00112618
v 0.00222390 -0.01663042 0.00053595
v 0.00257044 -0.01689434 0.00226424
v 0.00321408 -0.01545887 -0.00254644
v 0.00232763 -0.01515359 -0.00491147
v 0.00256327 -0.01520726 0.00259197
v 0.00285766 -0.01571327 0.00387100
v 0.00294538 -0.01398249 0.00159952
v 0.00284988 -0.01354926 0.00056636
v 0.00399427 -0.01260159 -0.00714311
v 0.00295743 -0.01242705 -0.00323666
v 0.00286333 -0.00927156 -0.00521179
v 0.00299244 -0.00838371 -0.00497869
v 0.00341785 -0.00599276 -0.00721456
v 0.00317037 -0.00509501 -0.00490238
v 0.00238762 0.00013557 -0.00416978
v 0.00285469 0.00233338 -0.00662308
v 0.00228879 0.01205026 -0.00412713
v 0.00309656 0.01233264 -0.00333110
v 0.00389882 0.01259636 -0.00142949
v 0.00302250 0.01491696 -0.00388670
v 0.00242581 0.01584781 -0.00009332
v 0.00298804 0.01683498 0.00308692
v 0.00218609 0.01716026 0.00103704
v 0.00203239 0.01753739 0.00174185
v 0.00207492 0.01751839 0.00322491
v 0.00236259 0.01791601 0.00191157
v 0.00229683 0.01792477 0.00360421
v 0.00206426 0.01787490 0.00415511
v 0.00338426 0.01906606 0.00746888
v 0.00274440 0.02023549 0.00632101
v 0.00359772 -0.01832742 -0.00759320
v 0.00292898 -0.01780751 0.00133089
v 0.00252924 -0.01692372 -0.00490840
v 0.00375515 -0.01673719 0.00585516
v 0.00301851 -0.01683261 0.00166386
v 0.00312876 -0.01474699 0.00223697
v 0.00337097 -0.01441752 -0.00322698
v 0.00354566 -0.01283880 -0.00247141
v 0.00343137 -0.01145635 -0.00530631
v 0.00275733 -0.00294745 -0.00486457
v 0.00324777 -0.00045086 -0.00665019
v 0.00266748 -0.00022555 -0.00454337
v 0.00260404 0.00175506 -0.00457319
v 0.00307978 0.00184875 -0.00469968
v 0.00307768 0.00440686 -0.00679482
v 0.00293971 0.00636633 -0.00676598
v 0.00255935 0.01414585 -0.00145982
v 0.00410992 0.01395208 0.00087015
v 0.00381795 0.01600650 0.00667103
v 0.00253892 0.01714695 -0.00003549
v 0.00273770 0.01685197 0.00123608
v 0.00236598 0.01734218 0.00345281
v 0.00243360 0.01752732 -0.00071208
v 0.00231799 0.01758725 0.00090222
v 0.00238094 0.01769656 0.00436939
v 0.00304082 0.01783753 0.00500005
v 0.00283589 0.01799012 0.00481489
v 0.00296954 0.01989497 -0.00554470
v 0.00334610 -0.01997184 -0.00490575
v 0.00381080 -0.02003421 -0.00261550
v 0.00350627 -0.02003358 -0.00024621
v 0.00321576 -0.02003857 0.00139287
v 0.00338184 -0.02007239 0.00531596
v 0.00311253 -0.01757699 0.00332372
v 0.00276511 -0.01722867 -0.00449809
v 0.00295409 -0.01726961 -0.00299320
v 0.00306894 -0.01705302 -0.00218879
v 0.00371945 -0.01675248 -0.00016677
v 0.00354583 -0.01638071 0.00089656
v 0.00360766 -0.01631343 0.00564937
v 0.00312222 -0.01547784 -0.00440288
v 0.00327034 -0.01512763 -0.00478753
v 0.00444138 -0.01469586 -0.00766675
v 0.00378865 -0.01314295 -0.00240622
v 0.00336525 -0.01225911 -0.00496428
v 0.00337562 -0.01248000 -0.00437252
v 0.00347661 -0.01242311 -0.00277896
v 0.00494842 -0.00212250 -0.00677417
v 0.00290534 -0.00109359 -0.00475379
v 0.00358807 0.00253193 -0.00459809
v 0.00411656 0.00729467 -0.00652816
v 0.00333506 0.00824012 -0.00649117
v 0.00358826 0.00969252 -0.00654290
v 0.00411405 0.01309757 -0.00130610
v 0.00369856 0.01361427 -0.00140400
v 0.00378538 0.01341287 0.00172448
v 0.00383935 0.01346037 0.00241760
v 0.00394603 0.01430556 -0.00336382
v 0.00329996 0.01410883 0.00327946
v 0.00312538 0.01552586 -0.00387853
v 0.00335655 0.01533948 0.00055015
v 0.00346268 0.01563618 -0.00331053
v 0.00377051 0.01656991 0.00730796
v 0.00361550 0.01670063 0.00249696
v 0.00426087 0.01855685 -0.00611290
v 0.00270272 0.01711937 -0.00079421
v 0.00285887 0.01754539 -0.00208241
v 0.00340829 0.01748871 0.00444374
v 0.00300489 0.01785812 -0.00386462
v 0.00303324 0.01781094 -0.00118554
v 0.00271604 0.01789356 -0.00028618
v 0.00272933 0.01808932 0.00290986
v 0.00273310 0.01812802 0.00428734
v 0.00407314 0.01995194 -0.00468829
v 0.00300210 0.02013439 -0.00436213
v 0.00290703 0.02014371 -0.00193655
v 0.00290610 0.02014091 0.00094595
v 0.00307352 0.02012560 0.00307039
v 0.00443921 -0.01955697 0.00561335
v 0.00453275 -0.01878636 -0.00764875
v 0.00348391 -0.01730691 0.00313797
v 0.00360792 -0.01719832 -0.00232853
v 0.00395219 -0.01664413 -0.00097852
v 0.00361481 -0.01707453 0.00262536
v 0.00399797 -0.01650883 0.00036448
v 0.00356169 -0.01454218 -0.00443918
v 0.00369559 -0.01347723 0.00016467
v 0.00460960 -0.00688796 -0.00497836
v 0.00324927 0.00040240 -0.00472027
v 0.00426290 0.00927660 -0.00425665
v 0.00384670 0.01176007 -0.00421273
v 0.00376391 0.01208741 -0.00385757
v 0.00460846 0.01379127 -0.00620523
v 0.00363050 0.01370776 0.00114427
v 0.00419832 0.01357173 0.00290798
v 0.00401152 0.01400093 -0.00181171
v 0.00402881 0.01528600 0.00463549
v 0.00456577 0.01498303 -0.00617529
v 0.00340515 0.01583448 -0.00249001
v 0.00338084 0.01582675 -0.00112031
v 0.00376683 0.01584285 0.00563052
v 0.00358034 0.01717740 -0.00198270
v 0.00297752 0.01754364 -0.00359102
v 0.00328546 0.01752498 -0.00392041
v 0.00329908 0.01773309 -0.00334547
v 0.00376918 0.01796399 -0.00062025
v 0.00443985 0.01918193 -0.00591262
v 0.00387403 0.01997355 -0.00085557
v 0.00377280 -0.01794344 0.00293324
v 0.00373635 -0.01759377 0.00333514
v 0.00343666 -0.01761365 -0.00182718
v 0.00388981 -0.01726474 0.00142271
v 0.00426733 -0.01691805 0.00162015
v 0.00452360 -0.01647420 0.00146351
v 0.00428864 -0.01565347 0.00496251
v 0.00374651 -0.01520781 -0.00113337
v 0.00465602 -0.01412823 -0.00759798
v 0.00397395 -0.01348039 -0.00248158
v 0.00393457 -0.01212864 -0.00335552
v 0.00403433 -0.01026560 -0.00718889
v 0.00442974 -0.00940334 -0.00530151
v 0.00430493 -0.00436429 -0.00691706
v 0.00503397 -0.00344212 -0.00674782
v 0.00375891 -0.00277668 -0.00474441
v 0.00341344 -0.00087717 -0.00479220
v 0.00465078 0.00078413 -0.00678298
v 0.00518233 0.00333613 -0.00680101
v 0.00472229 0.00449178 -0.00454640
v 0.00451388 0.01089911 -0.00428707
v 0.00421978 0.01138561 -0.00615343
v 0.00414506 0.01234342 -0.00598297
v 0.00397328 0.01514507 -0.00397353
v 0.00406193 0.01546760 -0.00080691
v 0.00385499 0.01684530 0.00104106
v 0.00411340 0.01665207 0.00309841
v 0.00409589 0.01719521 0.00745775
v 0.00442417 0.01689852 0.00071835
v 0.00400515 0.01716616 0.00395630
v 0.00372385 0.01716675 -0.00317261
v 0.00444787 0.01785259 -0.00177666
v 0.00410529 0.01788642 0.00240195
v 0.00376957 0.01790248 0.00378016
v 0.00348208 0.01789623 0.00477246
v 0.00368956 0.01991668 -0.00382354
v 0.00375387 0.01991911 0.00055635
v 0.00388622 0.01991746 0.00403088
v 0.00379937 0.01991442 0.00508927
v 0.00474065 0.01992357 0.00632863
v 0.00411313 -0.01990246 -0.00562254
v 0.00400116 -0.01996478 0.00127969
v 0.00443731 -0.01990470 0.00249759
v 0.00463760 -0.01994704 0.00449466
v 0.00500583 -0.01882230 0.00579648
v 0.00380130 -0.01762218 0.00220173
v 0.00501063 -0.01712289 -0.00753467
v 0.00402305 -0.01719037 -0.00167130
v 0.00411822 -0.01709655 0.00012729
v 0.00375923 -0.01688665 -0.00217795
v 0.00383562 -0.01716901 0.00197974
v 0.00581953 -0.01541533 0.00530775
v 0.00408418 -0.01525604 -0.00458525
v 0.00477699 -0.01520736 -0.00385274
v 0.00450283 -0.01522648 0.00341588
v 0.00425274 -0.01485365 -0.00468126
v 0.00458080 -0.01401660 -0.00323632
v 0.00374983 -0.01382926 -0.00013023
v 0.00523167 -0.01336565 0.00164523
v 0.00472292 -0.01312337 0.00107250
v 0.00439909 -0.01190763 -0.00484264
v 0.00460880 -0.01192300 -0.00376572
v 0.00465173 -0.01154529 -0.00520751
v 0.00469162 -0.00812658 -0.00514933
v 0.00443818 -0.00100616 -0.00678171
v 0.00401252 0.00014518 -0.00668345
v 0.00435344 0.00112507 -0.00464727
v 0.00454261 0.00542919 -0.00682156
v 0.00612896 0.00655962 -0.00426300
v 0.00518402 0.00826511 -0.00653190
v 0.00466762 0.01443880 -0.00388295
v 0.00509836 0.01378166 -0.00230955
v 0.00525631 0.01418698 0.00360964
v 0.00445689 0.01502705 0.00054990
v 0.00394323 0.01558746 -0.00234493
v 0.00447831 0.01598168 0.00697765
v 0.00476538 0.01695097 0.00394687
v 0.00411836 0.01718176 -0.00352031
v 0.00426915 0.01710672 -0.00181745
v 0.00375082 0.01752680 0.00426478
v 0.00413576 0.01753369 -0.00386162
v 0.00422843 0.01783432 -0.00314892
v 0.00440488 0.01822320 0.00733088
v 0.00415395 0.01795772 0.00080383
v 0.00448349 -0.01999280 0.00504190
v 0.00410179 -0.01724245 0.00224917
v 0.00414055 -0.01725747 0.00290726
v 0.00477835 -0.01690404 -0.00215170
v 0.00449011 -0.01703882 0.00088459
v 0.00453499 -0.01518908 -0.00278782
v 0.00468472 -0.01492187 -0.00136214
v 0.00448559 -0.01440789 -0.00458932
v 0.00449523 -0.01441491 -0.00040470
v 0.00476912 -0.01406401 -0.00408812
v 0.00423617 -0.01389498 -0.00280683
v 0.00457373 -0.01315845 0.00039730
v 0.00456810 -0.01231477 -0.00246848
v 0.00501227 -0.00712227 -0.00718672
v 0.00460721 -0.00495943 -0.00495954
v 0.00484756 -0.00514151 -0.00713040
v 0.00482104 -0.00311608 -0.00488765
v 0.00527992 0.00390530 -0.00462928
v 0.00463907 0.00689629 -0.00669760
v 0.00471615 0.01181298 -0.00313712
v 0.00412018 0.01209797 -0.00180360
v 0.00473734 0.01326869 0.00116481
v 0.00489939 0.01446279 0.00079642
v 0.00532796 0.01498952 -0.00389488
v 0.00463784 0.01549102 0.00559688
v 0.00457503 0.01577199 0.00664307
v 0.00417468 0.01745336 0.00375793
v 0.00436596 0.01748966 0.00312048
v 0.00479252 0.01789289 -0.00113232
v 0.00522752 0.01907819 0.00731183
v 0.00459687 0.01985362 -0.00349857
v 0.00461786 0.01989028 -0.00073978
v 0.00446647 0.01994184 0.00669363
v 0.00491258 -0.01964426 -0.00607239
v 0.00515669 -0.01967092 -0.00373823
v 0.00461374 -0.01983528 -0.00170229
v 0.00589548 -0.01877944 -0.00758572
v 0.00615616 -0.01664664 0.00588919
v 0.00480902 -0.01654641 -0.00146323
v 0.00512705 -0.01624833 0.00093436
v 0.00527228 -0.01468884 0.00276687
v 0.00537214 -0.01296110 -0.00722601
v 0.00556497 -0.00970093 -0.00715649
v 0.00553827 -0.00565195 -0.00718324
v 0.00474085 -0.00169901 -0.00469197
v 0.00525197 0.00568625 -0.00431270
v 0.00562876 0.00777414 -0.00429996
v 0.00551931 0.01007671 -0.00652396
v 0.00495809 0.01127514 -0.00418548
v 0.00478964 0.01168844 -0.00369077
v 0.00519571 0.01153002 -0.00223627
v 0.00467779 0.01241519 -0.00585187
v 0.00525964 0.01241380 -0.00137742
v 0.00562502 0.01273456 0.00140300
v 0.00502625 0.01472777 -0.00399864
v 0.00549592 0.01516700 -0.00316716
v 0.00473132 0.01637405 0.00734062
v 0.00614202 0.01642679 -0.00627747
v 0.00494462 0.01617616 0.00261288
v 0.00446089 0.01716486 -0.00318160
v 0.00448972 0.01703112 0.00019293
v 0.00438089 0.01717114 0.00240036
v 0.00461677 0.01721847 0.00414751
v 0.00446612 0.01755508 -0.00354422
v 0.00460340 0.01747413 0.00360825
v 0.00451614 0.01784257 0.00040877
v 0.00444590 0.01788218 0.00191574
v 0.00610498 0.01925955 -0.00561005
v 0.00646046 0.01932277 -0.00520222
v 0.00475527 0.01985006 0.00523468
v 0.00562057 -0.01959427 0.00394397
v 0.00577827 -0.01944686 0.00533148
v 0.00482345 -0.01691827 -0.00147535
v 0.00523160 -0.01694951 -0.00012927
v 0.00522594 -0.01622199 -0.00009796
v 0.00613477 -0.01620988 0.00582054
v 0.00534378 -0.01463726 -0.00458127
v 0.00545685 -0.01452089 -0.00079759
v 0.00593737 -0.01394956 0.00225249
v 0.00546273 -0.01352038 -0.00280151
v 0.00528697 -0.01339935 -0.00007629
v 0.00512407 -0.01180196 -0.00418563
v 0.00538615 -0.01153194 -0.00303834
v 0.00547958 -0.01043186 -0.00531372
v 0.00562653 -0.00833492 -0.00520702
v 0.00596946 0.00027262 -0.00460106
v 0.00502280 0.01190155 -0.00583038
v 0.00609358 0.01248420 0.00181969
v 0.00549812 0.01298959 0.00274496
v 0.00616181 0.01266364 -0.00152976
v 0.00584007 0.01328831 0.00316489
v 0.00524067 0.01356830 0.00083849
v 0.00518215 0.01390874 -0.00354977
v 0.00548849 0.01360649 -0.00315977
v 0.00500810 0.01512883 -0.00011353
v 0.00569737 0.01501719 0.00524357
v 0.00529245 0.01523842 -0.00122565
v 0.00587520 0.01537680 0.00657453
v 0.00502092 0.01647971 0.00122703
v 0.00508006 0.01682293 0.00102271
v 0.00480655 0.01717560 -0.00163704
v 0.00479354 0.01719551 0.00018708
v 0.00472740 0.01717026 0.00075755
v 0.00477749 0.01739317 0.00176063
v 0.00546361 0.01703511 0.00161338
v 0.00502034 0.01717106 0.00256128
v 0.00482362 0.01753061 -0.00287121
v 0.00467315 0.01756532 0.00051366
v 0.00543678 0.01734550 0.00310219
v 0.00479464 0.01788474 -0.00250393
v 0.00479564 0.01767241 -0.00173628
v 0.00479409 0.01784572 -0.00013430
v 0.00580533 0.01759577 0.00732669
v 0.00565235 0.01872477 -0.00605788
v 0.00565172 0.01962288 -0.00478183
v 0.00512094 0.01970301 0.00047503
v 0.00508313 -0.01962049 -0.00232132
v 0.00513153 -0.01962833 0.00226613
v 0.00639035 -0.01784190 -0.00766708
v 0.00670431 -0.01784444 0.00586430
v 0.00540353 -0.01689075 0.00108368
v 0.00547316 -0.01691036 0.00226443
v 0.00535669 -0.01662878 -0.00094459
v 0.00582302 -0.01625732 -0.00048434
v 0.00558998 -0.01651103 0.00163053
v 0.00688985 -0.01626190 -0.00750290
v 0.00590686 -0.01571427 0.00560891
v 0.00564903 -0.01503052 0.00391103
v 0.00555417 -0.01529890 0.00495950
v 0.00614197 -0.01451671 -0.00761281
v 0.00520010 -0.01493383 -0.00401070
v 0.00553632 -0.01489857 -0.00334048
v 0.00543766 -0.01486070 -0.00214811
v 0.00559939 -0.01401648 -0.00466448
v 0.00561365 -0.01268176 0.00073935
v 0.00611477 -0.01229557 -0.00230881
v 0.00572713 -0.01132654 -0.00485983
v 0.00618956 -0.01079427 -0.00517752
v 0.00545903 -0.00684610 -0.00491318
v 0.00596890 -0.00518298 -0.00492620
v 0.00554407 -0.00214999 -0.00492827
v 0.00588743 -0.00070752 -0.00462010
v 0.00681934 0.00257423 -0.00457259
v 0.00604330 0.00711548 -0.00671633
v 0.00554186 0.01093219 -0.00631927
v 0.00599132 0.01109077 -0.00385766
v 0.00558165 0.01173146 -0.00590848
v 0.00560178 0.01148256 -0.00183171
v 0.00554863 0.01189255 -0.00152784
v 0.00560508 0.01244617 -0.00586863
v 0.00668216 0.01412649 -0.00621937
v 0.00547410 0.01454166 0.00410466
v 0.00796802 0.01544312 -0.00630852
v 0.00562530 0.01615122 0.00297465
v 0.00661244 0.01716155 0.00739193
v 0.00502463 0.01711550 0.00132057
v 0.00543222 0.01718148 0.00496140
v 0.00645673 0.01849543 0.00736710
v 0.00585350 0.01936967 0.00698303
v 0.00582962 0.01954405 -0.00242353
v 0.00621488 0.01944545 -0.00023012
v 0.00543745 0.01957422 0.00513963
v 0.00601755 -0.01909727 -0.00722751
v 0.00560976 -0.01948459 -0.00655346
v 0.00596804 -0.01946501 -0.00009118
v 0.00685557 -0.01692628 -0.00754319
v 0.00570709 -0.01665264 0.00167167
v 0.00705698 -0.01338294 -0.00043237
v 0.00615326 -0.01333487 -0.00323314
v 0.00586121 -0.01292075 -0.00248036
v 0.00622114 -0.01250463 0.00021990
v 0.00663219 -0.01226718 0.00116395
v 0.00682576 -0.01136312 -0.00713832
v 0.00649646 -0.01129575 -0.00244303
v 0.00654819 -0.01094978 -0.00279828
v 0.00681942 -0.00684523 -0.00719199
v 0.00613094 -0.00398704 -0.00654541
v 0.00710090 -0.00363808 -0.00500230
v 0.00585494 -0.00149696 -0.00662141
v 0.00558915 -0.00023749 -0.00674227
v 0.00643657 0.00138073 -0.00683742
v 0.00546200 0.00494006 -0.00454005
v 0.00650072 0.00609085 -0.00681144
v 0.00584181 0.01293327 -0.00614268
v 0.00636275 0.01258155 0.00089696
v 0.00628137 0.01304376 -0.00179227
v 0.00620231 0.01325922 -0.00213476
v 0.00612248 0.01436849 0.00057278
v 0.00608561 0.01496408 -0.00250686
v 0.00630107 0.01554042 0.00700337
v 0.00596768 0.01599520 0.00250888
v 0.00577418 0.01648631 0.00018580
v 0.00580154 0.01624347 0.00097615
v 0.00561588 0.01686106 0.00072905
v 0.00609360 0.01668976 0.00424205
v 0.00581185 0.01681781 0.00467211
v 0.00562873 0.01745312 0.00421187
v 0.00672685 0.01795418 -0.00614000
v 0.00552437 0.01960268 0.00123903
v 0.00611912 -0.01638066 0.00005521
v 0.00581997 -0.01659168 0.00087429
v 0.00580743 -0.01657585 0.00127077
v 0.00594453 -0.01622787 0.00121005
v 0.00578469 -0.01585047 0.00056396
v 0.00578124 -0.01585569 0.00092687
v 0.00606730 -0.01449063 -0.00452183
v 0.00608556 -0.01438316 -0.00109866
v 0.00626546 -0.01400016 -0.00471226
v 0.00698516 -0.01374907 0.00260401
v 0.00710779 -0.01311873 -0.00757734
v 0.00611726 -0.01354756 -0.00433952
v 0.00700118 -0.01243152 -0.00004552
v 0.00708894 -0.00970519 -0.00526918
v 0.00744324 -0.00832336 -0.00527926
v 0.00622352 -0.00301946 -0.00639489
v 0.00630740 -0.00292402 -0.00506725
v 0.00615518 -0.00242101 -0.00639497
v 0.00613903 0.00457761 -0.00684051
v 0.00723235 0.00852012 -0.00423819
v 0.00781165 0.00907526 -0.00653483
v 0.00778047 0.00956067 -0.00418513
v 0.00635930 0.01056732 -0.00419684
v 0.00603278 0.01121018 -0.00319590
v 0.00638276 0.01090991 -0.00232917
v 0.00646121 0.01207923 -0.00607971
v 0.00665158 0.01361331 -0.00389152
v 0.00692950 0.01379352 -0.00405564
v 0.00630425 0.01396392 0.00071832
v 0.00713801 0.01360810 0.00360278
v 0.00629704 0.01480968 -0.00107807
v 0.00651217 0.01581362 0.00198855
v 0.00662836 0.01584196 0.00721164
v 0.00596905 0.01685214 -0.00147334
v 0.00575194 0.01686626 -0.00045640
v 0.00613911 0.01719360 0.00496276
v 0.00613742 0.01945257 0.00310079
v 0.00647248 -0.01925186 -0.00460899
v 0.00645436 -0.01928597 -0.00217662
v 0.00635508 -0.01944237 0.00428649
v 0.00676942 -0.01928032 0.00496711
v 0.00641847 -0.01621887 -0.00162892
v 0.00642416 -0.01644795 0.00083737
v 0.00605451 -0.01631652 0.00123775
v 0.00631929 -0.01626064 0.00129414
v 0.00636770 -0.01586558 -0.00052273
v 0.00682252 -0.01435316 -0.00324725
v 0.00703679 -0.01431633 0.00366862
v 0.00769449 -0.01167554 -0.00721003
v 0.00701587 -0.01059140 -0.00322133
v 0.00707438 -0.00938128 -0.00719203
v 0.00682115 -0.00735742 -0.00520166
v 0.00656578 -0.00676034 -0.00500510
v 0.00775226 -0.00667473 -0.00494926
v 0.00667660 -0.00511943 -0.00704206
v 0.00696737 -0.00188167 -0.00503014
v 0.00702428 -0.00095209 -0.00480327
v 0.00773883 0.00202011 -0.00680692
v 0.00733313 0.00501803 -0.00452697
v 0.00715502 0.00593995 -0.00430699
v 0.00699752 0.01041361 -0.00657473
v 0.00737832 0.01126789 -0.00633684
v 0.00726600 0.01092688 -0.00160761
v 0.00695941 0.01221027 0.00232636
v 0.00704611 0.01252648 0.00293064
v 0.00649480 0.01309103 0.00059932
v 0.00712202 0.01285554 -0.00627650
v 0.00647773 0.01325855 -0.00335892
v 0.00659870 0.01429509 -0.00401512
v 0.00714689 0.01412623 0.00430527
v 0.00677061 0.01446270 -0.00015676
v 0.00750537 0.01458389 0.00629603
v 0.00619799 0.01620223 0.00114129
v 0.00619906 0.01646405 0.00047108
v 0.00604960 0.01677809 -0.00015056
v 0.00713483 0.01648598 0.00737132
v 0.00616926 0.01685359 0.00012869
v 0.00631765 0.01678406 0.00449009
v 0.00619101 0.01689202 0.00105215
v 0.00621035 0.01722836 0.00251256
v 0.00640058 0.01720462 0.00384407
v 0.00691632 0.01868296 -0.00591374
v 0.00771895 -0.01885773 0.00046037
v 0.00790338 -0.01845087 -0.00720343
v 0.00742259 -0.01878904 -0.00644501
v 0.00767057 -0.01870831 0.00537700
v 0.00716095 -0.01647699 0.00005238
v 0.00648417 -0.01583567 0.00127294
v 0.00742396 -0.01546306 -0.00006796
v 0.00709456 -0.01467030 0.00497610
v 0.00664204 -0.01392319 -0.00076945
v 0.00671669 -0.01332668 -0.00456730
v 0.00726522 -0.01242913 0.00169331
v 0.00736557 -0.01168086 0.00075129
v 0.00698837 -0.01161832 -0.00227525
v 0.00694832 -0.01059289 -0.00485205
v 0.00743412 -0.00198170 -0.00634340
v 0.00805717 0.00009869 -0.00466711
v 0.00732947 0.00363983 -0.00678035
v 0.00715005 0.00835870 -0.00655874
v 0.00687407 0.01083521 -0.00181031
v 0.00778675 0.01110075 -0.00150668
v 0.00711992 0.01258647 0.00060793
v 0.00668787 0.01446941 0.00474651
v 0.00695322 0.01439860 -0.00370503
v 0.00664182 0.01612422 0.00159584
v 0.00684584 0.01600496 0.00333598
v 0.00645850 0.01695743 0.00186178
v 0.00651955 0.01697587 0.00421524
v 0.00679495 0.01681780 0.00275966
v 0.00751273 0.01873246 0.00702725
v 0.00664644 0.01931022 -0.00447440
v 0.00679062 0.01922712 -0.00189786
v 0.00688056 0.01918859 0.00382259
v 0.00741905 0.01904918 0.00609130
v 0.00713186 -0.01893565 -0.00422574
v 0.00751187 -0.01809834 -0.00760656
v 0.00687159 -0.01620602 -0.00218909
v 0.00717078 -0.01626020 -0.00215005
v 0.00680459 -0.01623728 0.00160172
v 0.00715921 -0.01588265 -0.00219180
v 0.00753341 -0.01546807 0.00581189
v 0.00820245 -0.01445556 0.00544897
v 0.00825072 -0.01444446 -0.00758949
v 0.00770889 -0.01357771 -0.00455687
v 0.00706549 -0.01416394 -0.00403774
v 0.00745248 -0.01387296 -0.00230368
v 0.00716100 -0.01368802 -0.00469435
v 0.00721509 -0.01331526 -0.00472544
v 0.00740377 -0.01259776 -0.00312143
v 0.00719780 -0.01257754 -0.00281129
v 0.00708211 -0.01221538 -0.00241491
v 0.00789743 -0.01011129 -0.00436517
v 0.00728775 -0.01054442 -0.00389954
v 0.00732962 -0.00497000 -0.00499077
v 0.00725673 -0.00449892 -0.00691875
v 0.00766691 -0.00381533 -0.00652151
v 0.00819476 -0.00292951 -0.00632254
v 0.00755272 -0.00002429 -0.00673255
v 0.00766311 0.00721846 -0.00676960
v 0.00697702 0.01066617 -0.00335082
v 0.00860815 0.01079573 -0.00153669
v 0.00799121 0.01141013 0.00122262
v 0.00733206 0.01289555 -0.00336966
v 0.00725749 0.01276711 -0.00211861
v 0.00767007 0.01327960 0.00056159
v 0.00716577 0.01447467 -0.00265557
v 0.00751530 0.01494173 0.00678542
v 0.00714790 0.01583051 0.00119366
v 0.00681293 0.01653633 0.00205029
v 0.00718805 0.01646159 0.00399825
v 0.00825771 0.01820281 -0.00606143
v 0.00773731 0.01869197 -0.00570895
v 0.00720453 0.01906601 0.00658180
v 0.00765600 -0.01877186 -0.00190185
v 0.00751057 -0.01896161 0.00436823
v 0.00932325 -0.01682133 0.00583031
v 0.00715271 -0.01618645 -0.00488465
v 0.00728784 -0.01623595 -0.00109825
v 0.00733573 -0.01646569 0.00114382
v 0.00714975 -0.01589516 -0.00471334
v 0.00744649 -0.01620718 0.00167743
v 0.00767921 -0.01555222 -0.00196753
v 0.00788457 -0.01525239 0.00078974
v 0.00872004 -0.01543361 -0.00748877
v 0.00753905 -0.01367757 -0.00109938
v 0.00749647 -0.01316057 0.00223786
v 0.00789521 -0.01243826 -0.00416680
v 0.00966831 0.00474787 -0.00464052
v 0.00807358 0.00446028 -0.00683979
v 0.00748652 0.01014461 -0.00389335
v 0.00734718 0.01031222 -0.00253113
v 0.00747121 0.01037627 -0.00201958
v 0.00801391 0.01140584 0.00180520
v 0.00750244 0.01191954 -0.00630997
v 0.00780451 0.01207052 -0.00179359
v 0.00792638 0.01282879 -0.00389067
v 0.00854782 0.01311558 0.00390526
v 0.00726621 0.01396055 0.00031871
v 0.00784966 0.01308519 -0.00620755
v 0.00785726 0.01391674 -0.00385429
v 0.00819890 0.01382054 -0.00045196
v 0.00762023 0.01522080 0.00209886
v 0.00764244 0.01552411 0.00266082
v 0.00731905 0.01603258 0.00137178
v 0.00751912 0.01613532 0.00330000
v 0.00751760 0.01669076 0.00239921
v 0.00938216 0.01617267 -0.00627174
v 0.00750948 0.01651944 0.00326756
v 0.00799319 0.01773581 -0.00620835
v 0.00783445 0.01891083 -0.00504226
v 0.00766519 0.01897035 -0.00310998
v 0.00757251 0.01895082 0.00171696
v 0.00816883 -0.01825714 0.00565366
v 0.00828818 -0.01774954 0.00579777
v 0.00855964 -0.01679488 -0.00769919
v 0.00787718 -0.01596269 0.00589352
v 0.00749679 -0.01586844 -0.00488048
v 0.00753527 -0.01591408 -0.00221749
v 0.00775093 -0.01575039 0.00129561
v 0.00776107 -0.01565384 -0.00187803
v 0.00791112 -0.01548716 -0.00114391
v 0.00837252 -0.01524515 -0.00044902
v 0.00793390 -0.01363584 -0.00404804
v 0.00867856 -0.01313550 0.00309630
v 0.00788417 -0.01258250 -0.00455349
v 0.00909398 -0.01202545 -0.00045659
v 0.00822748 -0.01194896 -0.00743440
v 0.00850122 -0.01159685 -0.00015194
v 0.00810520 -0.01135773 0.00022093
v 0.00813539 -0.01088950 -0.00226896
v 0.00809511 -0.00988870 -0.00298739
v 0.00774822 -0.00977344 -0.00518699
v 0.00897656 -0.00641229 -0.00721147
v 0.00843582 -0.00548178 -0.00489569
v 0.01067454 -0.00491064 -0.00729872
v 0.00832853 -0.00241220 -0.00512547
v 0.00901755 -0.00048495 -0.00490327
v 0.00817991 0.00219048 -0.00463170
v 0.00826485 0.00602663 -0.00684850
v 0.00826628 0.00691848 -0.00431906
v 0.00929287 0.00835948 -0.00653851
v 0.00803077 0.01156069 0.00086862
v 0.00794710 0.01354500 -0.00416971
v 0.00822111 0.01425648 -0.00625767
v 0.00804605 0.01552071 0.00716217
v 0.00785249 0.01553737 0.00104399
v 0.00754908 0.01595756 0.00282754
v 0.00755200 0.01619416 0.00210856
v 0.00960226 0.01581297 0.00704977
v 0.00959958 0.01683391 0.00718782
v 0.00821728 0.01800192 0.00722199
v 0.00782008 0.01888104 -0.00071572
v 0.00788157 -0.01861376 -0.00512701
v 0.00851235 -0.01797549 -0.00762017
v 0.00851118 -0.01740139 -0.00774281
v 0.00830964 -0.01595069 0.00053424
v 0.00802516 -0.01598478 0.00120996
v 0.00794954 -0.01590052 -0.00070661
v 0.00890473 -0.01347866 0.00413864
v 0.00885123 -0.01314377 -0.00300463
v 0.00835839 -0.01332748 -0.00164315
v 0.00785962 -0.01314844 -0.00486448
v 0.00873550 -0.01269418 -0.00085523
v 0.00882255 -0.01111238 -0.00244870
v 0.00898770 -0.01017143 -0.00716100
v 0.00843296 -0.01001125 -0.00240991
v 0.00817025 -0.00972869 -0.00486807
v 0.00897471 -0.00740820 -0.00519417
v 0.00817885 -0.00096052 -0.00646506
v 0.00955974 0.00662949 -0.00452955
v 0.00866929 0.00764330 -0.00667658
v 0.00922729 0.00824713 -0.00418783
v 0.00818976 0.00971241 -0.00386776
v 0.00876935 0.01129611 0.00257676
v 0.00883421 0.01287208 -0.00641489
v 0.00834844 0.01190511 0.00057251
v 0.00889801 0.01189108 -0.00352055
v 0.00849495 0.01316172 0.00023163
v 0.00835447 0.01406086 0.00623446
v 0.00854100 0.01426866 0.00673398
v 0.00790777 0.01514646 0.00253410
v 0.00786595 0.01577275 0.00149049
v 0.00785718 0.01571268 0.00261872
v 0.00868573 -0.01849464 -0.00114384
v 0.00831962 -0.01866020 0.00386880
v 0.00882557 -0.01844758 0.00497586
v 0.00877657 -0.01831356 -0.00674697
v 0.00937029 -0.01581118 -0.00757385
v 0.00828537 -0.01555860 -0.00073927
v 0.00815309 -0.01564257 0.00138958
v 0.00835354 -0.01521691 0.00139561
v 0.00901167 -0.01481698 0.00580464
v 0.00889936 -0.01300606 -0.00438565
v 0.00860701 -0.01298178 -0.00111489
v 0.00936682 -0.01315715 -0.00765032
v 0.00854813 -0.01264036 -0.00472135
v 0.00932936 -0.01074413 0.00160690
v 0.00851921 -0.01092504 0.00058930
v 0.00862133 -0.01088734 0.00107775
v 0.00918817 -0.00894628 -0.00431062
v 0.00869319 -0.00889716 -0.00520680
v 0.00851686 -0.00612374 -0.00492031
v 0.00967962 -0.00352099 -0.00495058
v 0.00885134 -0.00156275 -0.00507267
v 0.00868744 0.00918749 -0.00240665
v 0.00911712 0.01024791 -0.00645425
v 0.00943676 0.01218288 0.00028989
v 0.00878227 0.01265106 0.00360188
v 0.00818674 0.01312079 -0.00419035
v 0.00867399 0.01345432 0.00476218
v 0.00849554 0.01376746 -0.00112729
v 0.00825166 0.01512873 0.00107531
v 0.00884024 0.01479008 0.00229275
v 0.00850787 0.01557512 0.00324269
v 0.00852826 0.01583803 0.00118455
v 0.00824386 0.01581775 0.00276168
v 0.00909522 0.01800874 0.00680833
v 0.00850327 0.01855390 0.00649254
v 0.00863041 0.01839846 -0.00572371
v 0.00852207 0.01862254 0.00593532
v 0.00891149 -0.01830910 -0.00407162
v 0.00886089 -0.01556196 -0.00011356
v 0.00894151 -0.01554795 0.00170097
v 0.00882571 -0.01555649 0.00192228
v 0.00871568 -0.01496497 -0.00024905
v 0.00950545 -0.01415085 0.00020292
v 0.00938741 -0.01354261 0.00531368
v 0.00995272 -0.01149511 -0.00757031
v 0.00903386 -0.01167954 -0.00401396
v 0.00907787 -0.01148746 -0.00325112
v 0.00921115 -0.00878834 -0.00300821
v 0.00952228 -0.00409625 -0.00712272
v 0.00885711 -0.00376714 -0.00691383
v 0.00886217 -0.00198613 -0.00631637
v 0.00988373 -0.00019902 -0.00666202
v 0.01021867 0.00082556 -0.00464390
v 0.00937028 0.00577088 -0.00682422
v 0.00873675 0.00929009 -0.00337826
v 0.00914302 0.00910952 -0.00181566
v 0.00953820 0.01072612 -0.00179107
v 0.00893671 0.01083363 0.00088963
v 0.00933321 0.01121941 -0.00222525
v 0.00979538 0.01156753 -0.00643539
v 0.00917861 0.01206837 0.00328430
v 0.00935310 0.01192429 -0.00389911
v 0.00917104 0.01312512 -0.00386914
v 0.00930248 0.01297058 -0.00033980
v 0.01022880 0.01242842 -0.00079329
v 0.00971734 0.01533231 -0.00621490
v 0.00855502 0.01549236 0.00039429
v 0.00873249 0.01480937 0.00147926
v 0.00852810 0.01512721 0.00294914
v 0.00855458 0.01585964 0.00327446
v 0.00864758 0.01589572 0.00266964
v 0.00959680 0.01717004 -0.00617955
v 0.00863294 0.01861347 -0.00445366
v 0.00869200 0.01854239 0.00092268
v 0.00871130 0.01852632 0.00364638
v 0.00932947 -0.01804549 -0.00652830
v 0.00921606 -0.01812719 -0.00423827
v 0.00961337 -0.01806579 0.00479482
v 0.00960958 -0.01787483 0.00530448
v 0.00936086 -0.01793353 -0.00706598
v 0.00946033 -0.01734611 -0.00758571
v 0.00889423 -0.01484424 0.00115045
v 0.00943523 -0.01420449 0.00062594
v 0.00959944 -0.01392622 0.00570556
v 0.00956025 -0.01282254 0.00360069
v 0.00900992 -0.01273030 -0.00461385
v 0.00927425 -0.01178906 -0.00452420
v 0.00984772 -0.01094741 -0.00743689
v 0.00979498 -0.01037605 -0.00723108
v 0.00939102 -0.01030377 0.00022429
v 0.00907416 -0.01017434 -0.00223573
v 0.00979186 -0.00845771 -0.00246247
v 0.00995286 -0.00623207 -0.00520804
v 0.01029206 -0.00104935 -0.00645924
v 0.00995693 0.00027907 -0.00474877
v 0.00983805 0.00242504 -0.00684458
v 0.00954017 0.00355479 -0.00678800
v 0.00986472 0.00671406 -0.00446598
v 0.00930930 0.00860917 -0.00387525
v 0.00998259 0.00782277 -0.00274379
v 0.00919348 0.01066933 0.00206558
v 0.00886873 0.01294885 -0.00416414
v 0.00888930 0.01346522 -0.00298858
v 0.00989957 0.01278589 0.00530517
v 0.00882094 0.01481144 0.00084920
v 0.00888173 0.01510996 0.00113654
v 0.00887097 0.01525948 0.00234462
v 0.01001764 0.01713537 0.00703444
v 0.00995024 0.01781922 -0.00503282
v 0.00973861 0.01798422 -0.00017402
v 0.00915734 -0.01826690 -0.00165022
v 0.00991834 -0.01644599 -0.00768484
v 0.00913954 -0.01518130 -0.00014343
v 0.00956486 -0.01484592 -0.00013038
v 0.00942914 -0.01489101 0.00074282
v 0.00912000 -0.01509453 0.00091575
v 0.00925902 -0.01484436 -0.00061424
v 0.00920052 -0.01450742 -0.00015368
v 0.01013019 -0.01408231 -0.00752515
v 0.00989504 -0.01214834 0.00292664
v 0.00978572 -0.01171422 -0.00462493
v 0.00941943 -0.01011391 0.00055864
v 0.01014628 -0.00972640 0.00139739
v 0.01025711 -0.00832844 -0.00716242
v 0.00937869 -0.00855582 -0.00488123
v 0.00996887 -0.00400289 -0.00499799
v 0.00953789 -0.00292718 -0.00651102
v 0.00995853 0.00747608 -0.00673853
v 0.00988412 0.00802723 -0.00351916
v 0.01073255 0.00816966 -0.00157244
v 0.01005101 0.00995980 0.00055480
v 0.00994333 0.00970496 0.00139275
v 0.00937237 0.01240771 -0.00405484
v 0.01022345 0.01208601 -0.00008784
v 0.00975827 0.01282566 -0.00183792
v 0.00996494 0.01314389 0.00648480
v 0.00936777 0.01436817 0.00123473
v 0.00919755 0.01445107 0.00226362
v 0.00941921 0.01447980 0.00699308
v 0.00955954 0.01459000 0.00016290
v 0.00925119 0.01481104 0.00225491
v 0.00948783 0.01504933 0.00038524
v 0.00916012 0.01499783 0.00120274
v 0.00971385 0.01481177 0.00140813
v 0.00978863 0.01751786 -0.00591593
v 0.00933685 0.01816348 -0.00326892
v 0.00981580 0.01792870 0.00173959
v 0.00986497 0.01789419 0.00501382
v 0.01006199 0.01778480 0.00623010
v 0.01028751 -0.01712369 -0.00724621
v 0.01036742 -0.01687433 0.00568505
v 0.01055783 -0.01476831 -0.00751056
v 0.00986606 -0.01452941 -0.00015088
v 0.00970317 -0.01452102 0.00095404
v 0.00983750 -0.01424194 -0.00011493
v 0.00987321 -0.01417229 0.00099486
v 0.00981017 -0.01299793 0.00489271
v 0.01056106 -0.01145475 -0.00453150
v 0.01020891 -0.01212690 -0.00300398
v 0.01054670 -0.01180026 -0.00208718
v 0.01039886 -0.01094472 0.00224854
v 0.00988905 -0.01075540 -0.00298581
v 0.00953812 -0.01076037 -0.00012904
v 0.01010843 -0.00996559 -0.00242379
v 0.01000664 -0.00931376 -0.00222176
v 0.01036667 -0.00919178 0.00092958
v 0.01035540 -0.00840222 -0.00224544
v 0.01000857 -0.00801873 -0.00384054
v 0.01018329 -0.00763999 -0.00300108
v 0.01073390 -0.00541809 -0.00518365
v 0.01065500 -0.00438244 -0.00724825
v 0.01085260 -0.00342638 -0.00695291
v 0.01054726 -0.00070682 -0.00500499
v 0.01037911 0.00747567 -0.00211256
v 0.01057360 0.00766249 -0.00180518
v 0.01098248 0.00909160 -0.00644394
v 0.01015771 0.00955892 0.00092175
v 0.01114756 0.00920064 0.00031501
v 0.01053474 0.00965178 0.00220973
v 0.01012150 0.01094398 -0.00335459
v 0.00989254 0.01190589 0.00358110
v 0.01007948 0.01229450 -0.00387196
v 0.01024196 0.01244054 0.00495768
v 0.01017617 0.01259365 0.00588770
v 0.01039846 0.01343378 0.00688797
v 0.00955291 0.01444778 0.00158395
v 0.01067400 0.01463847 -0.00629228
v 0.00991760 0.01521013 0.00086969
v 0.00983797 0.01775393 -0.00555178
v 0.01070761 -0.01732872 -0.00080690
v 0.01032570 -0.01763023 0.00198977
v 0.01005191 -0.01755710 -0.00651162
v 0.01077668 -0.01715027 -0.00526065
v 0.00987462 -0.01469482 0.00044722
v 0.01068938 -0.01396009 0.00587425
v 0.01040040 -0.01393461 0.00057562
v 0.01089105 -0.01276341 0.00566153
v 0.01027546 -0.01184204 -0.00121085
v 0.00988685 -0.01146650 -0.00040883
v 0.01049272 -0.01084397 -0.00462050
v 0.01006145 -0.01094725 -0.00419881
v 0.01114093 -0.00898901 -0.00003023
v 0.01008094 -0.00789107 -0.00435042
v 0.01044256 -0.00661146 -0.00521914
v 0.01101778 -0.00190202 -0.00640830
v 0.01045458 0.00587749 -0.00684278
v 0.01005005 0.00747212 -0.00419476
v 0.01022714 0.00749629 -0.00381721
v 0.01096439 0.00825230 -0.00155890
v 0.01054891 0.01024528 0.00024870
v 0.01074479 0.01077260 -0.00394041
v 0.01057911 0.01152119 -0.00407902
v 0.01117980 0.01199222 -0.00655445
v 0.01025274 0.01244283 -0.00247167
v 0.01049896 0.01361346 -0.00650159
v 0.00985263 0.01408044 0.00053462
v 0.00988024 0.01410842 0.00124294
v 0.00991021 0.01463499 0.00015581
v 0.01007925 0.01428917 0.00131722
v 0.00991087 0.01519161 0.00023026
v 0.01055917 -0.01755065 0.00427230
v 0.01077740 -0.01722643 0.00527807
v 0.01081837 -0.01647021 -0.00756171
v 0.01095985 -0.01571701 -0.00769668
v 0.01061966 -0.01459869 -0.00009552
v 0.01024251 -0.01452634 0.00121063
v 0.01041622 -0.01410876 -0.00040700
v 0.01053416 -0.01417257 0.00185613
v 0.01175015 -0.01321020 -0.00751943
v 0.01119161 -0.01171225 -0.00763090
v 0.01096004 -0.01177075 0.00394640
v 0.01092491 -0.01145130 -0.00359823
v 0.01078558 -0.01158607 0.00325103
v 0.01122864 -0.01074968 0.00275872
v 0.01045761 -0.00922431 0.00038155
v 0.01070896 -0.00671654 -0.00492440
v 0.01057776 -0.00429230 -0.00520643
v 0.01192405 -0.00223118 -0.00655257
v 0.01053636 -0.00015235 -0.00668411
v 0.01124522 0.00167953 -0.00683079
v 0.01102566 0.00384885 -0.00462101
v 0.01057125 0.00970634 -0.00178837
v 0.01092494 0.00970774 -0.00210325
v 0.01054121 0.01169895 0.00394095
v 0.01027620 0.01408003 0.00104076
v 0.01024096 0.01446759 0.00050714
v 0.01007187 0.01496859 0.00057964
v 0.01151921 0.01447627 0.00694006
v 0.01055647 0.01564099 0.00698707
v 0.01213246 0.01502037 -0.00635652
v 0.01058592 0.01718191 -0.00596539
v 0.01086558 0.01722151 0.00661313
v 0.01061030 0.01755326 -0.00521077
v 0.01075698 0.01747702 -0.00094975
v 0.01134553 -0.01669647 -0.00688837
v 0.01100636 -0.01706099 -0.00272125
v 0.01123444 -0.01705299 0.00372916
v 0.01158232 -0.01545899 0.00581961
v 0.01058672 -0.01447330 -0.00048248
v 0.01075341 -0.01446609 0.00192582
v 0.01058021 -0.01462064 0.00215700
v 0.01056768 -0.01448008 0.00260686
v 0.01059637 -0.01383430 -0.00017208
v 0.01179909 -0.01261998 0.00585111
v 0.01198991 -0.01122820 0.00516191
v 0.01092718 -0.00985443 -0.00748175
v 0.01105861 -0.00989543 -0.00418685
v 0.01100295 -0.00865195 -0.00722467
v 0.01089914 -0.00663688 -0.00258865
v 0.01104723 -0.00699929 -0.00225522
v 0.01120518 -0.00625689 -0.00417311
v 0.01084225 -0.00669177 -0.00355316
v 0.01161351 -0.00378434 -0.00516276
v 0.01090749 0.00013404 -0.00486033
v 0.01185335 0.00140992 -0.00462506
v 0.01129084 0.00492905 -0.00452989
v 0.01119473 0.00673794 -0.00662423
v 0.01101327 0.00627665 -0.00398683
v 0.01091222 0.00638691 -0.00253205
v 0.01144117 0.00746570 -0.00653119
v 0.01126591 0.00825595 0.00133641
v 0.01106299 0.00994803 -0.00333508
v 0.01074753 0.01089700 0.00020767
v 0.01189531 0.01033072 -0.00011307
v 0.01089565 0.01174115 -0.00046400
v 0.01127656 0.01186610 0.00633483
v 0.01156176 0.01593916 -0.00623698
v 0.01100752 0.01725109 0.00228262
v 0.01116078 0.01713800 0.00463286
v 0.01123658 0.01719679 0.00597782
v 0.01140637 -0.01689778 0.00246053
v 0.01239662 -0.01603968 -0.00422233
v 0.01089830 -0.01453807 0.00260901
v 0.01074579 -0.01416388 0.00031139
v 0.01090462 -0.01417091 0.00241860
v 0.01105788 -0.01093048 -0.00453812
v 0.01106906 -0.01093045 -0.00080128
v 0.01146343 -0.00989300 -0.00042581
v 0.01189465 -0.00936650 0.00224822
v 0.01094576 -0.00976875 -0.00313610
v 0.01107555 -0.00899515 -0.00242682
v 0.01144595 -0.00885253 0.00176718
v 0.01123275 -0.00801558 -0.00219664
v 0.01099850 -0.00842403 0.00068684
v 0.01138299 -0.00803488 0.00123146
v 0.01141105 -0.00728810 -0.00717255
v 0.01125697 -0.00603845 -0.00459197
v 0.01114320 -0.00589326 -0.00310274
v 0.01141308 -0.00538327 -0.00491447
v 0.01142997 -0.00464053 -0.00522557
v 0.01158565 -0.00276693 -0.00500970
v 0.01175522 -0.00172935 -0.00504412
v 0.01174911 -0.00122536 -0.00635011
v 0.01143011 0.00564723 -0.00334952
v 0.01098367 0.00666774 -0.00194402
v 0.01147340 0.00844169 -0.00179887
v 0.01154582 0.00786158 0.00093002
v 0.01191948 0.00815206 0.00225466
v 0.01271397 0.00974257 -0.00654015
v 0.01104741 0.01102124 -0.00414726
v 0.01191108 0.01037174 0.00395435
v 0.01154398 0.01092320 -0.00386681
v 0.01208276 0.01054253 0.00462932
v 0.01132834 0.01156729 -0.00215496
v 0.01156450 0.01140143 -0.00112848
v 0.01242006 0.01200989 0.00692259
v 0.01192096 0.01293071 0.00699097
v 0.01210234 0.01553800 0.00698947
v 0.01124287 0.01719317 -0.00521731
v 0.01142697 -0.01691242 -0.00188800
v 0.01247994 -0.01621886 0.00473944
v 0.01193134 -0.01638869 0.00534160
v 0.01171512 -0.01503445 -0.00771015
v 0.01160467 -0.01079055 -0.00148657
v 0.01182634 -0.00927493 -0.00455129
v 0.01165956 -0.00890518 -0.00324096
v 0.01174493 -0.00755103 0.00020160
v 0.01178662 -0.00720895 0.00087747
v 0.01149981 -0.00700547 -0.00209169
v 0.01192878 -0.00456445 -0.00732069
v 0.01176344 0.00068157 -0.00664712
v 0.01229921 -0.00018362 -0.00487864
v 0.01183609 0.00434310 -0.00683721
v 0.01217278 0.00615324 -0.00672403
v 0.01152636 0.00819988 0.00050869
v 0.01171629 0.00867353 -0.00230123
v 0.01208497 0.00967793 0.00343736
v 0.01126238 0.01055392 -0.00409777
v 0.01173402 0.01052807 -0.00414860
v 0.01186494 0.01082573 -0.00323016
v 0.01228177 0.01071403 0.00599032
v 0.01170060 0.01193716 0.00668428
v 0.01244257 0.01132419 -0.00656042
v 0.01267853 0.01483021 0.00700333
v 0.01119830 0.01718586 -0.00358029
v 0.01139933 0.01701932 -0.00115897
v 0.01189291 -0.01623223 -0.00722723
v 0.01195464 -0.01590906 0.00568284
v 0.01214941 -0.01408718 -0.00760865
v 0.01213256 -0.01306628 0.00588641
v 0.01151957 -0.01284638 -0.00116694
v 0.01183912 -0.01285321 -0.00155635
v 0.01156641 -0.01279961 0.00022086
v 0.01230269 -0.01009605 -0.00350673
v 0.01299491 -0.00872884 -0.00457765
v 0.01213934 -0.00962639 0.00266557
v 0.01200523 -0.00904013 -0.00758397
v 0.01216135 -0.00830891 -0.00372178
v 0.01187044 -0.00802400 -0.00244586
v 0.01209677 -0.00736553 0.00157288
v 0.01238085 -0.00671391 -0.00720120
v 0.01227805 -0.00734737 -0.00012065
v 0.01184211 -0.00714644 0.00052156
v 0.01192818 -0.00588162 -0.00194466
v 0.01185103 -0.00451132 -0.00248963
v 0.01175930 -0.00531141 -0.00214144
v 0.01169483 -0.00473381 -0.00305101
v 0.01175025 0.00392500 -0.00453110
v 0.01158689 0.00526217 -0.00419234
v 0.01175932 0.00464914 -0.00264611
v 0.01171981 0.00502034 -0.00214453
v 0.01175260 0.00560650 -0.00180653
v 0.01215658 0.00587884 -0.00159445
v 0.01172235 0.00879827 -0.00653401
v 0.01206820 0.00855091 -0.00349906
v 0.01294952 0.00794137 0.00009848
v 0.01172955 0.00955770 -0.00388174
v 0.01197594 0.01058702 -0.00053905
v 0.01234644 0.01365600 -0.00646393
v 0.01175600 0.01669753 -0.00520396
v 0.01174275 0.01675980 0.00022846
v 0.01174922 0.01667810 0.00306465
v 0.01221320 0.01628521 0.00634914
v 0.01241524 -0.01622202 -0.00187511
v 0.01251528 -0.01623085 0.00320858
v 0.01212059 -0.01622527 -0.00676088
v 0.01225061 -0.01550620 -0.00757007
v 0.01299057 -0.01261267 -0.00758531
v 0.01229682 -0.01285717 -0.00182968
v 0.01192957 -0.01282905 0.00057811
v 0.01211503 -0.01253115 -0.00201396
v 0.01190171 -0.01244486 -0.00130182
v 0.01184155 -0.01242833 0.00012552
v 0.01206564 -0.01228290 0.00076498
v 0.01217803 -0.01033554 -0.00266577
v 0.01281749 -0.00969113 0.00386347
v 0.01228303 -0.01009113 0.00326712
v 0.01277712 -0.00946115 -0.00769108
v 0.01297901 -0.00774574 -0.00045074
v 0.01263334 -0.00741766 -0.00741950
v 0.01239076 -0.00764427 -0.00291708
v 0.01219583 -0.00683283 -0.00211137
v 0.01241123 -0.00431210 -0.00197608
v 0.01192906 -0.00445063 -0.00470684
v 0.01212755 -0.00395894 -0.00364204
v 0.01277942 -0.00333098 -0.00714522
v 0.01204706 -0.00335427 -0.00492763
v 0.01264384 0.00090211 -0.00671613
v 0.01187043 0.00446074 -0.00416969
v 0.01219331 0.00396251 -0.00370254
v 0.01238271 0.00701234 -0.00181254
v 0.01220220 0.00678830 0.00136089
v 0.01244871 0.00700114 0.00200655
v 0.01294793 0.00809753 0.00309659
v 0.01208880 0.00969061 -0.00421534
v 0.01244040 0.00952207 -0.00010178
v 0.01198737 0.01096126 -0.00168386
v 0.01277181 0.01566158 -0.00591056
v 0.01329047 0.01515660 0.00668194
v 0.01308058 0.01571018 -0.00288897
v 0.01292239 0.01582936 -0.00109848
v 0.01206698 0.01648437 0.00488501
v 0.01236933 -0.01631006 -0.00036920
v 0.01277487 -0.01537548 -0.00725971
v 0.01440478 -0.01376631 0.00567226
v 0.01279488 -0.01442560 -0.00769743
v 0.01223966 -0.01271065 -0.00204309
v 0.01263280 -0.01232197 0.00003786
v 0.01255972 -0.01250676 0.00092606
v 0.01374415 -0.01029652 -0.00760946
v 0.01234634 -0.01155397 0.00570502
v 0.01342596 -0.00946608 0.00528027
v 0.01248444 -0.00959726 -0.00411113
v 0.01249335 -0.00982643 -0.00195429
v 0.01298408 -0.00837627 -0.00079926
v 0.01269479 -0.00841787 -0.00463642
v 0.01293768 -0.00791555 0.00239011
v 0.01258880 -0.00801692 -0.00458124
v 0.01255883 -0.00624145 0.00137059
v 0.01250378 -0.00544912 -0.00189709
v 0.01263864 -0.00565013 0.00070178
v 0.01299770 -0.00465975 -0.00717102
v 0.01249621 -0.00338479 -0.00216071
v 0.01224412 -0.00355795 -0.00452630
v 0.01231171 -0.00314324 -0.00287860
v 0.01317536 -0.00197878 -0.00687694
v 0.01243209 -0.00147909 -0.00485749
v 0.01296323 0.00015760 -0.00654630
v 0.01231580 0.00061200 -0.00464387
v 0.01224256 0.00177684 -0.00452219
v 0.01328176 0.00093870 -0.00676092
v 0.01228371 0.00355670 -0.00420235
v 0.01229321 0.00336267 -0.00265467
v 0.01237396 0.00350604 -0.00210842
v 0.01245151 0.00664173 0.00055526
v 0.01293946 0.00679199 0.00021745
v 0.01241290 0.00866903 -0.00672437
v 0.01269331 0.00706438 -0.00212828
v 0.01264720 0.00747634 -0.00260793
v 0.01284444 0.00943493 -0.00420486
v 0.01263883 0.01005038 0.00496353
v 0.01331110 0.01543958 -0.00556981
v 0.01292083 0.01580823 0.00309817
v 0.01331341 0.01552969 0.00598720
v 0.01315498 -0.01541083 -0.00602989
v 0.01320195 -0.01554441 -0.00407071
v 0.01331119 -0.01547745 -0.00143859
v 0.01292759 -0.01175114 -0.00217318
v 0.01259102 -0.01216062 0.00125034
v 0.01314507 -0.01132663 -0.00159221
v 0.01292007 -0.01124634 0.00061292
v 0.01260309 -0.01145155 -0.00011671
v 0.01303457 -0.00910975 -0.00251764
v 0.01296287 -0.00892817 0.00306188
v 0.01285942 -0.00903300 -0.00131379
v 0.01258993 -0.00768099 -0.00422256
v 0.01274427 -0.00676162 -0.00250739
v 0.01278767 -0.00598713 -0.00208151
v 0.01269313 -0.00604226 0.00017197
v 0.01391504 -0.00508988 0.00205311
v 0.01302731 -0.00386418 -0.00185698
v 0.01257081 -0.00236071 -0.00401595
v 0.01278994 -0.00183543 -0.00217867
v 0.01273099 -0.00120785 -0.00257910
v 0.01256451 -0.00206823 -0.00458879
v 0.01286159 -0.00136598 -0.00652143
v 0.01273013 -0.00111594 -0.00308293
v 0.01267939 -0.00028238 -0.00458882
v 0.01264501 0.00150573 -0.00422411
v 0.01248759 0.00213788 -0.00398582
v 0.01254191 0.00215311 -0.00342780
v 0.01266878 0.00099812 -0.00274282
v 0.01254608 0.00185953 -0.00248120
v 0.01262002 0.00214227 -0.00215729
v 0.01285086 0.00334032 -0.00175300
v 0.01277087 0.00469576 -0.00161209
v 0.01313394 0.00550350 -0.00680769
v 0.01276585 0.00550550 -0.00165857
v 0.01265975 0.00590426 0.00074561
v 0.01282656 0.00568489 0.00159868
v 0.01274309 0.00739770 -0.00350031
v 0.01267492 0.00776629 -0.00383392
v 0.01276851 0.00829850 -0.00420341
v 0.01330806 0.00848189 -0.00435815
v 0.01319102 0.00858390 0.00377480
v 0.01261670 0.01006800 -0.00279261
v 0.01298127 0.00972214 -0.00114308
v 0.01287254 0.01025202 0.00635299
v 0.01364346 0.00995642 0.00667830
v 0.01352028 -0.01527995 0.00215713
v 0.01325527 -0.01551749 0.00393967
v 0.01411219 -0.01493927 0.00465662
v 0.01403034 -0.01475637 0.00529303
v 0.01430766 -0.01283807 0.00580979
v 0.01417865 -0.01100998 -0.00756313
v 0.01302762 -0.01197986 -0.00171901
v 0.01322613 -0.01171972 -0.00071587
v 0.01313179 -0.01197608 0.00089941
v 0.01349592 -0.01148506 0.00591989
v 0.01314901 -0.01179831 0.00125808
v 0.01320457 -0.01160303 -0.00161637
v 0.01328380 -0.01065752 0.00127970
v 0.01356078 -0.01047791 0.00586628
v 0.01360603 -0.00978625 0.00571818
v 0.01316454 -0.00941599 0.00445110
v 0.01356188 -0.00677059 -0.00457631
v 0.01328417 -0.00612624 -0.00296054
v 0.01374240 -0.00611652 0.00223827
v 0.01317701 -0.00568069 -0.00006977
v 0.01296515 -0.00493538 0.00106173
v 0.01293974 -0.00323781 -0.00190862
v 0.01294911 -0.00090172 -0.00381072
v 0.01303283 -0.00045787 -0.00652205
v 0.01286209 0.00075825 -0.00367464
v 0.01292945 0.00032308 -0.00214278
v 0.01310039 0.00196329 -0.00177285
v 0.01311075 0.00333695 -0.00673855
v 0.01329491 0.00411251 0.00106396
v 0.01308129 0.00588122 0.00016397
v 0.01308193 0.00577782 -0.00192684
v 0.01327680 0.00562050 0.00224834
v 0.01356951 0.00644379 -0.00691117
v 0.01334456 0.00622517 -0.00324207
v 0.01355121 0.00756778 -0.00444323
v 0.01313205 0.00915801 -0.00072036
v 0.01310153 0.00940193 -0.00250127
v 0.01348826 0.00906894 0.00590346
v 0.01345220 0.01246294 -0.00643661
v 0.01413511 0.01352679 -0.00635226
v 0.01414310 0.01397050 -0.00623918
v 0.01446714 0.01427716 -0.00588471
v 0.01427820 0.01477997 -0.00520432
v 0.01424246 0.01475156 -0.00321090
v 0.01336728 0.01540270 0.00182810
v 0.01401284 -0.01494509 0.00495794
v 0.01378267 -0.01503701 -0.00672768
v 0.01403525 -0.01484841 -0.00519874
v 0.01363826 -0.01488131 -0.00728616
v 0.01358991 -0.01450617 -0.00758959
v 0.01419175 -0.01237043 -0.00769626
v 0.01339150 -0.01138670 -0.00225615
v 0.01359492 -0.01092785 0.00150584
v 0.01346412 -0.01067324 -0.00060634
v 0.01329392 -0.00872877 -0.00333589
v 0.01359257 -0.00833361 0.00361985
v 0.01326475 -0.00833807 -0.00443272
v 0.01350416 -0.00794769 -0.00122906
v 0.01341576 -0.00770704 -0.00458226
v 0.01341768 -0.00643829 -0.00411483
v 0.01347312 -0.00613967 -0.00719756
v 0.01364865 -0.00497812 -0.00246404
v 0.01332563 -0.00498450 -0.00209129
v 0.01341166 -0.00486156 0.00166054
v 0.01343806 -0.00379479 0.00023022
v 0.01353896 -0.00355548 -0.00193382
v 0.01343884 -0.00319023 0.00052211
v 0.01343659 -0.00341832 0.00117442
v 0.01387617 -0.00343638 -0.00714618
v 0.01329831 -0.00150798 -0.00187148
v 0.01361293 0.00014518 -0.00179251
v 0.01342169 0.00328240 -0.00173746
v 0.01345839 0.00388927 0.00039039
v 0.01345780 0.00443216 -0.00184868
v 0.01333545 0.00475021 0.00016076
v 0.01375219 0.00458365 -0.00223236
v 0.01324031 0.00626299 -0.00244053
v 0.01346538 0.00646061 -0.00390715
v 0.01347996 0.00696282 0.00291526
v 0.01372771 0.00670740 -0.00430630
v 0.01359729 0.00767840 -0.00012025
v 0.01396672 0.00798575 -0.00384842
v 0.01381985 0.00824442 -0.00176551
v 0.01331058 0.01103205 0.00109410
v 0.01324283 0.01106528 0.00231567
v 0.01338592 0.01077675 0.00137244
v 0.01319429 0.01135201 0.00147658
v 0.01338470 0.01125450 0.00213958
v 0.01498244 0.01088565 0.00686587
v 0.01368243 0.01520264 0.00507381
v 0.01398155 -0.01496945 0.00024108
v 0.01386860 -0.01341557 -0.00761494
v 0.01399532 -0.01112728 -0.00131648
v 0.01405966 -0.01120775 -0.00012738
v 0.01393524 -0.01112304 0.00124762
v 0.01360838 -0.01108559 -0.00265752
v 0.01399238 -0.01113005 -0.00237541
v 0.01394364 -0.01076145 -0.00267770
v 0.01395762 -0.01025518 -0.00042506
v 0.01387739 -0.00982943 0.00122432
v 0.01443399 -0.00881466 -0.00769058
v 0.01397552 -0.00833937 0.00509650
v 0.01363586 -0.00785105 -0.00391856
v 0.01380023 -0.00793149 -0.00283420
v 0.01396261 -0.00735572 -0.00147436
v 0.01429158 -0.00645985 -0.00758001
v 0.01380278 -0.00698901 0.00279198
v 0.01394311 -0.00699732 -0.00452265
v 0.01398447 -0.00666427 -0.00076780
v 0.01379649 -0.00497163 -0.00712481
v 0.01395732 -0.00394302 -0.00012171
v 0.01361848 -0.00395014 0.00157788
v 0.01367747 -0.00188790 0.00088986
v 0.01421581 -0.00219579 -0.00709953
v 0.01379670 -0.00136160 -0.00185765
v 0.01449249 0.00013604 -0.00703177
v 0.01405666 0.00122894 -0.00687916
v 0.01361206 0.00260799 0.00098737
v 0.01365582 0.00263142 0.00040585
v 0.01355096 0.00413315 0.00175131
v 0.01386701 0.00490327 0.00242140
v 0.01362993 0.00508830 -0.00007121
v 0.01367607 0.00544688 -0.00352139
v 0.01404656 0.00548738 0.00282204
v 0.01419600 0.00618752 -0.00010848
v 0.01433819 0.00792368 -0.00694523
v 0.01362809 0.00837361 -0.00076679
v 0.01396551 0.00758289 0.00397524
v 0.01428808 0.00859450 -0.00688634
v 0.01376680 0.00812970 -0.00421074
v 0.01396331 0.00798896 0.00462410
v 0.01374302 0.00977790 -0.00660155
v 0.01388743 0.01062269 0.00039955
v 0.01390827 0.01018130 0.00102095
v 0.01393999 0.00991245 0.00185597
v 0.01371343 0.01058173 0.00238512
v 0.01377040 0.01097941 0.00082018
v 0.01360289 0.01124042 0.00170297
v 0.01416568 0.01088415 0.00247259
v 0.01498188 0.01274153 0.00695771
v 0.01499336 0.01377013 0.00631941
v 0.01435321 0.01464540 -0.00078835
v 0.01401706 0.01486115 0.00244295
v 0.01403069 -0.01490937 -0.00195156
v 0.01429265 -0.01467169 0.00283782
v 0.01412345 -0.01449890 -0.00708242
v 0.01428940 -0.01076743 0.00223520
v 0.01392381 -0.01043843 -0.00470103
v 0.01400907 -0.01068867 -0.00121530
v 0.01428628 -0.01039089 -0.00079394
v 0.01419705 -0.00965745 0.00159133
v 0.01416009 -0.00947823 0.00055571
v 0.01429426 -0.00700346 -0.00351416
v 0.01432222 -0.00505259 -0.00036625
v 0.01395721 -0.00547108 -0.00437210
v 0.01394522 -0.00466308 -0.00301579
v 0.01411459 -0.00381802 -0.00269008
v 0.01399695 -0.00282639 -0.00207963
v 0.01430756 -0.00203294 -0.00010517
v 0.01391256 -0.00203541 0.00150403
v 0.01385723 -0.00224821 0.00014388
v 0.01370811 -0.00108649 0.00072416
v 0.01390263 0.00004430 0.00131953
v 0.01394125 0.00187079 0.00007593
v 0.01367697 0.00149863 0.00055409
v 0.01391807 0.00183832 -0.00179777
v 0.01385496 0.00228429 0.00139674
v 0.01405333 0.00304902 -0.00204787
v 0.01394386 0.00339036 0.00199241
v 0.01443640 0.00320233 -0.00691010
v 0.01426660 0.00359404 -0.00012041
v 0.01427390 0.00333313 -0.00261890
v 0.01401119 0.00484034 -0.00375165
v 0.01434297 0.00460203 -0.00421374
v 0.01405859 0.00699195 -0.00441613
v 0.01407812 0.00708797 -0.00052470
v 0.01465650 0.00663868 -0.00146582
v 0.01439369 0.00804469 0.00633739
v 0.01420742 0.00989081 0.00243587
v 0.01487729 0.00916149 0.00679527
v 0.01393889 0.01033614 0.00017637
v 0.01427770 0.01002945 -0.00015270
v 0.01498170 0.01037403 -0.00647802
v 0.01538641 0.01139943 -0.00649122
v 0.01433931 -0.01455675 -0.00655736
v 0.01434773 -0.01453779 -0.00389814
v 0.01480233 -0.01393106 -0.00234721
v 0.01457483 -0.01443887 -0.00028769
v 0.01446595 -0.01376785 -0.00704949
v 0.01466625 -0.01325359 -0.00745680
v 0.01470734 -0.01039002 0.00591925
v 0.01451135 -0.01065226 -0.00010952
v 0.01433696 -0.01079869 0.00158572
v 0.01429417 -0.01045142 -0.00519796
v 0.01426606 -0.01057290 -0.00418131
v 0.01430738 -0.01024188 -0.00351933
v 0.01434435 -0.01027556 0.00183543
v 0.01438878 -0.00947548 0.00593250
v 0.01427613 -0.01008153 -0.00525237
v 0.01445600 -0.00970711 -0.00465440
v 0.01415089 -0.01008888 -0.00427200
v 0.01436397 -0.00995324 -0.00060697
v 0.01454292 -0.00964824 -0.00400985
v 0.01427658 -0.00902819 0.00126373
v 0.01443325 -0.00801149 0.00567034
v 0.01464166 -0.00631559 0.00364883
v 0.01448391 -0.00662297 -0.00272454
v 0.01461270 -0.00565339 -0.00100755
v 0.01475124 -0.00572948 -0.00409436
v 0.01452855 -0.00556951 -0.00456338
v 0.01464194 -0.00496971 0.00276066
v 0.01441029 -0.00480889 -0.00452997
v 0.01424108 -0.00451950 -0.00403667
v 0.01498323 -0.00327791 -0.00030745
v 0.01480199 -0.00320537 0.00240744
v 0.01449909 -0.00222226 -0.00282762
v 0.01432826 -0.00257287 -0.00245675
v 0.01435284 -0.00120509 -0.00212454
v 0.01435308 0.00126889 -0.00209649
v 0.01507603 0.00006047 0.00250703
v 0.01482185 0.00311678 0.00277602
v 0.01428640 0.00382052 -0.00366915
v 0.01532251 0.00338668 -0.00684291
v 0.01451691 0.00506320 -0.00008566
v 0.01464439 0.00484047 -0.00442727
v 0.01464642 0.00628562 0.00428045
v 0.01429563 0.00700334 -0.00426057
v 0.01436891 0.00705628 0.00454694
v 0.01466801 0.00673209 -0.00276116
v 0.01469438 0.00711544 0.00597487
v 0.01520218 0.00743060 0.00662248
v 0.01459502 0.00894967 0.00121808
v 0.01449932 0.00884837 0.00158736
v 0.01456308 0.00953638 0.00064703
v 0.01462240 0.00967958 0.00298813
v 0.01434416 0.01042123 -0.00009351
v 0.01447515 0.01037746 0.00293573
v 0.01463078 0.01045659 0.00086259
v 0.01453788 0.01065555 0.00238640
v 0.01498060 0.01343035 0.00667756
v 0.01491062 0.01392991 0.00575988
v 0.01494166 -0.01411780 0.00461856
v 0.01465978 -0.01382799 -0.00638875
v 0.01462826 -0.01400190 -0.00541351
v 0.01491347 -0.01403695 -0.00015174
v 0.01500914 -0.01235253 -0.00769247
v 0.01569631 -0.00939661 -0.00755969
v 0.01458369 -0.01021932 -0.00367155
v 0.01462582 -0.01034240 -0.00041886
v 0.01461991 -0.01009328 0.00158270
v 0.01464762 -0.01007543 -0.00520669
v 0.01499746 -0.00972416 -0.00344901
v 0.01465803 -0.01003127 -0.00134161
v 0.01483577 -0.00959472 -0.00507092
v 0.01464872 -0.00975194 -0.00317080
v 0.01468605 -0.00980285 -0.00252669
v 0.01453627 -0.00975577 -0.00116781
v 0.01467580 -0.00947258 0.00181252
v 0.01462357 -0.00904772 -0.00079196
v 0.01484761 -0.00859190 0.00028813
v 0.01526721 -0.00873208 0.00228744
v 0.01520968 -0.00743486 -0.00766144
v 0.01486206 -0.00652472 0.00510596
v 0.01466761 -0.00568591 -0.00741569
v 0.01547927 -0.00523394 -0.00733892
v 0.01499213 -0.00425688 -0.00044867
v 0.01634582 -0.00495418 -0.00722203
v 0.01457265 -0.00375402 -0.00431569
v 0.01463906 -0.00184961 -0.00393912
v 0.01515293 -0.00153190 -0.00023670
v 0.01492486 -0.00164638 0.00230817
v 0.01458779 -0.00070049 -0.00265979
v 0.01464534 -0.00003231 -0.00347393
v 0.01454102 0.00148453 -0.00266264
v 0.01533448 0.00193126 -0.00692428
v 0.01461081 0.00240130 -0.00386897
v 0.01481813 0.00275112 -0.00016899
v 0.01499904 0.00457936 0.00359454
v 0.01459382 0.00577490 -0.00043107
v 0.01482253 0.00520027 -0.00439230
v 0.01508983 0.00520608 -0.00419459
v 0.01585192 0.00546549 -0.00691163
v 0.01464150 0.00662592 -0.00367794
v 0.01600068 0.00662108 -0.00702472
v 0.01496410 0.00865761 0.00227137
v 0.01491354 0.00917702 0.00257851
v 0.01465240 0.01003798 -0.00045985
v 0.01463261 0.01412856 0.00139748
v 0.01480835 0.01394668 0.00453708
v 0.01493344 0.01393174 -0.00558824
v 0.01487631 0.01410208 -0.00456928
v 0.01504846 0.01372761 -0.00075857
v 0.01519239 -0.01338673 -0.00408682
v 0.01567356 -0.01308606 0.00353688
v 0.01520483 -0.01347155 0.00533216
v 0.01525850 -0.01317116 -0.00707383
v 0.01595069 -0.01180958 0.00567385
v 0.01567571 -0.01145922 0.00577892
v 0.01635281 -0.00949191 -0.00771381
v 0.01499884 -0.00947868 -0.00503174
v 0.01501344 -0.00976261 -0.00436106
v 0.01496887 -0.00971787 -0.00277904
v 0.01497564 -0.00985095 -0.00111985
v 0.01504212 -0.00963548 0.00073123
v 0.01489098 -0.00974233 0.00158917
v 0.01490507 -0.00941682 -0.00353130
v 0.01498526 -0.00938684 -0.00317640
v 0.01492319 -0.00902319 -0.00253190
v 0.01515644 -0.00925376 0.00213623
v 0.01499592 -0.00904032 -0.00485257
v 0.01502152 -0.00932457 -0.00425973
v 0.01501333 -0.00934418 -0.00284690
v 0.01515951 -0.00807687 0.00592988
v 0.01499608 -0.00869936 -0.00198055
v 0.01496302 -0.00801811 0.00122973
v 0.01528487 -0.00707509 0.00584491
v 0.01504431 -0.00679517 0.00562172
v 0.01493838 -0.00551594 -0.00247105
v 0.01494426 -0.00546275 0.00389442
v 0.01533553 -0.00380598 -0.00090526
v 0.01504038 -0.00443994 -0.00452733
v 0.01493884 -0.00224943 -0.00458771
v 0.01576705 -0.00242761 -0.00715604
v 0.01484981 -0.00138733 -0.00415407
v 0.01497288 0.00083661 -0.00427012
v 0.01495046 0.00313252 -0.00432610
v 0.01503835 0.00358419 -0.00032903
v 0.01500754 0.00467157 -0.00044689
v 0.01498268 0.00560178 0.00462363
v 0.01532858 0.00475068 -0.00129494
v 0.01501395 0.00586595 -0.00331215
v 0.01527919 0.00638719 0.00633884
v 0.01529422 0.00762291 0.00120867
v 0.01515461 0.00844163 0.00065324
v 0.01522861 0.00794911 0.00179598
v 0.01523018 0.00899635 0.00090076
v 0.01587999 0.00955295 -0.00656562
v 0.01503283 0.00942344 0.00097609
v 0.01489118 0.01004458 0.00032457
v 0.01499580 0.01038687 0.00225405
v 0.01533233 0.00935818 0.00297174
v 0.01588886 0.01150003 -0.00641790
v 0.01549351 0.01296795 -0.00592900
v 0.01564543 0.01307868 0.00169641
v 0.01626886 -0.01220079 -0.00003427
v 0.01574864 -0.01306917 0.00496982
v 0.01573732 -0.01258371 -0.00572462
v 0.01560805 -0.01262743 -0.00731635
v 0.01587515 -0.01070007 -0.00772932
v 0.01534362 -0.00941442 -0.00250277
v 0.01568874 -0.00904934 0.00193059
v 0.01583413 -0.00825416 -0.00762283
v 0.01567737 -0.00887239 0.00027733
v 0.01549121 -0.00849120 -0.00233594
v 0.01527099 -0.00826869 -0.00217395
v 0.01534647 -0.00797800 -0.00061531
v 0.01532633 -0.00799639 0.00193938
v 0.01530456 -0.00765266 0.00021170
v 0.01531761 -0.00766367 0.00125870
v 0.01540319 -0.00560917 0.00566626
v 0.01533627 -0.00513391 0.00512350
v 0.01533543 -0.00448240 -0.00403839
v 0.01536010 -0.00466082 -0.00290706
v 0.01532422 -0.00454214 -0.00210255
v 0.01533183 -0.00442930 0.00396284
v 0.01532756 -0.00242150 0.00290283
v 0.01535282 -0.00274831 -0.00041478
v 0.01530635 -0.00220895 -0.00459394
v 0.01532351 0.00014719 -0.00452608
v 0.01537787 -0.00167611 0.00292430
v 0.01531029 0.00004385 -0.00026923
v 0.01617302 0.00014497 -0.00719721
v 0.01535278 0.00060442 0.00296004
v 0.01549139 0.00037926 -0.00442008
v 0.01531242 0.00149809 -0.00453379
v 0.01534511 0.00235586 -0.00043018
v 0.01531195 0.00258963 0.00336383
v 0.01531669 0.00346407 -0.00447392
v 0.01532674 0.00455487 0.00430345
v 0.01532538 0.00526364 -0.00350976
v 0.01534208 0.00526606 0.00565598
v 0.01536656 0.00506282 -0.00252370
v 0.01558070 0.00501827 0.00599572
v 0.01531741 0.00729946 0.00157685
v 0.01535877 0.00820360 0.00048838
v 0.01533309 0.00865178 0.00242671
v 0.01532486 0.00865593 0.00022620
v 0.01536263 0.00957553 0.00212979
v 0.01583269 0.00977670 0.00671348
v 0.01558821 0.01248543 0.00674895
v 0.01564487 0.01307323 -0.00531453
v 0.01552445 0.01319574 -0.00303562
v 0.01578168 0.01289142 -0.00055180
v 0.01607669 -0.01227188 -0.00219229
v 0.01570231 -0.01282453 -0.00690262
v 0.01586047 -0.01162964 -0.00759893
v 0.01650349 -0.01010733 0.00587064
v 0.01569613 -0.00871051 -0.00222353
v 0.01570265 -0.00899609 -0.00177918
v 0.01573158 -0.00869665 0.00227425
v 0.01642793 -0.00829448 0.00589226
v 0.01573711 -0.00832620 0.00225442
v 0.01574611 -0.00720315 0.00595673
v 0.01563991 -0.00819675 -0.00104784
v 0.01569346 -0.00826192 0.00035926
v 0.01634167 -0.00737151 -0.00757042
v 0.01572530 -0.00689004 0.00056512
v 0.01652553 -0.00582840 -0.00755199
v 0.01571903 -0.00442306 0.00561926
v 0.01557851 -0.00343091 -0.00405871
v 0.01553557 -0.00377234 -0.00300802
v 0.01566571 -0.00344689 0.00443499
v 0.01552911 -0.00333383 -0.00179153
v 0.01567042 -0.00224302 -0.00453376
v 0.01557308 -0.00266846 -0.00096867
v 0.01570532 -0.00161315 -0.00071290
v 0.01638146 -0.00177814 -0.00721275
v 0.01559271 0.00007881 -0.00043683
v 0.01567175 0.00099560 0.00360124
v 0.01567723 0.00219639 -0.00093750
v 0.01568012 0.00190142 -0.00431491
v 0.01617348 0.00210669 -0.00710586
v 0.01559590 0.00278315 0.00418148
v 0.01572697 0.00320135 -0.00422534
v 0.01551798 0.00375898 -0.00169614
v 0.01575076 0.00355796 0.00562434
v 0.01569382 0.00372846 -0.00297608
v 0.01560163 0.00399608 -0.00392240
v 0.01565552 0.00711931 0.00103439
v 0.01596889 0.00626353 0.00156760
v 0.01564966 0.00712743 0.00242604
v 0.01657964 0.00858387 -0.00674051
v 0.01565668 0.00781910 0.00102140
v 0.01564898 0.00788787 0.00217391
v 0.01568470 0.00867199 0.00115850
v 0.01572237 0.00864794 0.00226126
v 0.01608484 0.00747404 0.00675603
v 0.01568749 0.00898727 0.00174360
v 0.01547137 0.00916647 0.00246445
v 0.01612924 0.01074831 0.00684961
v 0.01594993 0.01267327 0.00497503
v 0.01629733 -0.01238364 0.00477887
v 0.01618319 -0.01199084 -0.00672970
v 0.01619513 -0.01230654 0.00528029
v 0.01631010 -0.01175657 -0.00536249
v 0.01668759 -0.01109872 -0.00723488
v 0.01578214 -0.00853852 -0.00164168
v 0.01585551 -0.00856091 0.00189491
v 0.01576472 -0.00801750 0.00178779
v 0.01601670 -0.00706798 0.00021239
v 0.01601831 -0.00705677 0.00090160
v 0.01600310 -0.00667294 -0.00010321
v 0.01600270 -0.00647870 0.00124587
v 0.01600299 -0.00599272 0.00089702
v 0.01648993 -0.00567317 0.00610121
v 0.01597706 -0.00488275 0.00601169
v 0.01595388 -0.00317084 0.00546788
v 0.01601765 -0.00191233 -0.00355327
v 0.01600422 -0.00223393 -0.00317381
v 0.01600987 -0.00192763 -0.00179584
v 0.01600812 -0.00087414 0.00429022
v 0.01608515 -0.00135583 0.00547022
v 0.01579564 -0.00072160 -0.00418995
v 0.01601096 -0.00002657 0.00427282
v 0.01598106 0.00072093 -0.00369593
v 0.01600698 0.00070349 -0.00141120
v 0.01601366 0.00204677 -0.00191789
v 0.01604607 0.00238072 0.00565091
v 0.01589668 0.00286000 -0.00350694
v 0.01639206 0.00356111 -0.00692836
v 0.01612303 0.00292199 0.00598274
v 0.01605544 0.00476576 0.00633757
v 0.01651731 0.00488058 0.00649133
v 0.01605495 0.00531714 0.00158778
v 0.01610972 0.00559365 0.00075865
v 0.01618699 0.00648017 0.00217972
v 0.01601503 0.00698389 0.00022106
v 0.01632835 0.00693936 0.00332395
v 0.01593059 0.00727716 0.00040212
v 0.01600155 0.00765911 0.00327990
v 0.01593633 0.00780282 0.00170061
v 0.01601097 0.00783596 0.00282909
v 0.01693525 0.01064741 -0.00621733
v 0.01631782 0.01222712 -0.00486316
v 0.01666282 0.01169634 -0.00047727
v 0.01649163 0.01186741 0.00377350
v 0.01649252 0.01194469 0.00602645
v 0.01661330 -0.01153037 -0.00112026
v 0.01746974 -0.01048697 0.00318751
v 0.01664849 -0.01137971 -0.00672930
v 0.01710337 -0.00893998 0.00592354
v 0.01731791 -0.00629997 0.00597616
v 0.01611531 -0.00653185 0.00070768
v 0.01632361 -0.00569233 0.00055618
v 0.01639777 -0.00583463 0.00127116
v 0.01633232 -0.00567082 0.00166504
v 0.01630285 -0.00532967 0.00054830
v 0.01630101 -0.00495246 0.00159992
v 0.01652260 -0.00428824 0.00123925
v 0.01677552 -0.00474987 0.00618213
v 0.01630975 -0.00274843 0.00601075
v 0.01632022 -0.00112765 0.00599960
v 0.01609364 -0.00080504 -0.00223933
v 0.01611895 0.00053169 0.00543231
v 0.01606901 0.00158974 -0.00257878
v 0.01636381 0.00059867 0.00597781
v 0.01637358 0.00372596 0.00163725
v 0.01633278 0.00509465 0.00226539
v 0.01652710 0.00457482 0.00007160
v 0.01631302 0.00549160 -0.00011646
v 0.01625051 0.00572979 0.00200886
v 0.01633432 0.00600876 -0.00001004
v 0.01626869 0.00627165 0.00096408
v 0.01638137 0.00640005 0.00214183
v 0.01633230 0.00663505 0.00173723
v 0.01642531 0.00635831 0.00154632
v 0.01611731 0.00711603 0.00109566
v 0.01640844 0.00730709 0.00175627
v 0.01638913 0.00755826 0.00335991
v 0.01636177 0.00764009 0.00210165
v 0.01644546 0.00776066 0.00276335
v 0.01686431 0.00763050 0.00672171
v 0.01679091 0.01063977 0.00667124
v 0.01687695 0.01122953 -0.00586513
v 0.01660747 0.01154433 0.00633700
v 0.01667655 0.01172659 -0.00355336
v 0.01666465 0.01171617 0.00257344
v 0.01712395 -0.01108264 0.00466620
v 0.01738039 -0.01061763 0.00046077
v 0.01701353 -0.01095646 -0.00305851
v 0.01709767 -0.01080867 0.00530904
v 0.01692909 -0.01050176 0.00566416
v 0.01693675 -0.00992914 -0.00758370
v 0.01719557 -0.00858914 -0.00774368
v 0.01671449 -0.00539415 0.00018735
v 0.01675041 -0.00567019 0.00192962
v 0.01670708 -0.00527773 0.00227093
v 0.01668411 -0.00480025 0.00004728
v 0.01663131 -0.00431229 0.00164987
v 0.01758426 -0.00288202 -0.00724839
v 0.01664725 -0.00429384 0.00020482
v 0.01666674 -0.00388345 0.00020206
v 0.01672536 -0.00315629 0.00165548
v 0.01685664 -0.00343149 0.00617851
v 0.01671964 -0.00293162 0.00099524
v 0.01696912 -0.00086819 0.00635484
v 0.01687597 0.00169436 0.00633541
v 0.01710801 0.00189290 -0.00720800
v 0.01702647 0.00253178 -0.00715907
v 0.01653309 0.00340882 0.00106494
v 0.01661080 0.00288053 0.00152300
v 0.01668228 0.00301836 0.00205426
v 0.01676840 0.00356730 0.00023841
v 0.01672765 0.00424234 0.00241500
v 0.01735936 0.00629356 -0.00690021
v 0.01665535 0.00501104 -0.00033773
v 0.01669179 0.00569148 -0.00100883
v 0.01670354 0.00561093 0.00228263
v 0.01668575 0.00596771 -0.00048200
v 0.01713987 0.00606951 0.00658666
v 0.01668629 0.00692348 0.00251729
v 0.01667837 0.00716546 0.00330433
v 0.01670748 0.00732327 0.00223015
v 0.01702585 0.00882338 0.00677545
v 0.01753311 0.00883637 -0.00644020
v 0.01708526 0.01113641 -0.00544844
v 0.01736436 -0.01008430 -0.00672841
v 0.01734004 -0.01016513 -0.00456381
v 0.01716024 -0.01011729 -0.00726421
v 0.01681763 -0.00507807 0.00176299
v 0.01768953 -0.00513388 -0.00760283
v 0.01689177 -0.00426875 0.00139723
v 0.01705078 -0.00395573 -0.00048884
v 0.01738133 -0.00377264 -0.00034664
v 0.01716826 -0.00393228 0.00063201
v 0.01719858 -0.00390188 0.00214958
v 0.01718792 -0.00361466 -0.00524401
v 0.01701167 -0.00325422 -0.00521047
v 0.01701354 -0.00346823 -0.00399770
v 0.01700872 -0.00395774 -0.00452575
v 0.01706956 -0.00361298 -0.00067833
v 0.01702484 -0.00367237 0.00240891
v 0.01701591 -0.00328947 0.00274875
v 0.01705473 -0.00291444 -0.00419866
v 0.01700980 -0.00276451 -0.00027666
v 0.01686532 -0.00243234 0.00072804
v 0.01699998 -0.00192927 0.00231983
v 0.01692433 -0.00109789 0.00001817
v 0.01693887 -0.00130316 0.00177305
v 0.01712054 -0.00029005 -0.00092131
v 0.01703193 -0.00087028 0.00226267
v 0.01687053 0.00022952 0.00106695
v 0.01699978 0.00126177 0.00226040
v 0.01696282 0.00129798 -0.00053856
v 0.01683461 0.00238855 0.00050494
v 0.01690975 0.00211788 0.00208181
v 0.01741714 0.00216719 0.00635454
v 0.01706266 0.00255571 -0.00091013
v 0.01702787 0.00281172 0.00272495
v 0.01736366 0.00350723 -0.00692817
v 0.01705267 0.00404663 -0.00114851
v 0.01719562 0.00356299 0.00649775
v 0.01689989 0.00430617 -0.00062948
v 0.01699678 0.00471026 -0.00088482
v 0.01722255 0.00445492 0.00282939
v 0.01702026 0.00495246 0.00230933
v 0.01703265 0.00525670 -0.00010222
v 0.01700491 0.00525270 0.00156183
v 0.01678795 0.00592196 0.00176490
v 0.01770684 0.00731945 0.00665900
v 0.01786046 0.00721829 -0.00678110
v 0.01755242 0.00890957 0.00667830
v 0.01710715 0.01096788 0.00386869
v 0.01754001 0.01002443 0.00632035
v 0.01716395 0.01094907 0.00583277
v 0.01755471 0.01038281 -0.00463245
v 0.01741366 0.01056709 -0.00181018
v 0.01709661 0.01105289 0.00024075
v 0.01753106 -0.01025309 -0.00012686
v 0.01768683 -0.00971780 -0.00249082
v 0.01755602 -0.00917483 0.00578314
v 0.01786380 -0.00773831 0.00591837
v 0.01783193 -0.00717620 -0.00769335
v 0.01770843 -0.00616639 -0.00769602
v 0.01841136 -0.00581819 0.00600350
v 0.01737196 -0.00395879 -0.00487745
v 0.01739155 -0.00396822 -0.00418545
v 0.01744801 -0.00371056 0.00190200
v 0.01740226 -0.00349543 -0.00284503
v 0.01737298 -0.00363361 -0.00233528
v 0.01729257 -0.00368777 -0.00092733
v 0.01732714 -0.00327377 0.00330196
v 0.01771609 -0.00365224 0.00294141
v 0.01723102 -0.00291426 -0.00299834
v 0.01723123 -0.00300737 -0.00122875
v 0.01741317 -0.00291922 -0.00520420
v 0.01731923 -0.00256966 0.00298273
v 0.01804402 -0.00356489 0.00612635
v 0.01735129 -0.00252072 -0.00416250
v 0.01739951 -0.00252683 -0.00299109
v 0.01720535 -0.00195222 -0.00096345
v 0.01737295 -0.00206046 -0.00231855
v 0.01729841 -0.00187168 0.00246244
v 0.01736171 -0.00149512 -0.00188018
v 0.01804392 -0.00055982 -0.00710830
v 0.01751500 -0.00128322 0.00231983
v 0.01740587 -0.00068405 0.00271704
v 0.01822404 -0.00071472 0.00627105
v 0.01746548 -0.00062229 -0.00204485
v 0.01738131 0.00114184 0.00260444
v 0.01729001 0.00201825 -0.00150408
v 0.01750822 0.00133321 -0.00190528
v 0.01736569 0.00188950 0.00247633
v 0.01744041 0.00221141 -0.00157861
v 0.01736518 0.00280972 -0.00283980
v 0.01751309 0.00318435 0.00351482
v 0.01736238 0.00360209 -0.00392144
v 0.01719382 0.00356956 -0.00146096
v 0.01752398 0.00364187 0.00350081
v 0.01778655 0.00415775 -0.00689205
v 0.01742002 0.00371019 -0.00207974
v 0.01727619 0.00418225 -0.00147908
v 0.01737331 0.00458395 -0.00117128
v 0.01739974 0.00459643 0.00226994
v 0.01732208 0.00475943 -0.00039114
v 0.01741255 0.01056370 0.00052040
v 0.01798006 -0.00936654 0.00496378
v 0.01772630 -0.00978662 0.00232837
v 0.01782229 -0.00929232 0.00547299
v 0.01771266 -0.00973243 -0.00690784
v 0.01793866 -0.00935661 -0.00626260
v 0.01788719 -0.00933852 -0.00435062
v 0.01784837 -0.00944663 -0.00062995
v 0.01772351 -0.00906304 -0.00758706
v 0.01793768 -0.00784526 -0.00757835
v 0.01751098 -0.00343325 -0.00505011
v 0.01753536 -0.00365477 -0.00385215
v 0.01772747 -0.00330524 0.00328107
v 0.01763037 -0.00292749 -0.00310893
v 0.01773154 -0.00328267 -0.00250942
v 0.01771419 -0.00293878 -0.00179410
v 0.01772353 -0.00294471 0.00017502
v 0.01781838 -0.00301960 0.00274680
v 0.01754598 -0.00258294 -0.00098284
v 0.01773551 -0.00271814 0.00312021
v 0.01772343 -0.00256098 -0.00248891
v 0.01770971 -0.00256878 0.00021295
v 0.01754298 -0.00207435 -0.00012599
v 0.01758010 -0.00188292 0.00191136
v 0.01773947 -0.00249703 0.00249789
v 0.01746981 -0.00174491 -0.00160714
v 0.01773844 -0.00141231 -0.00027826
v 0.01764218 -0.00117770 0.00089492
v 0.01760835 -0.00143583 0.00204030
v 0.01772879 -0.00118580 -0.00333515
v 0.01762424 -0.00126764 -0.00220289
v 0.01774168 -0.00125370 -0.00152747
v 0.01771275 -0.00094295 -0.00455227
v 0.01761809 -0.00081315 -0.00331576
v 0.01771674 -0.00081359 0.00275877
v 0.01769875 -0.00020044 -0.00487295
v 0.01755335 -0.00054141 -0.00403517
v 0.01801304 -0.00055235 0.00397512
v 0.01768477 0.00115734 -0.00265100
v 0.01774765 0.00000291 0.00354359
v 0.01773466 0.00035282 -0.00481530
v 0.01777679 0.00077814 0.00343371
v 0.01769609 0.00117370 -0.00332649
v 0.01769982 0.00119511 -0.00454834
v 0.01794629 0.00147022 -0.00405821
v 0.01786860 0.00142501 -0.00210953
v 0.01778562 0.00149467 0.00237018
v 0.01792426 0.00169493 -0.00146656
v 0.01769088 0.00185436 -0.00050156
v 0.01760514 0.00193365 0.00197451
v 0.01808674 0.00244630 -0.00709258
v 0.01749179 0.00338418 0.00089756
v 0.01757003 0.00287736 0.00162033
v 0.01748816 0.00276443 -0.00173644
v 0.01756994 0.00321301 -0.00037701
v 0.01771244 0.00251923 0.00224044
v 0.01772862 0.00251629 0.00294965
v 0.01788239 0.00338341 0.00293372
v 0.01774745 0.00318441 0.00363356
v 0.01830198 0.00304264 0.00635357
v 0.01749345 0.00322744 -0.00260195
v 0.01750718 0.00422896 0.00181990
v 0.01767424 0.00399674 0.00257339
v 0.01748520 0.00440421 -0.00018699
v 0.01776472 0.00397350 0.00331086
v 0.01821439 0.00520807 0.00656283
v 0.01817791 0.00552601 -0.00691943
v 0.01834418 0.00677119 0.00654156
v 0.01786449 0.00891948 -0.00622843
v 0.01784709 0.00956917 -0.00587808
v 0.01798005 0.00942228 -0.00232112
v 0.01795918 0.00951402 -0.00065761
v 0.01780423 0.00969183 0.00141945
v 0.01798579 0.00938760 0.00405456
v 0.01754342 0.01036165 0.00516209
v 0.01779444 0.00986429 0.00582224
v 0.01772466 0.01017104 -0.00541912
v 0.01815612 -0.00905484 0.00079012
v 0.01820080 -0.00895281 0.00286059
v 0.01806745 -0.00902785 -0.00716163
v 0.01825722 -0.00848211 -0.00557307
v 0.01835360 -0.00836427 -0.00284982
v 0.01827235 -0.00798226 0.00569008
v 0.01824877 -0.00804860 -0.00712561
v 0.01871383 -0.00374058 0.00612985
v 0.01810738 -0.00094410 -0.00455352
v 0.01805892 -0.00078761 -0.00484005
v 0.01812089 -0.00099971 -0.00318507
v 0.01833436 -0.00075712 -0.00131619
v 0.01814120 -0.00087546 0.00049697
v 0.01805242 -0.00091570 0.00238665
v 0.01803337 0.00011738 0.00401919
v 0.01808215 0.00082798 -0.00473351
v 0.01801578 0.00118669 0.00364560
v 0.01806971 0.00143802 -0.00298954
v 0.01838142 0.00130238 0.00092855
v 0.01788871 0.00321147 0.00329124
v 0.01852929 0.00729518 0.00634893
v 0.01806466 0.00872327 0.00636639
v 0.01802541 0.00944849 -0.00536915
v 0.01852766 -0.00794350 -0.00668111
v 0.01842331 -0.00817423 -0.00113757
v 0.01872418 -0.00769509 0.00089716
v 0.01873433 -0.00767345 0.00496895
v 0.01872346 -0.00702490 -0.00724236
v 0.01840734 -0.00701515 -0.00759221
v 0.01882719 -0.00634160 0.00568943
v 0.01853993 -0.00430506 -0.00749111
v 0.01846209 -0.00235576 -0.00727058
v 0.01923904 -0.00159398 0.00621476
v 0.01838572 -0.00086410 -0.00047087
v 0.01820086 -0.00014009 -0.00487903
v 0.01841196 -0.00056827 -0.00420727
v 0.01846801 -0.00053756 -0.00065041
v 0.01844668 -0.00055058 0.00342458
v 0.01838534 -0.00053710 0.00394709
v 0.01842439 0.00016172 0.00399741
v 0.01841681 0.00119700 -0.00382315
v 0.01837571 0.00112874 0.00353360
v 0.01883522 0.00203947 0.00629995
v 0.01826434 0.00138040 -0.00349339
v 0.01841002 0.00123896 -0.00199494
v 0.01845030 0.00117808 0.00313264
v 0.01906524 0.00185420 -0.00716240
v 0.01843708 0.00803218 -0.00623493
v 0.01848154 0.00803593 0.00600652
v 0.01873376 0.00795518 -0.00582037
v 0.01832215 0.00883931 -0.00358272
v 0.01869524 0.00797939 0.00023243
v 0.01870258 0.00784089 0.00245454
v 0.01838472 0.00843776 0.00368610
v 0.01850667 0.00821926 0.00557850
v 0.01851128 0.00851334 -0.00028895
v 0.01865517 -0.00771638 -0.00270406
v 0.01883990 -0.00735605 0.00242982
v 0.01891360 -0.00693156 -0.00569319
v 0.01889207 -0.00718265 -0.00406140
v 0.01923218 -0.00613550 0.00473084
v 0.01908959 -0.00497358 -0.00726843
v 0.01898603 -0.00392596 -0.00728637
v 0.01913773 -0.00137148 -0.00727877
v 0.01905038 -0.00005310 -0.00722202
v 0.01942239 -0.00003006 0.00632764
v 0.01849458 -0.00019659 -0.00054924
v 0.01851596 -0.00002172 0.00331176
v 0.01848150 0.00057151 0.00189324
v 0.01918770 0.00324372 0.00634330
v 0.01907068 0.00456713 0.00632917
v 0.01906574 0.00458331 -0.00690519
v 0.01911011 0.00642122 -0.00612960
v 0.01885931 0.00722334 0.00348057
v 0.01895296 0.00696966 0.00546792
v 0.01874005 0.00809630 -0.00552619
v 0.01866360 0.00807170 -0.00299262
v 0.01915267 -0.00619925 -0.00632839
v 0.01906897 -0.00635531 -0.00143574
v 0.01917416 -0.00618917 -0.00426262
v 0.01906597 -0.00634702 0.00258359
v 0.01923388 -0.00524291 0.00572210
v 0.01923791 -0.00386594 0.00599510
v 0.01940641 0.00491751 -0.00655767
v 0.01917914 0.00546186 0.00611260
v 0.01919595 0.00600377 0.00581794
v 0.01906179 0.00664272 -0.00008004
v 0.01919418 0.00616187 0.00423131
v 0.01906731 0.00696284 -0.00554094
v 0.01904794 0.00689938 -0.00225957
v 0.01931223 -0.00581758 -0.00051400
v 0.01923452 -0.00598689 0.00243858
v 0.01939716 -0.00557534 0.00531431
v 0.01940057 -0.00515178 -0.00668487
v 0.01956490 -0.00481422 -0.00621965
v 0.01958966 -0.00480259 0.00200383
v 0.01948179 -0.00441096 -0.00671972
v 0.01963233 -0.00271046 -0.00690411
v 0.01957343 -0.00035492 -0.00713551
v 0.01957635 0.00091949 0.00624219
v 0.01939656 0.00246208 -0.00698558
v 0.01950036 0.00395284 0.00605988
v 0.01936430 0.00569849 0.00531252
v 0.01952739 0.00563255 -0.00540473
v 0.01960242 0.00534532 -0.00169211
v 0.01934501 0.00619024 -0.00196448
v 0.01938700 0.00598136 0.00138463
v 0.01961507 -0.00479960 -0.00247564
v 0.01965983 -0.00478700 0.00496563
v 0.01981995 -0.00370459 0.00512376
v 0.01973446 -0.00351250 -0.00638430
v 0.01974403 -0.00395095 -0.00435525
v 0.01974678 -0.00401797 -0.00100265
v 0.01974137 -0.00394408 0.00305354
v 0.01973045 -0.00343910 0.00560694
v 0.01976670 -0.00210576 0.00592741
v 0.01987991 -0.00117272 -0.00692942
v 0.01985335 -0.00077132 0.00606085
v 0.01972942 0.00195004 -0.00689283
v 0.01975229 0.00274528 0.00608008
v 0.01987945 0.00333080 -0.00639919
v 0.01974964 0.00408795 0.00546195
v 0.01974207 0.00398627 0.00238472
v 0.01963065 0.00487698 0.00320000
v 0.01965758 0.00497551 -0.00603260
v 0.01974087 0.00450081 -0.00259442
v 0.01996297 0.00396941 -0.00570863
v 0.01971772 0.00475903 -0.00429895
v 0.01994012 -0.00326587 -0.00250797
v 0.01992288 -0.00343452 0.00179341
v 0.01996662 -0.00309447 -0.00418650
v 0.02000675 -0.00309454 0.00005425
v 0.02004403 -0.00282420 0.00495133
v 0.02012469 -0.00216766 0.00535106
v 0.02005728 -0.00172088 -0.00625187
v 0.02013017 -0.00155255 -0.00433587
v 0.02013275 -0.00148466 -0.00292491
v 0.02008932 -0.00176476 0.00022853
v 0.02006337 -0.00200155 0.00431127
v 0.02009164 -0.00100417 0.00176577
v 0.02008073 -0.00106770 -0.00658045
v 0.02010411 0.00014558 -0.00519985
v 0.02010004 -0.00008587 0.00436928
v 0.02013298 -0.00001256 0.00570583
v 0.02012037 0.00163929 -0.00642750
v 0.02009309 0.00151775 0.00497767
v 0.02001803 0.00322610 0.00495606
v 0.01999384 0.00284715 0.00559147
v 0.02012402 0.00227784 -0.00524803
v 0.02009781 0.00243540 -0.00180613
v 0.02002836 0.00298188 0.00166399
v 0.02009533 0.00304622 -0.00571394
v 0.02000230 0.00346959 -0.00274456
v 0.01995126 0.00368311 -0.00033429
v 0.01994408 0.00385354 -0.00381060
v 0.02020370 -0.00096947 0.00513013
v 0.02016852 -0.00090398 -0.00605405
v 0.02020675 0.00018749 0.00045269
v 0.02022189 0.00150881 -0.00242700
v 0.02022717 0.00116631 -0.00553948
v 0.02022966 0.00133783 0.00017791
v 0.02016481 0.00163490 0.00282435
v 0.02019614 0.00201419 0.00015177
f 1 2 3
f 7 6 3
f 4 8 9
f 6 7 4
f 4 7 8
f 9 8 12
f 9 12 10
f 10 11 5
f 2 13 3
f 3 14 7
f 13 14 3
f 14 15 7
f 7 16 8
f 8 17 12
f 12 18 10
f 10 18 11
f 19 11 18
f 7 15 16
f 8 16 17
f 12 17 18
f 13 21 14
f 15 22 16
f 16 23 17
f 18 25 19
f 13 20 21
f 14 21 15
f 22 23 16
f 18 24 25
f 15 21 22
f 23 27 17
f 24 18 27
f 18 17 27
f 28 20 26
f 20 28 21
f 19 25 30
f 30 25 29
f 31 29 25
f 30 29 32
f 31 32 29
f 33 1 34
f 33 41 1
f 34 37 35
f 34 1 37
f 35 37 36
f 36 37 38
f 1 43 37
f 1 6 43
f 37 44 38
f 37 43 44
f 38 44 39
f 39 44 5
f 39 5 40
f 40 5 42
f 40 42 45
f 41 46 2
f 2 1 41
f 6 1 3
f 6 4 43
f 44 10 5
f 43 4 9
f 43 9 44
f 44 9 10
f 11 42 5
f 45 42 47
f 46 13 2
f 46 48 13
f 11 47 42
f 19 47 11
f 47 19 49
f 48 26 13
f 26 20 13
f 48 50 26
f 25 24 51
f 19 30 49
f 52 49 30
f 24 27 51
f 51 31 25
f 26 50 53
f 23 22 27
f 51 27 31
f 26 53 54
f 26 54 28
f 28 55 21
f 21 55 22
f 32 56 30
f 52 30 56
f 54 57 28
f 28 57 55
f 55 58 22
f 22 58 59
f 22 59 27
f 31 27 60
f 60 32 31
f 61 55 57
f 55 61 58
f 59 62 27
f 27 62 60
f 32 63 56
f 64 32 60
f 32 64 65
f 63 32 65
f 66 34 67
f 72 70 69
f 72 71 70
f 71 72 74
f 67 35 68
f 68 36 69
f 69 36 72
f 73 33 66
f 66 33 34
f 72 38 39
f 72 40 74
f 74 40 75
f 67 34 35
f 35 36 68
f 36 38 72
f 39 40 72
f 33 73 76
f 75 40 45
f 76 41 33
f 45 77 75
f 78 46 41
f 78 41 76
f 47 77 45
f 78 48 46
f 47 79 77
f 49 79 47
f 48 78 80
f 80 50 48
f 52 79 49
f 79 52 81
f 50 80 53
f 56 82 52
f 81 52 82
f 54 53 83
f 57 84 58
f 57 58 61
f 63 82 56
f 54 84 57
f 58 85 59
f 59 85 86
f 62 87 60
f 58 84 85
f 59 86 62
f 62 86 87
f 87 64 60
f 54 83 88
f 54 88 84
f 87 90 64
f 84 91 89
f 84 89 85
f 87 86 90
f 85 89 92
f 85 92 86
f 86 92 90
f 93 97 66
f 93 66 94
f 94 67 95
f 94 66 67
f 69 99 98
f 70 96 99
f 70 71 96
f 95 67 98
f 98 68 69
f 99 69 70
f 67 68 98
f 101 73 97
f 73 66 97
f 75 100 74
f 102 100 75
f 76 73 101
f 75 103 102
f 77 105 103
f 77 103 75
f 104 78 76
f 77 106 105
f 77 107 106
f 79 107 77
f 80 78 104
f 79 108 107
f 81 108 79
f 109 53 80
f 53 109 110
f 111 81 82
f 53 110 112
f 112 83 53
f 63 111 82
f 83 113 88
f 91 84 88
f 113 91 88
f 92 114 90
f 90 114 64
f 115 63 65
f 111 63 115
f 91 116 89
f 89 116 92
f 92 118 114
f 64 119 65
f 65 119 115
f 92 116 117
f 92 117 118
f 64 114 119
f 120 93 94
f 124 121 94
f 124 125 121
f 127 126 125
f 128 122 127
f 128 96 122
f 125 124 98
f 125 98 127
f 96 71 123
f 123 71 74
f 129 123 74
f 94 95 124
f 124 95 98
f 127 98 99
f 127 99 128
f 128 99 96
f 130 97 120
f 120 97 93
f 100 129 74
f 97 130 101
f 100 102 129
f 131 76 101
f 104 76 131
f 132 80 104
f 132 109 80
f 81 134 108
f 81 135 134
f 111 135 81
f 136 135 111
f 136 111 137
f 83 112 138
f 138 113 83
f 115 137 111
f 113 139 91
f 91 139 116
f 118 119 114
f 140 115 119
f 137 115 140
f 118 117 119
f 117 116 141
f 117 142 119
f 143 94 121
f 125 145 121
f 125 126 145
f 127 122 146
f 122 96 144
f 144 96 123
f 148 120 143
f 143 120 94
f 146 126 127
f 129 147 123
f 130 120 148
f 149 101 130
f 131 101 149
f 102 150 129
f 102 151 150
f 103 151 102
f 152 104 131
f 105 151 103
f 153 104 152
f 156 155 154
f 157 154 158
f 158 154 155
f 158 155 159
f 157 160 154
f 157 163 160
f 163 157 164
f 165 158 159
f 165 159 161
f 165 161 166
f 166 161 162
f 107 133 106
f 153 132 104
f 166 162 167
f 168 157 158
f 169 165 166
f 164 157 168
f 165 168 158
f 163 164 170
f 168 165 169
f 167 169 166
f 133 107 108
f 171 168 169
f 171 169 167
f 164 168 172
f 172 168 171
f 109 132 173
f 109 173 174
f 110 109 174
f 136 175 135
f 112 110 176
f 176 138 112
f 138 176 177
f 177 113 138
f 139 113 177
f 142 117 141
f 139 178 116
f 116 178 179
f 116 179 141
f 139 177 180
f 179 181 141
f 141 181 182
f 141 183 142
f 140 119 142
f 184 145 126
f 186 122 144
f 187 144 123
f 187 123 147
f 188 189 143
f 184 121 145
f 126 146 185
f 146 122 186
f 147 129 190
f 189 191 148
f 191 149 148
f 189 148 143
f 149 130 148
f 129 150 192
f 193 131 149
f 194 131 193
f 194 152 131
f 105 195 151
f 106 195 105
f 156 196 197
f 198 156 197
f 154 199 196
f 154 196 156
f 155 156 198
f 201 199 154
f 200 159 155
f 200 161 159
f 202 161 200
f 203 161 202
f 204 201 160
f 160 201 154
f 161 203 162
f 160 163 204
f 203 205 162
f 163 206 204
f 207 167 162
f 205 207 162
f 207 208 167
f 206 163 170
f 108 209 133
f 211 206 170
f 167 212 171
f 212 167 208
f 211 170 164
f 211 164 213
f 164 172 213
f 214 171 215
f 215 171 212
f 173 132 210
f 216 213 172
f 216 172 214
f 214 172 171
f 108 134 209
f 134 135 217
f 135 218 217
f 219 110 174
f 175 218 135
f 219 176 110
f 176 219 220
f 221 137 140
f 136 137 221
f 178 139 180
f 141 182 183
f 222 140 142
f 221 140 222
f 180 177 223
f 181 224 182
f 183 225 142
f 142 225 222
f 223 226 180
f 180 226 178
f 188 143 227
f 227 143 121
f 227 121 228
f 228 184 229
f 229 184 126
f 229 126 185
f 229 185 230
f 231 144 187
f 228 121 184
f 185 146 230
f 230 146 186
f 231 186 144
f 147 232 187
f 147 190 232
f 236 235 233
f 237 235 236
f 233 240 234
f 240 233 235
f 241 238 239
f 242 240 243
f 243 240 235
f 243 235 237
f 238 241 244
f 246 245 239
f 245 241 239
f 247 245 246
f 249 241 245
f 249 245 247
f 248 244 241
f 249 247 250
f 202 241 249
f 249 250 252
f 251 196 254
f 196 251 197
f 155 198 200
f 202 248 241
f 202 249 252
f 253 195 106
f 199 254 196
f 200 198 248
f 200 248 202
f 255 202 252
f 203 202 255
f 256 203 255
f 257 201 204
f 133 258 106
f 259 132 153
f 205 203 256
f 206 257 204
f 133 209 258
f 210 132 259
f 260 257 206
f 205 261 207
f 211 260 206
f 207 261 208
f 208 261 262
f 214 215 263
f 263 215 212
f 263 212 208
f 264 208 262
f 264 262 265
f 216 211 213
f 216 266 211
f 267 214 263
f 263 208 268
f 268 208 264
f 264 265 269
f 265 270 269
f 271 266 216
f 272 216 214
f 272 214 267
f 268 264 269
f 271 216 272
f 273 267 263
f 274 268 269
f 269 270 274
f 276 271 272
f 272 267 273
f 273 263 277
f 277 263 268
f 275 271 276
f 276 272 273
f 277 268 279
f 268 274 279
f 275 280 278
f 280 275 281
f 281 275 276
f 281 276 282
f 282 276 273
f 282 273 283
f 273 284 283
f 284 273 277
f 284 277 279
f 285 281 282
f 286 219 174
f 175 287 218
f 136 287 175
f 136 288 287
f 221 288 136
f 176 220 289
f 289 177 176
f 177 289 223
f 290 181 179
f 290 224 181
f 226 223 291
f 226 291 178
f 231 295 294
f 227 228 293
f 293 228 229
f 293 229 294
f 294 229 230
f 294 186 231
f 294 230 186
f 188 292 189
f 292 188 227
f 129 192 190
f 150 296 192
f 150 151 298
f 300 233 299
f 300 236 233
f 299 234 302
f 234 299 233
f 238 236 301
f 237 236 238
f 301 239 238
f 301 303 239
f 303 305 239
f 305 306 239
f 304 302 307
f 307 302 234
f 244 237 238
f 239 306 246
f 306 308 246
f 307 234 242
f 242 234 240
f 310 243 237
f 310 237 244
f 308 247 246
f 311 247 308
f 312 307 242
f 310 242 243
f 311 313 247
f 195 309 151
f 312 242 314
f 314 242 315
f 315 242 310
f 248 310 244
f 247 313 250
f 195 253 309
f 316 312 314
f 198 310 248
f 317 250 313
f 251 316 314
f 251 314 197
f 197 314 198
f 198 314 315
f 198 315 310
f 317 252 250
f 316 251 318
f 318 251 254
f 255 317 319
f 252 317 255
f 254 320 318
f 319 256 255
f 106 258 253
f 257 199 201
f 199 257 254
f 321 256 319
f 254 257 320
f 321 205 256
f 257 322 320
f 257 260 322
f 320 322 323
f 261 205 321
f 211 322 260
f 262 261 325
f 173 210 324
f 211 326 322
f 322 326 323
f 262 325 327
f 265 262 327
f 326 211 266
f 327 270 265
f 134 328 209
f 329 270 327
f 266 331 326
f 275 331 266
f 275 266 271
f 332 274 270
f 329 332 270
f 330 174 173
f 278 331 275
f 333 279 274
f 332 333 274
f 334 134 217
f 174 330 286
f 335 331 278
f 280 335 278
f 337 283 284
f 279 338 284
f 338 279 333
f 281 336 280
f 336 281 285
f 337 282 283
f 337 339 282
f 337 284 338
f 340 219 286
f 220 219 340
f 341 289 220
f 223 289 342
f 291 223 342
f 343 178 291
f 178 343 179
f 179 343 344
f 179 344 290
f 224 290 182
f 182 290 345
f 225 183 182
f 221 222 346
f 293 348 227
f 349 348 293
f 231 350 295
f 351 350 231
f 187 351 231
f 187 352 351
f 347 292 227
f 349 293 294
f 352 187 232
f 189 353 355
f 189 292 353
f 190 354 232
f 189 355 191
f 192 356 190
f 191 193 149
f 150 298 296
f 297 193 357
f 194 193 297
f 359 300 299
f 300 358 236
f 358 360 236
f 236 360 301
f 360 361 301
f 302 304 362
f 299 302 362
f 359 299 362
f 303 301 361
f 304 363 362
f 303 361 364
f 364 305 303
f 304 307 363
f 305 364 367
f 367 306 305
f 367 308 306
f 363 368 365
f 363 312 368
f 365 368 366
f 367 311 308
f 363 307 312
f 366 368 369
f 313 311 370
f 368 312 371
f 368 371 372
f 368 372 369
f 370 317 313
f 373 153 152
f 312 316 318
f 312 318 371
f 374 317 370
f 318 320 371
f 371 320 375
f 371 375 372
f 376 377 374
f 377 319 317
f 374 377 317
f 372 375 378
f 377 321 319
f 321 377 379
f 320 380 375
f 378 375 380
f 321 379 381
f 259 382 210
f 324 210 382
f 323 380 320
f 381 379 383
f 381 261 321
f 380 323 384
f 380 384 378
f 323 386 384
f 381 383 387
f 381 325 261
f 385 323 326
f 323 385 386
f 381 388 325
f 325 388 327
f 330 173 324
f 385 390 386
f 388 329 327
f 331 392 326
f 326 389 385
f 326 392 389
f 385 389 390
f 390 391 386
f 329 388 393
f 391 390 394
f 393 332 329
f 134 334 328
f 392 395 389
f 389 396 390
f 397 390 396
f 390 397 394
f 335 392 331
f 395 392 335
f 393 333 332
f 398 333 393
f 335 280 336
f 395 335 336
f 399 395 336
f 399 336 285
f 285 396 399
f 285 282 396
f 400 396 282
f 400 282 339
f 337 401 339
f 337 338 401
f 402 338 333
f 333 398 403
f 218 334 217
f 404 400 339
f 404 339 401
f 406 404 401
f 401 338 407
f 405 338 402
f 408 333 403
f 402 333 408
f 338 405 407
f 409 405 402
f 409 402 408
f 407 405 410
f 410 405 409
f 409 408 411
f 341 220 412
f 289 341 414
f 342 289 414
f 346 415 221
f 415 288 221
f 342 416 291
f 344 417 290
f 290 417 345
f 345 418 182
f 182 418 225
f 225 418 222
f 291 416 343
f 222 418 346
f 347 227 348
f 419 349 294
f 350 351 420
f 421 353 292
f 421 292 347
f 422 355 353
f 423 191 355
f 192 296 356
f 423 193 191
f 423 357 193
f 425 194 297
f 151 424 298
f 427 426 358
f 428 358 426
f 358 428 429
f 358 429 360
f 361 429 430
f 360 429 361
f 361 430 432
f 433 194 425
f 431 300 359
f 300 427 358
f 427 300 431
f 434 361 432
f 359 362 431
f 431 362 365
f 433 152 194
f 362 363 365
f 365 366 431
f 361 434 364
f 436 367 364
f 370 367 436
f 370 311 367
f 434 436 364
f 253 437 309
f 366 369 435
f 436 438 374
f 436 374 370
f 437 253 440
f 372 378 369
f 369 378 376
f 369 376 435
f 435 376 438
f 438 376 374
f 253 258 440
f 378 441 376
f 378 384 441
f 376 379 377
f 376 442 379
f 258 209 440
f 441 442 376
f 383 379 442
f 384 391 441
f 387 388 381
f 384 386 391
f 441 443 442
f 441 391 443
f 383 443 444
f 383 442 443
f 383 446 387
f 383 445 446
f 391 394 443
f 387 446 388
f 445 448 446
f 446 393 388
f 396 389 395
f 446 448 398
f 446 398 393
f 395 399 396
f 397 396 450
f 397 450 394
f 396 400 450
f 448 403 398
f 448 449 403
f 404 450 400
f 404 451 450
f 403 449 452
f 406 401 407
f 218 453 334
f 454 451 404
f 406 455 404
f 404 455 454
f 455 406 407
f 456 408 403
f 455 407 457
f 407 458 457
f 456 411 408
f 458 407 410
f 409 459 410
f 411 459 409
f 287 453 218
f 458 410 459
f 412 220 340
f 460 458 461
f 461 458 459
f 462 413 287
f 287 288 462
f 463 414 341
f 342 414 464
f 464 416 342
f 465 417 344
f 418 345 417
f 416 466 343
f 343 466 467
f 343 467 344
f 344 467 465
f 418 468 346
f 416 464 466
f 347 471 470
f 348 471 347
f 348 419 471
f 294 472 419
f 295 472 294
f 469 472 295
f 420 469 350
f 470 421 347
f 348 349 419
f 469 295 350
f 232 354 352
f 353 473 422
f 473 353 421
f 190 474 354
f 190 356 474
f 477 475 478
f 298 424 296
f 476 475 479
f 479 475 477
f 482 428 481
f 483 428 482
f 428 426 481
f 429 428 483
f 484 430 483
f 430 429 483
f 431 426 427
f 487 430 485
f 487 432 430
f 309 424 151
f 309 488 424
f 426 431 486
f 431 366 486
f 489 434 487
f 487 434 432
f 486 366 435
f 434 489 490
f 486 435 439
f 489 486 439
f 309 437 488
f 433 373 152
f 490 436 434
f 439 438 490
f 438 436 490
f 439 435 438
f 440 491 437
f 492 153 373
f 492 259 153
f 491 440 493
f 382 259 492
f 209 493 440
f 209 494 493
f 328 494 209
f 444 445 383
f 447 443 394
f 443 447 444
f 444 447 445
f 495 445 447
f 495 448 445
f 334 494 328
f 394 496 447
f 495 449 448
f 334 497 494
f 450 498 394
f 394 498 496
f 449 495 452
f 450 451 498
f 453 497 334
f 451 454 498
f 498 454 500
f 498 500 496
f 501 456 452
f 456 403 452
f 454 455 500
f 502 455 457
f 502 500 455
f 501 411 456
f 458 502 457
f 460 503 502
f 460 502 458
f 501 504 459
f 411 501 459
f 505 503 460
f 461 459 504
f 413 453 287
f 506 505 460
f 461 506 460
f 461 507 506
f 504 507 461
f 508 341 412
f 509 464 414
f 464 509 510
f 465 511 417
f 418 512 468
f 513 346 468
f 415 346 513
f 466 514 467
f 417 515 418
f 418 515 512
f 419 516 471
f 517 419 472
f 473 421 518
f 518 421 470
f 352 354 519
f 475 476 520
f 520 478 475
f 522 521 476
f 523 480 478
f 476 525 522
f 479 525 476
f 477 478 480
f 524 526 480
f 527 525 479
f 477 482 479
f 480 482 477
f 527 479 528
f 482 528 479
f 482 480 483
f 483 480 526
f 526 484 483
f 481 529 482
f 528 482 529
f 426 486 481
f 481 486 529
f 430 484 485
f 529 486 530
f 531 487 485
f 489 487 531
f 486 489 530
f 530 489 531
f 439 490 489
f 437 491 488
f 533 534 536
f 538 533 536
f 535 533 538
f 539 532 491
f 493 539 491
f 541 540 535
f 541 535 538
f 537 532 539
f 539 542 537
f 540 541 543
f 493 544 539
f 494 544 493
f 544 494 497
f 495 447 496
f 545 286 330
f 496 546 495
f 496 499 546
f 495 546 452
f 286 545 412
f 496 500 499
f 499 547 546
f 546 501 452
f 340 286 412
f 500 502 499
f 499 502 547
f 503 547 502
f 505 548 503
f 549 504 501
f 548 505 550
f 550 505 506
f 549 551 507
f 549 507 504
f 553 506 507
f 553 552 506
f 551 553 507
f 553 555 554
f 462 556 413
f 508 463 341
f 556 462 557
f 415 558 288
f 462 288 558
f 464 510 559
f 466 464 559
f 560 467 514
f 465 467 560
f 515 417 561
f 466 559 514
f 511 561 417
f 562 468 512
f 513 468 562
f 470 563 518
f 563 470 471
f 516 419 517
f 564 517 472
f 564 472 469
f 469 420 565
f 420 351 566
f 519 566 351
f 352 519 351
f 422 567 569
f 422 473 567
f 474 356 568
f 569 355 422
f 296 570 356
f 575 574 573
f 576 574 575
f 578 577 576
f 579 577 578
f 579 580 577
f 572 581 571
f 581 572 521
f 521 572 573
f 520 573 574
f 574 576 577
f 583 581 521
f 521 573 520
f 520 574 523
f 523 574 584
f 584 574 577
f 585 577 580
f 584 577 585
f 582 357 423
f 583 521 586
f 476 521 520
f 586 522 587
f 522 586 521
f 520 523 478
f 524 523 584
f 480 523 524
f 522 525 587
f 525 589 587
f 526 524 588
f 589 525 527
f 526 588 484
f 297 357 425
f 589 527 528
f 528 590 589
f 591 484 588
f 590 528 529
f 591 485 484
f 590 529 530
f 590 530 591
f 485 591 531
f 488 592 424
f 531 591 530
f 488 593 592
f 594 593 491
f 488 491 593
f 595 373 433
f 534 597 598
f 534 598 600
f 532 596 594
f 491 532 594
f 533 599 597
f 533 597 534
f 603 599 533
f 602 534 600
f 534 602 536
f 602 604 536
f 537 601 532
f 535 603 533
f 538 536 605
f 536 604 605
f 606 603 607
f 540 603 535
f 540 607 603
f 543 607 540
f 608 324 382
f 609 538 605
f 541 538 609
f 539 611 542
f 612 324 608
f 613 607 543
f 614 541 609
f 615 543 541
f 615 541 614
f 617 613 543
f 615 617 543
f 611 539 616
f 544 616 539
f 612 330 324
f 616 544 618
f 497 618 544
f 618 497 619
f 620 546 547
f 621 547 503
f 547 621 620
f 620 501 546
f 453 619 497
f 620 549 501
f 548 622 503
f 548 550 622
f 621 503 622
f 620 623 549
f 551 549 623
f 624 550 506
f 624 506 552
f 552 553 624
f 625 553 551
f 554 624 553
f 626 624 554
f 625 555 553
f 554 627 626
f 628 627 554
f 555 628 554
f 555 629 628
f 625 629 555
f 413 556 453
f 414 463 509
f 630 462 558
f 510 631 559
f 514 632 560
f 633 560 632
f 560 633 465
f 465 633 511
f 514 559 634
f 514 634 632
f 469 565 637
f 420 566 565
f 518 563 635
f 563 471 636
f 636 471 516
f 637 564 469
f 567 473 518
f 519 354 474
f 356 570 568
f 638 355 569
f 638 423 355
f 641 572 640
f 571 643 639
f 571 639 572
f 573 572 641
f 573 641 575
f 578 576 642
f 296 645 570
f 646 643 571
f 581 646 571
f 579 644 580
f 583 646 581
f 644 585 580
f 648 585 644
f 296 649 645
f 585 648 651
f 424 649 296
f 586 587 647
f 651 524 584
f 585 651 584
f 647 587 650
f 652 524 651
f 652 588 524
f 650 587 589
f 650 590 652
f 650 589 590
f 588 652 590
f 424 592 653
f 590 591 588
f 594 596 659
f 658 656 654
f 598 654 655
f 655 657 600
f 657 660 600
f 597 658 654
f 597 654 598
f 598 655 600
f 658 599 661
f 599 658 597
f 532 659 596
f 601 659 532
f 600 660 602
f 661 599 662
f 602 660 604
f 603 662 599
f 603 664 662
f 606 664 603
f 605 604 665
f 610 663 601
f 537 610 601
f 608 382 492
f 607 666 606
f 542 610 537
f 667 605 665
f 667 609 605
f 613 668 607
f 607 668 666
f 669 609 667
f 669 614 609
f 670 668 613
f 671 610 542
f 542 611 671
f 672 670 613
f 672 613 617
f 614 617 615
f 673 614 669
f 617 614 674
f 675 671 611
f 673 674 614
f 675 611 676
f 676 611 616
f 612 545 330
f 672 617 674
f 616 618 677
f 678 620 621
f 622 679 621
f 621 679 678
f 678 623 620
f 453 680 619
f 624 622 550
f 622 624 679
f 681 679 624
f 626 681 624
f 623 625 551
f 682 681 626
f 683 625 623
f 684 682 626
f 683 629 625
f 626 627 685
f 686 629 683
f 629 686 628
f 685 627 687
f 687 627 628
f 687 628 689
f 689 628 686
f 689 686 688
f 462 630 557
f 690 510 509
f 561 511 691
f 561 691 515
f 692 415 513
f 415 692 558
f 631 634 559
f 511 633 691
f 512 515 693
f 512 693 562
f 562 693 694
f 562 694 513
f 513 694 692
f 564 636 517
f 564 637 636
f 695 696 518
f 695 518 635
f 635 563 636
f 636 516 517
f 519 474 697
f 696 567 518
f 700 698 639
f 639 698 572
f 572 698 640
f 701 641 640
f 701 699 641
f 575 641 699
f 575 699 576
f 578 702 579
f 642 702 578
f 646 639 643
f 639 646 700
f 644 579 702
f 700 646 583
f 700 583 703
f 644 702 704
f 703 583 586
f 703 586 647
f 644 704 648
f 706 357 582
f 647 650 705
f 704 707 651
f 704 651 648
f 424 653 649
f 705 650 652
f 707 652 651
f 593 708 592
f 654 709 655
f 594 710 708
f 593 594 708
f 709 656 712
f 656 709 654
f 594 711 710
f 595 433 425
f 659 711 594
f 658 712 656
f 713 715 657
f 712 658 714
f 715 660 657
f 661 714 658
f 659 717 716
f 601 717 659
f 718 660 715
f 492 373 595
f 719 661 662
f 718 604 660
f 663 717 601
f 662 720 719
f 665 604 718
f 664 720 662
f 606 666 664
f 666 720 664
f 721 663 610
f 722 666 724
f 668 724 666
f 667 665 725
f 669 667 725
f 670 724 668
f 670 726 724
f 727 669 725
f 723 610 671
f 669 727 673
f 726 670 729
f 726 729 730
f 672 729 670
f 727 728 673
f 731 675 676
f 616 731 676
f 672 732 729
f 732 672 674
f 731 616 677
f 733 412 545
f 618 734 677
f 619 734 618
f 679 736 678
f 679 735 736
f 737 623 678
f 681 735 679
f 453 556 680
f 682 738 681
f 681 738 735
f 737 683 623
f 684 739 682
f 739 738 682
f 685 684 626
f 739 684 740
f 683 737 686
f 741 740 684
f 685 741 684
f 686 742 688
f 740 741 743
f 743 741 685
f 743 685 744
f 687 744 685
f 742 745 688
f 557 746 556
f 689 747 687
f 689 748 747
f 688 748 689
f 745 748 688
f 690 509 463
f 510 690 749
f 749 750 510
f 631 510 750
f 631 751 634
f 634 751 752
f 632 634 753
f 632 753 633
f 633 754 691
f 691 693 515
f 693 755 694
f 635 758 757
f 636 759 758
f 637 760 636
f 637 565 760
f 566 761 565
f 566 762 761
f 756 696 695
f 756 695 635
f 758 635 636
f 763 569 567
f 570 764 568
f 765 767 768
f 767 765 766
f 699 768 767
f 767 766 769
f 699 770 768
f 699 767 642
f 642 767 769
f 638 582 423
f 698 700 701
f 698 701 640
f 770 699 701
f 699 642 576
f 769 702 642
f 701 700 703
f 701 703 770
f 771 703 647
f 771 647 705
f 702 772 704
f 705 652 707
f 705 707 772
f 772 707 704
f 592 708 653
f 425 357 706
f 710 773 708
f 709 774 775
f 709 775 655
f 657 775 713
f 655 775 657
f 709 776 774
f 711 773 710
f 712 776 709
f 659 778 711
f 780 712 714
f 777 715 713
f 777 779 715
f 659 716 778
f 714 781 780
f 661 781 714
f 717 782 716
f 661 719 781
f 718 715 779
f 781 719 783
f 784 718 779
f 783 719 720
f 785 718 784
f 785 665 718
f 725 665 785
f 722 720 666
f 720 722 786
f 783 720 786
f 721 610 723
f 786 722 787
f 724 787 722
f 788 612 608
f 726 787 724
f 723 671 790
f 726 791 787
f 789 727 725
f 612 788 792
f 789 728 727
f 730 791 726
f 675 790 671
f 793 790 675
f 731 793 675
f 730 729 794
f 732 794 729
f 673 728 674
f 795 674 728
f 797 794 732
f 795 732 674
f 677 796 731
f 797 732 795
f 798 508 412
f 680 734 619
f 680 799 734
f 737 678 736
f 556 799 680
f 735 800 736
f 798 463 508
f 801 738 739
f 802 686 737
f 803 739 740
f 739 803 801
f 742 686 802
f 803 740 804
f 740 743 804
f 805 742 802
f 805 745 742
f 804 743 807
f 807 743 808
f 808 743 744
f 809 744 687
f 687 747 809
f 748 810 747
f 748 745 810
f 749 690 811
f 751 631 812
f 631 750 812
f 813 558 692
f 634 752 753
f 754 633 753
f 814 691 754
f 693 691 814
f 636 760 759
f 760 565 761
f 566 815 762
f 566 816 815
f 756 635 757
f 519 816 566
f 519 697 816
f 763 567 696
f 474 817 697
f 817 474 568
f 764 817 568
f 818 569 763
f 826 825 824
f 826 824 823
f 819 825 826
f 819 765 825
f 765 819 820
f 765 820 766
f 766 820 821
f 766 821 827
f 827 821 822
f 828 827 822
f 830 823 824
f 829 823 830
f 824 831 830
f 831 824 825
f 825 765 768
f 766 827 769
f 825 833 832
f 768 833 825
f 769 827 834
f 827 828 834
f 770 833 768
f 833 770 835
f 702 834 772
f 769 834 702
f 770 703 835
f 835 703 771
f 771 705 836
f 836 705 772
f 708 837 653
f 708 773 837
f 775 838 713
f 713 838 840
f 776 839 774
f 840 777 713
f 842 425 706
f 843 777 840
f 776 712 844
f 711 778 841
f 842 595 425
f 841 778 846
f 712 780 844
f 845 779 777
f 716 846 778
f 780 781 847
f 781 848 847
f 849 492 595
f 851 492 849
f 848 781 783
f 847 848 850
f 848 852 850
f 783 852 848
f 717 663 782
f 852 853 850
f 663 721 782
f 783 854 852
f 783 786 854
f 852 854 853
f 850 853 855
f 851 608 492
f 856 725 785
f 786 857 854
f 854 858 853
f 855 853 858
f 788 608 851
f 857 859 854
f 854 859 858
f 860 721 723
f 786 861 857
f 787 861 786
f 789 725 856
f 862 860 723
f 862 723 790
f 861 787 863
f 791 863 787
f 733 612 792
f 545 612 733
f 864 728 789
f 730 865 791
f 790 793 866
f 794 865 730
f 728 864 867
f 728 867 795
f 731 866 793
f 865 794 868
f 794 869 868
f 869 794 797
f 870 795 867
f 733 798 412
f 871 796 677
f 734 871 677
f 871 734 799
f 806 463 798
f 738 800 735
f 736 800 872
f 736 872 737
f 872 802 737
f 873 803 804
f 801 803 873
f 804 807 873
f 874 807 808
f 808 744 809
f 805 810 745
f 875 810 805
f 876 809 747
f 875 876 747
f 747 810 875
f 811 690 463
f 630 877 557
f 878 750 749
f 879 630 558
f 558 813 879
f 752 880 753
f 694 882 692
f 692 882 813
f 694 755 883
f 694 883 882
f 760 885 759
f 884 756 757
f 886 763 696
f 891 890 888
f 890 819 892
f 893 820 819
f 820 894 821
f 894 895 821
f 821 895 887
f 887 822 821
f 887 896 822
f 889 823 898
f 888 823 889
f 823 888 890
f 832 892 899
f 823 890 826
f 826 890 892
f 832 826 892
f 900 892 819
f 900 819 826
f 900 826 832
f 828 822 896
f 897 638 569
f 829 898 823
f 830 899 829
f 829 899 898
f 831 899 830
f 831 832 899
f 832 831 825
f 901 900 832
f 901 832 833
f 833 835 901
f 828 902 834
f 582 638 903
f 904 835 771
f 902 836 772
f 902 772 834
f 649 653 905
f 904 771 836
f 905 653 837
f 773 907 906
f 773 906 837
f 775 774 908
f 711 909 907
f 711 907 773
f 711 841 909
f 776 910 839
f 911 910 776
f 776 844 911
f 844 912 911
f 845 777 843
f 844 780 912
f 780 847 912
f 847 913 912
f 847 850 913
f 913 850 914
f 850 915 914
f 850 917 915
f 855 917 850
f 785 916 918
f 785 918 856
f 858 920 855
f 919 788 851
f 721 860 921
f 918 789 856
f 859 857 861
f 859 861 923
f 859 923 858
f 920 858 923
f 924 789 918
f 861 863 925
f 923 861 925
f 924 864 789
f 791 865 863
f 864 926 867
f 865 868 927
f 867 926 928
f 731 929 866
f 930 927 868
f 869 930 868
f 797 795 869
f 931 869 795
f 932 929 731
f 796 932 731
f 932 796 871
f 933 871 799
f 934 738 801
f 800 738 934
f 935 802 872
f 799 556 936
f 874 873 807
f 873 874 934
f 801 873 934
f 937 802 935
f 937 805 802
f 746 936 556
f 938 874 808
f 937 875 805
f 939 875 937
f 876 875 939
f 806 811 463
f 877 746 557
f 811 878 749
f 812 750 878
f 940 812 878
f 812 940 751
f 751 940 752
f 752 941 880
f 753 880 942
f 754 753 942
f 881 814 754
f 754 942 881
f 814 943 693
f 757 944 884
f 757 758 944
f 886 696 756
f 764 946 817
f 893 948 888
f 949 820 893
f 949 894 820
f 895 950 887
f 951 887 950
f 888 889 947
f 888 948 891
f 948 947 891
f 952 890 891
f 952 948 893
f 952 893 890
f 890 893 819
f 951 896 887
f 818 897 569
f 899 889 898
f 889 899 947
f 947 899 891
f 891 899 892
f 891 892 952
f 900 952 892
f 901 952 900
f 896 902 828
f 897 903 638
f 904 901 835
f 902 953 904
f 904 836 902
f 837 906 905
f 775 908 955
f 775 955 838
f 958 706 582
f 956 954 774
f 774 954 908
f 959 956 839
f 910 959 839
f 839 956 774
f 838 957 840
f 840 957 960
f 960 843 840
f 846 962 961
f 841 846 961
f 962 846 964
f 845 784 779
f 966 784 845
f 963 595 842
f 716 964 846
f 914 965 913
f 967 965 914
f 963 849 595
f 784 966 968
f 716 782 964
f 914 915 967
f 968 785 784
f 785 968 970
f 969 964 782
f 785 970 916
f 721 969 782
f 917 971 915
f 972 916 970
f 972 970 969
f 917 973 971
f 974 972 969
f 974 969 721
f 855 973 917
f 975 918 916
f 975 916 972
f 855 976 973
f 921 974 721
f 920 976 855
f 976 920 977
f 862 921 860
f 923 977 920
f 918 975 978
f 978 924 918
f 922 792 788
f 923 925 979
f 977 923 979
f 925 863 980
f 865 982 863
f 980 863 982
f 927 982 865
f 867 928 870
f 927 930 984
f 932 985 929
f 931 930 869
f 795 870 931
f 986 932 871
f 933 986 871
f 800 987 872
f 987 935 872
f 988 800 934
f 800 988 987
f 938 934 874
f 989 936 746
f 809 990 808
f 808 990 938
f 937 935 939
f 935 991 939
f 992 990 809
f 876 992 809
f 876 939 991
f 630 879 877
f 993 752 940
f 880 941 942
f 994 881 942
f 995 881 994
f 943 881 995
f 943 814 881
f 755 693 943
f 752 993 941
f 944 997 884
f 758 998 944
f 759 998 758
f 759 885 998
f 760 945 885
f 761 999 760
f 762 999 761
f 762 815 999
f 816 1000 815
f 1000 816 1002
f 1001 886 756
f 1001 756 884
f 697 1002 816
f 697 1003 1002
f 1003 697 817
f 1006 895 949
f 764 570 1004
f 1007 888 947
f 1007 893 888
f 1005 893 1007
f 894 949 895
f 570 645 1004
f 947 948 1007
f 1007 948 952
f 952 901 1007
f 896 951 953
f 901 1009 1008
f 896 953 902
f 901 904 1009
f 1010 1009 904
f 649 905 1011
f 1010 904 953
f 1012 905 906
f 906 907 1013
f 908 954 955
f 838 955 1014
f 838 1014 957
f 909 1016 1015
f 909 1015 907
f 1016 909 841
f 958 842 706
f 841 961 1016
f 911 1017 910
f 1017 911 912
f 1017 912 1018
f 845 843 1019
f 1018 912 913
f 1018 913 1020
f 966 845 1019
f 965 1020 913
f 964 1022 962
f 968 966 1021
f 915 1023 967
f 1021 1022 964
f 969 1021 964
f 915 1024 1023
f 968 1021 970
f 919 851 849
f 970 1021 969
f 915 971 1024
f 976 1025 973
f 1026 788 919
f 1027 972 974
f 975 972 1027
f 1028 1027 974
f 921 1028 974
f 977 1025 976
f 862 1028 921
f 978 975 1027
f 977 1029 1025
f 979 1030 977
f 1029 977 1030
f 790 981 862
f 1031 924 978
f 1032 925 980
f 1032 979 925
f 1031 864 924
f 866 981 790
f 1031 926 864
f 983 981 866
f 1033 980 982
f 980 1033 1032
f 928 926 1031
f 927 1035 982
f 929 985 866
f 1035 927 984
f 1039 985 1038
f 1038 985 932
f 930 1040 984
f 931 1040 930
f 931 870 1037
f 986 1038 932
f 1040 931 1041
f 1036 806 798
f 799 936 933
f 1042 988 934
f 987 988 1043
f 987 1043 935
f 1042 934 938
f 990 1042 938
f 991 992 876
f 1044 811 806
f 811 1044 1045
f 877 989 746
f 811 1045 878
f 993 1047 1046
f 941 993 1046
f 1048 942 941
f 1048 994 942
f 996 755 943
f 941 1046 1049
f 994 1048 1050
f 994 1050 995
f 755 996 883
f 998 1052 1051
f 885 1052 998
f 999 945 760
f 1051 944 998
f 1053 886 1001
f 1054 818 763
f 1055 818 1054
f 1058 949 893
f 1058 893 1057
f 1006 949 1058
f 1059 895 1006
f 1061 1056 1057
f 1061 1057 893
f 1061 893 1005
f 895 1059 950
f 950 1059 1060
f 951 950 1060
f 1061 1005 1007
f 1061 1007 901
f 901 1008 1061
f 1009 953 951
f 649 1011 645
f 1009 1010 953
f 906 1013 1012
f 1062 1014 955
f 907 1015 1013
f 959 1063 956
f 956 1063 954
f 903 958 582
f 910 1064 959
f 910 1017 1066
f 1064 910 1066
f 1016 961 1065
f 1017 1018 1068
f 1019 843 1069
f 963 842 958
f 967 1070 965
f 967 1023 1070
f 1021 966 1071
f 1022 1071 962
f 1022 1021 1071
f 971 1072 1024
f 1072 971 1074
f 971 973 1074
f 1026 919 1073
f 1025 1074 973
f 1026 922 788
f 1075 1027 1028
f 1075 1028 1076
f 862 1076 1028
f 1078 978 1027
f 1077 978 1078
f 1027 1075 1078
f 1077 1031 978
f 981 1076 862
f 1032 1079 979
f 1030 979 1079
f 1035 1080 982
f 1033 982 1080
f 1081 928 1031
f 1083 870 928
f 1082 1083 928
f 1083 1037 870
f 1084 984 1040
f 1040 1085 1084
f 1040 1041 1085
f 1037 1041 931
f 1086 1038 986
f 933 1086 986
f 1042 1087 988
f 988 1087 1088
f 1043 988 1088
f 1043 1089 935
f 991 935 1089
f 1090 990 992
f 1091 1090 992
f 1091 992 991
f 1092 1093 878
f 940 878 1093
f 993 940 1047
f 940 1093 1047
f 1049 1048 941
f 1052 1094 1051
f 945 1095 885
f 997 1001 884
f 944 1051 997
f 1096 1003 817
f 1097 763 886
f 1054 763 1097
f 1058 1057 1098
f 1056 1098 1057
f 1099 1060 1059
f 1056 1061 1098
f 1100 1098 1061
f 1101 951 1060
f 645 1011 1004
f 897 818 1055
f 1100 1061 1008
f 1101 1008 1009
f 1101 1009 951
f 1102 1011 905
f 1012 1102 905
f 954 1063 1104
f 954 1104 1062
f 954 1062 955
f 1062 1105 1014
f 1015 1103 1013
f 959 1106 1063
f 1014 1105 957
f 957 1105 960
f 1016 1065 1015
f 1107 958 903
f 1067 1066 1017
f 1067 1017 1068
f 961 1108 1065
f 1068 1018 1020
f 962 1108 961
f 965 1109 1020
f 1108 962 1111
f 1109 965 1070
f 966 1019 1110
f 966 1110 1071
f 1071 1110 1111
f 1071 1111 962
f 849 963 1113
f 1114 849 1113
f 1024 1112 1023
f 1073 849 1114
f 1118 1112 1072
f 1024 1072 1112
f 1073 919 849
f 1119 1116 1115
f 1118 1119 1115
f 1120 1116 1119
f 1119 1118 1121
f 1072 1121 1118
f 1122 1120 1119
f 1122 1119 1121
f 1072 1123 1121
f 1124 1120 1122
f 1123 1122 1121
f 1125 1122 1123
f 1072 1126 1123
f 1072 1074 1126
f 1124 1122 1125
f 1127 1125 1123
f 1126 1074 1128
f 1025 1128 1074
f 1025 1129 1128
f 1029 1129 1025
f 1029 1130 1129
f 1030 1130 1029
f 1131 1077 1078
f 983 1076 981
f 1132 733 792
f 1133 1130 1030
f 1081 1031 1077
f 1132 798 733
f 1034 798 1132
f 1032 1033 1134
f 1032 1134 1079
f 983 866 1135
f 1082 928 1081
f 1136 1135 985
f 1135 866 985
f 1034 1036 798
f 1035 1137 1080
f 984 1137 1035
f 1137 984 1084
f 1083 1138 1037
f 1139 1041 1037
f 1140 1086 933
f 933 936 1140
f 936 989 1140
f 1087 990 1141
f 1087 1042 990
f 1090 1141 990
f 1091 991 1089
f 1142 989 877
f 882 1143 813
f 1049 1144 1048
f 1048 1145 1050
f 995 1146 943
f 999 1149 945
f 999 1150 1149
f 1051 1151 997
f 1147 1052 885
f 1148 1095 945
f 999 815 1150
f 1000 1150 815
f 1003 1096 1002
f 946 1096 817
f 764 1004 946
f 1153 1154 1058
f 1100 1058 1098
f 1152 1058 1100
f 1058 1154 1006
f 1006 1154 1059
f 1060 1099 1101
f 1100 1008 1155
f 1156 1013 1103
f 1013 1156 1012
f 1015 1157 1103
f 959 1159 1106
f 1158 960 1105
f 1161 960 1158
f 1065 1160 1015
f 1064 1159 959
f 1064 1066 1159
f 1161 843 960
f 1163 1068 1020
f 1109 1163 1020
f 1164 1019 1069
f 1164 1110 1019
f 1167 1110 1164
f 1111 1167 1165
f 1111 1165 1108
f 1111 1110 1167
f 1023 1168 1070
f 1168 1023 1112
f 1115 1169 1170
f 1115 1170 1117
f 1117 1170 1171
f 1172 1169 1115
f 1116 1172 1115
f 1112 1118 1117
f 1115 1117 1118
f 1120 1173 1116
f 1116 1173 1172
f 1124 1173 1120
f 1174 1127 1123
f 1174 1123 1126
f 1175 1124 1125
f 1125 1127 1174
f 1128 1174 1126
f 1125 1174 1176
f 1175 1125 1176
f 1129 1177 1128
f 1178 792 922
f 1130 1177 1129
f 1130 1179 1177
f 1078 1181 1131
f 1181 1078 1075
f 1182 1075 1076
f 983 1182 1076
f 1131 1081 1077
f 1133 1030 1079
f 1133 1079 1183
f 1184 1033 1080
f 1033 1184 1134
f 1185 1082 1081
f 1186 1136 985
f 1082 1138 1083
f 1187 1186 985
f 1187 985 1039
f 1188 1084 1085
f 1085 1041 1139
f 1038 1189 1039
f 1086 1189 1038
f 1190 806 1036
f 1191 1044 806
f 1087 1141 1088
f 1043 1088 1192
f 1089 1043 1192
f 1091 1089 1192
f 1192 1090 1091
f 1192 1141 1090
f 1196 1195 1193
f 1196 1193 1194
f 877 879 1142
f 1045 1092 878
f 813 1197 879
f 1143 1197 813
f 1198 1143 882
f 1049 1046 1047
f 1145 995 1050
f 883 1199 882
f 995 1145 1146
f 943 1200 996
f 996 1201 883
f 1202 1001 997
f 997 1151 1202
f 1051 1203 1151
f 1094 1203 1051
f 1094 1204 1203
f 1147 1094 1052
f 1095 1147 885
f 1148 945 1149
f 1205 1150 1000
f 1000 1002 1205
f 1206 1054 1097
f 1152 1209 1207
f 1058 1152 1207
f 1208 1099 1059
f 1100 1209 1152
f 1100 1155 1209
f 1099 1211 1101
f 1008 1101 1210
f 1212 897 1055
f 1214 897 1212
f 1012 1156 1213
f 1012 1213 1102
f 1214 903 897
f 1215 1105 1062
f 1015 1216 1157
f 1160 1216 1015
f 903 1214 1107
f 1065 1217 1160
f 843 1161 1218
f 1162 1067 1068
f 1069 843 1218
f 1068 1163 1162
f 1163 1109 1219
f 1070 1220 1109
f 1070 1168 1220
f 1166 963 958
f 1170 1169 1222
f 1221 1112 1223
f 1168 1112 1221
f 1113 963 1166
f 1224 1222 1169
f 1117 1171 1223
f 1112 1117 1223
f 1172 1225 1169
f 1169 1225 1224
f 1172 1226 1225
f 1173 1226 1172
f 1124 1227 1173
f 1175 1227 1124
f 1228 922 1026
f 1176 1174 1229
f 1231 1175 1176
f 1229 1174 1232
f 1174 1128 1232
f 1232 1128 1177
f 1179 1130 1233
f 1180 1233 1130
f 1075 1182 1181
f 1133 1180 1130
f 1234 1180 1133
f 1182 983 1135
f 1185 1081 1131
f 1134 1183 1079
f 1137 1235 1080
f 1084 1235 1137
f 1235 1084 1236
f 1138 1237 1037
f 1189 1187 1039
f 1084 1188 1236
f 1037 1237 1139
f 1188 1085 1238
f 1139 1238 1085
f 1189 1086 1239
f 1240 1086 1140
f 1190 1191 806
f 1192 1088 1141
f 1241 1242 1193
f 1193 1242 1194
f 1193 1195 1241
f 1242 1243 1194
f 1241 1195 1244
f 1196 1245 1195
f 1195 1245 1244
f 1196 1246 1245
f 1246 1196 1243
f 1243 1196 1194
f 879 1197 1142
f 1247 1093 1092
f 1047 1093 1247
f 1247 1248 1047
f 1047 1248 1049
f 1144 1049 1248
f 1048 1144 1249
f 1200 943 1146
f 1199 883 1201
f 1198 882 1199
f 1151 1203 1202
f 1094 1147 1204
f 1250 1148 1149
f 1002 1096 1205
f 1053 1097 886
f 1209 1251 1207
f 1251 1252 1207
f 1207 1252 1058
f 1058 1252 1153
f 1153 1254 1154
f 1059 1154 1253
f 1059 1253 1208
f 1008 1210 1256
f 1255 1211 1208
f 1211 1099 1208
f 1256 1155 1008
f 1211 1210 1101
f 1257 1062 1104
f 1215 1062 1257
f 1259 1103 1157
f 1259 1156 1103
f 1105 1215 1258
f 1106 1260 1063
f 1063 1260 1104
f 1258 1158 1105
f 1066 1067 1162
f 1262 1069 1218
f 1217 1065 1108
f 1069 1262 1263
f 1108 1165 1217
f 1263 1164 1069
f 1164 1264 1167
f 1167 1264 1165
f 1166 958 1265
f 1168 1221 1220
f 1266 1222 1267
f 1170 1222 1266
f 1224 1267 1222
f 1266 1171 1170
f 1268 1269 1114
f 1073 1114 1269
f 1228 1073 1269
f 1228 1026 1073
f 1227 1270 1173
f 1230 922 1228
f 1231 1227 1175
f 1271 1229 1232
f 1272 1231 1176
f 1177 1271 1232
f 1271 1272 1176
f 1176 1229 1271
f 1177 1179 1273
f 792 1178 1132
f 1233 1273 1179
f 1182 1274 1181
f 1275 1185 1131
f 1275 1131 1181
f 1234 1133 1183
f 1276 1183 1134
f 1276 1134 1184
f 1278 1082 1185
f 1277 1036 1034
f 1082 1278 1138
f 1139 1237 1279
f 1239 1187 1189
f 1139 1279 1238
f 1239 1086 1240
f 1280 1140 989
f 1142 1280 989
f 1241 1281 1242
f 1242 1281 1282
f 1243 1242 1282
f 1244 1283 1281
f 1244 1281 1241
f 1282 1246 1243
f 1045 1044 1284
f 1283 1244 1245
f 1283 1245 1246
f 1284 1092 1045
f 1249 1145 1048
f 1200 1146 1285
f 1201 996 1200
f 1286 1202 1203
f 1148 1287 1095
f 1148 1250 1287
f 1288 1250 1149
f 1150 1288 1149
f 1289 1053 1001
f 1289 1001 1202
f 1096 1291 1290
f 946 1291 1096
f 1251 1295 1293
f 1251 1293 1252
f 1252 1296 1153
f 1154 1294 1253
f 1255 1208 1253
f 1297 1251 1209
f 1297 1295 1251
f 1155 1296 1209
f 1209 1296 1297
f 1155 1153 1296
f 1256 1254 1153
f 1155 1256 1153
f 1294 1154 1256
f 1154 1254 1256
f 1211 1298 1210
f 1298 1211 1255
f 1213 1011 1102
f 1212 1055 1054
f 1299 1259 1157
f 1216 1301 1299
f 1216 1299 1157
f 1106 1300 1260
f 1106 1302 1300
f 1216 1160 1301
f 1159 1302 1106
f 1159 1303 1302
f 1159 1066 1303
f 1066 1261 1303
f 1162 1163 1304
f 1219 1109 1305
f 1164 1263 1264
f 1109 1220 1305
f 1306 1220 1223
f 1307 1267 1224
f 1171 1266 1308
f 1221 1223 1220
f 1171 1308 1223
f 1309 1113 1166
f 1224 1225 1310
f 1226 1311 1225
f 1309 1114 1113
f 1268 1114 1309
f 1312 922 1230
f 1231 1313 1227
f 1314 1313 1231
f 1231 1272 1314
f 1272 1271 1315
f 1315 1271 1316
f 1316 1271 1177
f 1316 1177 1273
f 1181 1317 1275
f 1274 1317 1181
f 1135 1274 1182
f 1318 1275 1317
f 1274 1135 1319
f 1276 1320 1183
f 1277 1190 1036
f 1235 1321 1080
f 1080 1321 1184
f 1323 1322 1138
f 1278 1323 1138
f 1235 1236 1324
f 1188 1324 1236
f 1322 1237 1138
f 1325 1324 1188
f 1237 1326 1279
f 1322 1326 1237
f 1327 1240 1140
f 1140 1280 1327
f 1284 1044 1191
f 1281 1283 1246
f 1281 1246 1282
f 1142 1328 1280
f 1144 1248 1249
f 1145 1249 1329
f 1145 1285 1146
f 1147 1331 1330
f 1147 1332 1331
f 1287 1250 1333
f 1204 1286 1203
f 1330 1204 1147
f 1332 1147 1095
f 1332 1095 1287
f 1150 1205 1288
f 1096 1290 1205
f 1097 1334 1206
f 946 1335 1291
f 1339 1292 1344
f 1340 1292 1339
f 1292 1340 1293
f 1293 1340 1252
f 1252 1340 1341
f 1341 1342 1252
f 1345 1343 1294
f 1343 1337 1294
f 1294 1337 1253
f 1253 1337 1338
f 1338 1346 1253
f 1293 1344 1292
f 1347 1344 1293
f 1347 1293 1295
f 1295 1297 1347
f 1342 1297 1252
f 1252 1297 1296
f 1294 1256 1345
f 1256 1210 1345
f 1210 1298 1345
f 1298 1253 1346
f 1298 1255 1253
f 1156 1348 1213
f 1350 1104 1260
f 1104 1350 1257
f 1351 1258 1215
f 1349 1351 1215
f 1352 1258 1351
f 1352 1158 1258
f 1161 1158 1352
f 1160 1353 1301
f 1160 1217 1353
f 1261 1066 1162
f 1163 1219 1354
f 1264 1263 1356
f 1264 1356 1355
f 1165 1264 1355
f 1165 1355 1217
f 1305 1220 1306
f 1267 1307 1357
f 1267 1357 1266
f 1223 1308 1306
f 1358 1309 1166
f 1225 1359 1310
f 1225 1311 1359
f 1360 1269 1268
f 1227 1361 1270
f 1227 1362 1361
f 1313 1362 1227
f 1314 1363 1313
f 1364 1272 1315
f 1314 1272 1364
f 1234 1365 1180
f 1318 1185 1275
f 1278 1185 1318
f 1136 1319 1135
f 1366 1234 1183
f 1319 1136 1186
f 1183 1320 1366
f 1187 1367 1186
f 1368 1190 1277
f 1238 1369 1188
f 1279 1326 1370
f 1325 1188 1369
f 1371 1191 1190
f 1372 1142 1197
f 1373 1092 1284
f 1197 1143 1374
f 1247 1092 1375
f 1247 1375 1376
f 1376 1248 1247
f 1285 1145 1329
f 1199 1377 1198
f 1248 1378 1249
f 1249 1379 1329
f 1285 1329 1379
f 1201 1200 1380
f 1330 1381 1204
f 1333 1332 1287
f 1382 1250 1288
f 1202 1286 1289
f 1383 1097 1053
f 946 1336 1335
f 1339 1389 1384
f 1339 1384 1340
f 1340 1384 1385
f 1340 1385 1341
f 1341 1385 1386
f 1386 1390 1341
f 1387 1390 1386
f 1390 1387 1343
f 1343 1387 1337
f 1337 1387 1388
f 1337 1388 1338
f 1338 1388 1391
f 1339 1392 1389
f 1342 1341 1390
f 1393 1338 1391
f 1394 1392 1339
f 1394 1339 1344
f 1347 1395 1344
f 1344 1395 1394
f 1347 1396 1395
f 1297 1396 1347
f 1342 1397 1297
f 1297 1397 1396
f 1397 1342 1390
f 1397 1390 1398
f 1398 1390 1343
f 1345 1398 1343
f 1346 1338 1393
f 1345 1298 1346
f 1259 1399 1348
f 1156 1259 1348
f 1260 1300 1350
f 1214 1212 1401
f 1301 1400 1299
f 1218 1161 1352
f 1162 1402 1261
f 1162 1304 1402
f 1163 1354 1304
f 1403 1262 1218
f 1262 1403 1356
f 1353 1217 1355
f 1263 1262 1356
f 1265 958 1107
f 1404 1305 1306
f 1405 1166 1265
f 1357 1308 1266
f 1357 1406 1308
f 1308 1406 1306
f 1358 1166 1405
f 1224 1310 1307
f 1226 1407 1311
f 1173 1407 1226
f 1312 1178 922
f 1363 1362 1313
f 1409 1178 1408
f 1409 1132 1178
f 1363 1314 1410
f 1410 1314 1364
f 1273 1411 1316
f 1317 1412 1318
f 1413 1317 1274
f 1412 1317 1413
f 1234 1366 1365
f 1276 1414 1320
f 1415 1323 1278
f 1324 1321 1235
f 1367 1187 1239
f 1323 1326 1322
f 1416 1367 1239
f 1279 1417 1238
f 1279 1370 1417
f 1239 1240 1418
f 1419 1418 1240
f 1419 1240 1327
f 1327 1280 1328
f 1421 1420 1422
f 1425 1423 1424
f 1423 1426 1424
f 1423 1425 1427
f 1372 1328 1142
f 1423 1428 1426
f 1428 1423 1427
f 1429 1373 1284
f 1092 1373 1375
f 1377 1143 1198
f 1376 1430 1248
f 1431 1249 1378
f 1431 1379 1249
f 1285 1433 1200
f 1201 1380 1377
f 1199 1201 1377
f 1430 1434 1248
f 1248 1434 1378
f 1380 1435 1377
f 1382 1333 1250
f 1381 1286 1204
f 1436 1330 1331
f 1288 1437 1382
f 1288 1205 1437
f 1438 1053 1289
f 1289 1286 1438
f 1205 1290 1437
f 1439 1097 1383
f 1439 1334 1097
f 1440 1441 1384
f 1384 1441 1385
f 1444 1206 1334
f 1440 1384 1389
f 1388 1443 1391
f 1444 1054 1206
f 1392 1445 1389
f 1445 1440 1389
f 1394 1445 1392
f 1395 1445 1394
f 1004 1336 946
f 1446 1345 1346
f 1446 1398 1345
f 1393 1446 1346
f 1011 1336 1004
f 1011 1213 1336
f 1447 1212 1054
f 1215 1257 1349
f 1259 1299 1399
f 1399 1299 1400
f 1300 1302 1448
f 1448 1302 1303
f 1401 1107 1214
f 1261 1449 1303
f 1261 1402 1449
f 1355 1450 1353
f 1219 1451 1354
f 1356 1452 1355
f 1305 1451 1219
f 1406 1404 1306
f 1454 1453 1307
f 1307 1453 1357
f 1307 1310 1454
f 1311 1455 1359
f 1456 1360 1268
f 1457 1228 1269
f 1457 1230 1228
f 1363 1410 1458
f 1458 1410 1459
f 1315 1460 1364
f 1411 1315 1316
f 1034 1132 1409
f 1410 1364 1460
f 1461 1034 1409
f 1273 1462 1411
f 1273 1233 1462
f 1462 1233 1463
f 1180 1463 1233
f 1319 1413 1274
f 1464 1413 1319
f 1186 1464 1319
f 1465 1464 1186
f 1465 1186 1367
f 1466 1326 1323
f 1324 1325 1369
f 1238 1417 1369
f 1418 1416 1239
f 1420 1421 1467
f 1421 1468 1467
f 1422 1420 1467
f 1469 1422 1467
f 1470 1468 1421
f 1421 1422 1470
f 1422 1469 1424
f 1425 1471 1472
f 1424 1471 1425
f 1470 1422 1473
f 1426 1422 1424
f 1473 1422 1426
f 1425 1472 1427
f 1428 1473 1426
f 1428 1427 1474
f 1474 1427 1472
f 1475 1473 1428
f 1475 1428 1474
f 1476 1375 1373
f 1377 1374 1143
f 1375 1430 1376
f 1379 1432 1285
f 1285 1432 1433
f 1200 1433 1380
f 1381 1478 1286
f 1330 1479 1381
f 1436 1479 1330
f 1480 1331 1332
f 1480 1332 1333
f 1286 1478 1438
f 1291 1335 1481
f 1442 1385 1441
f 1385 1442 1386
f 1386 1442 1387
f 1442 1482 1387
f 1387 1482 1388
f 1388 1482 1443
f 1391 1443 1484
f 1397 1483 1396
f 1485 1397 1398
f 1446 1485 1398
f 1484 1446 1393
f 1391 1484 1393
f 1486 1336 1213
f 1213 1487 1486
f 1348 1487 1213
f 1351 1349 1257
f 1400 1488 1399
f 1218 1352 1489
f 1353 1450 1301
f 1403 1218 1489
f 1491 1450 1355
f 1354 1451 1490
f 1452 1356 1403
f 1355 1452 1491
f 1493 1492 1453
f 1454 1493 1453
f 1453 1492 1357
f 1357 1492 1494
f 1357 1494 1406
f 1406 1494 1495
f 1406 1495 1404
f 1456 1268 1309
f 1173 1496 1407
f 1497 1269 1360
f 1269 1497 1457
f 1362 1498 1361
f 1363 1499 1362
f 1460 1500 1410
f 1315 1411 1460
f 1459 1410 1500
f 1461 1277 1034
f 1412 1413 1502
f 1501 1368 1277
f 1415 1278 1318
f 1366 1503 1365
f 1414 1276 1184
f 1321 1504 1184
f 1184 1504 1414
f 1415 1466 1323
f 1416 1465 1367
f 1321 1324 1505
f 1324 1369 1505
f 1507 1419 1327
f 1328 1507 1327
f 1467 1508 1469
f 1509 1468 1470
f 1508 1424 1469
f 1508 1471 1424
f 1470 1511 1509
f 1512 1511 1470
f 1513 1472 1471
f 1510 1429 1284
f 1512 1470 1514
f 1473 1514 1470
f 1474 1513 1515
f 1513 1474 1472
f 1475 1514 1473
f 1475 1474 1515
f 1374 1372 1197
f 1375 1476 1430
f 1378 1434 1431
f 1431 1477 1379
f 1477 1432 1379
f 1382 1517 1333
f 1290 1481 1437
f 1438 1383 1053
f 1290 1291 1481
f 1519 1440 1518
f 1519 1441 1440
f 1520 1441 1519
f 1520 1442 1441
f 1521 1442 1520
f 1522 1518 1440
f 1442 1521 1482
f 1443 1482 1523
f 1522 1440 1445
f 1483 1395 1396
f 1397 1485 1483
f 1443 1524 1484
f 1443 1523 1524
f 1446 1524 1485
f 1524 1446 1484
f 1525 1054 1444
f 1525 1447 1054
f 1399 1487 1348
f 1351 1257 1526
f 1526 1529 1351
f 1300 1528 1350
f 1529 1352 1351
f 1303 1449 1448
f 1301 1450 1400
f 1354 1490 1304
f 1305 1530 1451
f 1305 1404 1530
f 1310 1531 1454
f 1310 1359 1532
f 1533 1309 1358
f 1497 1360 1456
f 1270 1496 1173
f 1535 1312 1230
f 1499 1498 1362
f 1458 1499 1363
f 1536 1415 1318
f 1412 1536 1318
f 1537 1320 1414
f 1537 1503 1320
f 1320 1503 1366
f 1371 1190 1368
f 1370 1326 1538
f 1416 1418 1539
f 1540 1417 1370
f 1539 1418 1419
f 1506 1419 1507
f 1510 1284 1191
f 1509 1541 1468
f 1468 1541 1467
f 1509 1511 1542
f 1509 1542 1541
f 1471 1508 1513
f 1511 1512 1542
f 1543 1542 1512
f 1512 1544 1543
f 1514 1544 1512
f 1545 1514 1475
f 1545 1475 1515
f 1476 1373 1429
f 1431 1547 1477
f 1477 1547 1548
f 1432 1549 1433
f 1546 1377 1435
f 1551 1381 1479
f 1479 1436 1331
f 1516 1479 1331
f 1480 1516 1331
f 1480 1333 1517
f 1550 1517 1382
f 1552 1550 1382
f 1437 1552 1382
f 1519 1553 1520
f 1520 1553 1555
f 1555 1556 1520
f 1336 1559 1335
f 1439 1444 1334
f 1554 1519 1518
f 1560 1554 1518
f 1520 1556 1521
f 1521 1556 1557
f 1558 1482 1521
f 1523 1482 1558
f 1560 1518 1522
f 1395 1561 1445
f 1445 1561 1522
f 1483 1562 1395
f 1563 1350 1528
f 1350 1563 1257
f 1448 1528 1300
f 1399 1488 1527
f 1529 1564 1352
f 1449 1565 1448
f 1402 1567 1449
f 1450 1566 1400
f 1491 1452 1568
f 1451 1569 1490
f 1568 1452 1403
f 1451 1530 1569
f 1570 1265 1107
f 1404 1571 1530
f 1494 1572 1495
f 1495 1572 1571
f 1495 1571 1404
f 1359 1573 1532
f 1311 1407 1455
f 1270 1534 1496
f 1361 1534 1270
f 1575 1178 1312
f 1575 1408 1178
f 1458 1459 1576
f 1460 1577 1500
f 1460 1578 1577
f 1411 1578 1460
f 1462 1578 1411
f 1461 1501 1277
f 1463 1578 1462
f 1579 1180 1365
f 1579 1463 1180
f 1580 1537 1414
f 1504 1580 1414
f 1581 1466 1415
f 1505 1583 1321
f 1466 1538 1326
f 1582 1538 1466
f 1505 1369 1584
f 1417 1584 1369
f 1370 1585 1540
f 1586 1539 1419
f 1506 1586 1419
f 1371 1510 1191
f 1508 1467 1541
f 1372 1507 1328
f 1372 1587 1507
f 1543 1541 1542
f 1541 1588 1508
f 1589 1590 1513
f 1508 1589 1513
f 1544 1541 1543
f 1590 1515 1513
f 1545 1544 1514
f 1545 1515 1590
f 1592 1374 1377
f 1591 1374 1592
f 1592 1377 1546
f 1430 1593 1434
f 1431 1434 1547
f 1548 1549 1477
f 1477 1549 1432
f 1594 1433 1549
f 1551 1478 1381
f 1551 1595 1478
f 1481 1596 1437
f 1597 1439 1383
f 1599 1600 1553
f 1600 1555 1553
f 1600 1556 1555
f 1601 1557 1556
f 1602 1558 1557
f 1603 1558 1602
f 1598 1444 1439
f 1521 1557 1558
f 1558 1603 1604
f 1523 1558 1604
f 1561 1560 1522
f 1561 1395 1605
f 1605 1395 1562
f 1606 1562 1483
f 1485 1607 1483
f 1524 1604 1609
f 1523 1604 1524
f 1524 1609 1608
f 1485 1524 1608
f 1486 1610 1336
f 1486 1487 1611
f 1612 1487 1527
f 1563 1613 1257
f 1613 1614 1257
f 1614 1526 1257
f 1399 1527 1487
f 1448 1565 1528
f 1615 1447 1525
f 1489 1352 1564
f 1449 1567 1616
f 1617 1567 1402
f 1618 1566 1450
f 1304 1617 1402
f 1304 1490 1617
f 1493 1619 1492
f 1492 1619 1494
f 1531 1620 1493
f 1454 1531 1493
f 1570 1405 1265
f 1310 1532 1531
f 1533 1358 1405
f 1456 1309 1533
f 1455 1621 1359
f 1622 1497 1456
f 1623 1457 1497
f 1624 1230 1457
f 1624 1535 1230
f 1575 1312 1535
f 1499 1574 1498
f 1458 1625 1499
f 1625 1458 1576
f 1576 1459 1626
f 1500 1626 1459
f 1500 1577 1626
f 1503 1579 1365
f 1536 1412 1627
f 1627 1412 1502
f 1502 1413 1628
f 1629 1628 1464
f 1628 1413 1464
f 1536 1581 1415
f 1464 1465 1629
f 1581 1582 1466
f 1631 1465 1416
f 1539 1631 1416
f 1540 1584 1417
f 1585 1370 1538
f 1632 1540 1585
f 1508 1588 1589
f 1633 1541 1544
f 1541 1633 1588
f 1634 1590 1589
f 1635 1633 1544
f 1545 1636 1544
f 1544 1636 1635
f 1636 1545 1590
f 1637 1636 1590
f 1638 1590 1634
f 1637 1590 1638
f 1372 1374 1639
f 1640 1476 1429
f 1430 1476 1641
f 1430 1641 1642
f 1642 1593 1430
f 1593 1547 1434
f 1594 1380 1433
f 1516 1644 1479
f 1645 1516 1480
f 1645 1480 1517
f 1646 1645 1517
f 1646 1517 1550
f 1478 1647 1438
f 1647 1383 1438
f 1439 1597 1598
f 1602 1601 1648
f 1599 1519 1554
f 1553 1519 1599
f 1556 1600 1601
f 1557 1601 1602
f 1649 1603 1602
f 1603 1651 1604
f 1560 1650 1554
f 1561 1652 1560
f 1560 1652 1650
f 1605 1652 1561
f 1483 1607 1606
f 1485 1609 1607
f 1604 1651 1609
f 1608 1609 1485
f 1611 1487 1612
f 1612 1527 1653
f 1615 1525 1654
f 1400 1566 1655
f 1400 1655 1488
f 1212 1447 1615
f 1656 1403 1489
f 1657 1403 1656
f 1657 1568 1403
f 1658 1491 1568
f 1491 1658 1618
f 1450 1491 1618
f 1659 1107 1401
f 1659 1570 1107
f 1530 1571 1569
f 1620 1660 1493
f 1493 1660 1619
f 1661 1572 1494
f 1532 1662 1531
f 1359 1621 1573
f 1534 1664 1496
f 1457 1623 1624
f 1499 1625 1574
f 1577 1666 1626
f 1577 1667 1666
f 1667 1577 1578
f 1463 1579 1668
f 1627 1502 1669
f 1669 1502 1628
f 1501 1371 1368
f 1465 1630 1629
f 1537 1580 1670
f 1671 1582 1581
f 1583 1672 1321
f 1321 1672 1504
f 1673 1630 1631
f 1630 1465 1631
f 1583 1505 1674
f 1505 1584 1674
f 1632 1584 1540
f 1676 1675 1633
f 1675 1588 1633
f 1589 1677 1678
f 1634 1589 1678
f 1639 1587 1372
f 1680 1633 1635
f 1636 1681 1635
f 1682 1636 1637
f 1374 1683 1639
f 1591 1683 1374
f 1476 1640 1641
f 1593 1684 1547
f 1547 1684 1685
f 1547 1685 1548
f 1548 1685 1549
f 1549 1686 1594
f 1594 1687 1380
f 1380 1687 1435
f 1688 1643 1551
f 1689 1688 1551
f 1644 1551 1479
f 1644 1689 1551
f 1644 1516 1645
f 1690 1647 1478
f 1383 1647 1597
f 1335 1691 1481
f 1599 1693 1600
f 1600 1693 1601
f 1693 1648 1601
f 1648 1694 1602
f 1649 1602 1694
f 1695 1692 1554
f 1599 1554 1692
f 1649 1696 1603
f 1697 1444 1598
f 1650 1695 1554
f 1696 1651 1603
f 1698 1607 1609
f 1486 1611 1610
f 1444 1697 1654
f 1444 1654 1525
f 1701 1526 1700
f 1565 1699 1528
f 1528 1699 1563
f 1701 1529 1526
f 1529 1701 1564
f 1655 1702 1488
f 1488 1702 1527
f 1449 1616 1565
f 1656 1489 1564
f 1567 1703 1616
f 1567 1617 1703
f 1704 1401 1212
f 1706 1401 1704
f 1705 1568 1657
f 1705 1658 1568
f 1706 1659 1401
f 1494 1619 1661
f 1571 1572 1707
f 1571 1707 1569
f 1708 1620 1531
f 1662 1708 1531
f 1663 1456 1533
f 1623 1497 1709
f 1711 1624 1623
f 1361 1498 1534
f 1576 1626 1665
f 1665 1626 1713
f 1626 1666 1713
f 1578 1715 1714
f 1578 1463 1715
f 1668 1715 1463
f 1671 1536 1627
f 1671 1581 1536
f 1537 1670 1503
f 1716 1371 1501
f 1504 1717 1580
f 1672 1717 1504
f 1673 1631 1718
f 1631 1539 1718
f 1719 1510 1371
f 1720 1506 1507
f 1507 1587 1720
f 1675 1721 1588
f 1588 1721 1589
f 1721 1677 1589
f 1676 1679 1722
f 1679 1676 1633
f 1723 1678 1677
f 1724 1634 1678
f 1723 1724 1678
f 1679 1725 1722
f 1680 1725 1679
f 1633 1680 1679
f 1677 1681 1636
f 1677 1726 1681
f 1677 1682 1723
f 1682 1677 1636
f 1724 1638 1634
f 1635 1727 1680
f 1638 1728 1637
f 1637 1728 1682
f 1724 1728 1638
f 1729 1429 1510
f 1727 1635 1681
f 1729 1640 1429
f 1640 1730 1641
f 1730 1731 1641
f 1642 1641 1731
f 1642 1684 1593
f 1685 1686 1549
f 1732 1644 1645
f 1733 1646 1550
f 1595 1551 1643
f 1437 1734 1552
f 1437 1596 1734
f 1597 1647 1735
f 1598 1597 1736
f 1559 1691 1335
f 1692 1737 1599
f 1599 1737 1738
f 1599 1738 1693
f 1738 1740 1693
f 1740 1648 1693
f 1695 1739 1692
f 1649 1694 1741
f 1696 1649 1741
f 1652 1695 1650
f 1652 1605 1742
f 1744 1605 1562
f 1606 1744 1562
f 1336 1743 1559
f 1336 1610 1743
f 1698 1606 1607
f 1745 1698 1609
f 1745 1609 1651
f 1747 1611 1746
f 1653 1748 1612
f 1612 1748 1746
f 1612 1746 1611
f 1700 1526 1614
f 1565 1750 1699
f 1655 1751 1702
f 1616 1752 1565
f 1618 1655 1566
f 1569 1753 1490
f 1572 1661 1707
f 1663 1622 1456
f 1496 1664 1407
f 1623 1710 1711
f 1624 1575 1535
f 1712 1409 1408
f 1576 1755 1625
f 1712 1461 1409
f 1667 1756 1666
f 1714 1667 1578
f 1757 1501 1461
f 1628 1758 1669
f 1670 1760 1503
f 1760 1579 1503
f 1630 1628 1629
f 1759 1716 1501
f 1761 1670 1580
f 1716 1719 1371
f 1674 1672 1583
f 1672 1674 1762
f 1585 1538 1763
f 1764 1674 1584
f 1765 1764 1584
f 1765 1584 1632
f 1766 1632 1585
f 1767 1718 1539
f 1586 1767 1539
f 1586 1506 1768
f 1768 1506 1720
f 1769 1510 1719
f 1720 1587 1639
f 1770 1676 1722
f 1676 1770 1675
f 1675 1770 1721
f 1771 1772 1725
f 1725 1772 1722
f 1726 1677 1721
f 1774 1773 1725
f 1773 1771 1725
f 1680 1774 1725
f 1774 1680 1775
f 1776 1681 1726
f 1728 1723 1682
f 1723 1728 1724
f 1773 1774 1775
f 1775 1680 1777
f 1777 1680 1727
f 1681 1777 1727
f 1776 1777 1681
f 1546 1591 1592
f 1684 1778 1685
f 1778 1779 1685
f 1779 1686 1685
f 1435 1780 1546
f 1733 1550 1552
f 1734 1733 1552
f 1478 1595 1690
f 1690 1735 1647
f 1481 1691 1596
f 1735 1736 1597
f 1739 1782 1692
f 1782 1737 1692
f 1740 1694 1648
f 1781 1694 1740
f 1781 1741 1694
f 1783 1741 1781
f 1695 1784 1739
f 1652 1742 1784
f 1696 1741 1783
f 1784 1695 1652
f 1651 1696 1745
f 1750 1786 1699
f 1786 1563 1699
f 1749 1563 1786
f 1563 1749 1613
f 1613 1785 1614
f 1527 1702 1653
f 1565 1787 1750
f 1752 1787 1565
f 1618 1788 1655
f 1704 1212 1615
f 1490 1753 1617
f 1658 1788 1618
f 1569 1707 1753
f 1789 1619 1660
f 1789 1661 1619
f 1659 1706 1790
f 1791 1570 1659
f 1791 1405 1570
f 1791 1754 1405
f 1573 1792 1532
f 1754 1533 1405
f 1621 1792 1573
f 1793 1663 1533
f 1455 1794 1621
f 1407 1795 1455
f 1664 1795 1407
f 1709 1497 1622
f 1709 1710 1623
f 1498 1796 1534
f 1797 1575 1624
f 1798 1713 1666
f 1798 1666 1756
f 1759 1501 1757
f 1799 1758 1628
f 1627 1800 1671
f 1627 1669 1800
f 1580 1717 1761
f 1538 1582 1763
f 1762 1674 1764
f 1585 1801 1766
f 1801 1585 1763
f 1766 1765 1632
f 1722 1803 1770
f 1722 1772 1803
f 1729 1510 1769
f 1771 1775 1772
f 1771 1773 1775
f 1803 1772 1775
f 1776 1726 1804
f 1805 1775 1777
f 1777 1776 1805
f 1731 1807 1642
f 1684 1642 1807
f 1808 1594 1686
f 1808 1687 1594
f 1778 1809 1779
f 1779 1810 1686
f 1687 1811 1435
f 1435 1811 1780
f 1645 1812 1732
f 1646 1812 1645
f 1646 1733 1812
f 1813 1598 1736
f 1815 1598 1813
f 1782 1816 1737
f 1737 1816 1738
f 1816 1817 1738
f 1738 1817 1740
f 1817 1818 1740
f 1818 1819 1740
f 1740 1819 1781
f 1814 1783 1781
f 1820 1782 1739
f 1816 1820 1784
f 1742 1816 1784
f 1783 1814 1821
f 1784 1820 1739
f 1744 1742 1605
f 1823 1696 1821
f 1821 1696 1783
f 1744 1824 1822
f 1606 1824 1744
f 1824 1606 1698
f 1745 1824 1698
f 1745 1696 1823
f 1747 1610 1611
f 1749 1785 1613
f 1788 1825 1655
f 1751 1655 1825
f 1826 1752 1616
f 1703 1826 1616
f 1658 1827 1788
f 1661 1789 1828
f 1660 1620 1829
f 1790 1791 1659
f 1662 1532 1830
f 1795 1794 1455
f 1831 1711 1710
f 1797 1624 1711
f 1832 1575 1797
f 1832 1408 1575
f 1712 1408 1832
f 1461 1712 1833
f 1576 1665 1755
f 1667 1714 1756
f 1834 1800 1669
f 1834 1669 1758
f 1630 1799 1628
f 1835 1799 1630
f 1673 1835 1630
f 1836 1670 1761
f 1670 1837 1760
f 1670 1836 1837
f 1838 1671 1800
f 1717 1839 1761
f 1672 1839 1717
f 1673 1718 1840
f 1582 1841 1763
f 1767 1840 1718
f 1721 1770 1802
f 1639 1842 1720
f 1802 1843 1721
f 1726 1721 1843
f 1843 1804 1726
f 1845 1844 1803
f 1775 1845 1803
f 1845 1775 1805
f 1776 1804 1846
f 1591 1806 1683
f 1730 1640 1729
f 1546 1847 1591
f 1807 1848 1684
f 1684 1849 1778
f 1808 1811 1687
f 1850 1689 1644
f 1732 1850 1644
f 1851 1812 1733
f 1852 1851 1733
f 1733 1734 1852
f 1853 1690 1595
f 1643 1853 1595
f 1559 1854 1691
f 1856 1781 1819
f 1814 1781 1856
f 1816 1782 1820
f 1816 1857 1817
f 1855 1819 1818
f 1857 1816 1742
f 1815 1697 1598
f 1822 1859 1744
f 1860 1785 1749
f 1748 1653 1861
f 1614 1862 1700
f 1700 1862 1701
f 1861 1702 1863
f 1702 1861 1653
f 1750 1864 1786
f 1751 1863 1702
f 1750 1787 1864
f 1752 1865 1787
f 1703 1867 1826
f 1867 1703 1868
f 1704 1615 1866
f 1868 1703 1617
f 1753 1868 1617
f 1705 1827 1658
f 1869 1753 1707
f 1829 1870 1660
f 1789 1660 1870
f 1828 1871 1661
f 1707 1661 1871
f 1830 1708 1662
f 1792 1872 1532
f 1793 1533 1754
f 1873 1709 1622
f 1534 1795 1664
f 1874 1710 1709
f 1625 1875 1574
f 1755 1875 1625
f 1757 1461 1833
f 1798 1665 1713
f 1876 1756 1714
f 1714 1715 1876
f 1668 1579 1877
f 1760 1877 1579
f 1878 1716 1759
f 1838 1582 1671
f 1838 1841 1582
f 1801 1763 1841
f 1879 1766 1801
f 1768 1880 1586
f 1770 1803 1844
f 1639 1683 1842
f 1843 1846 1804
f 1881 1845 1805
f 1846 1805 1776
f 1846 1881 1805
f 1883 1884 1882
f 1883 1885 1884
f 1847 1806 1591
f 1684 1848 1849
f 1849 1809 1778
f 1886 1686 1810
f 1808 1686 1886
f 1546 1780 1847
f 1847 1780 1887
f 1888 1643 1688
f 1850 1888 1688
f 1850 1688 1689
f 1596 1889 1734
f 1691 1890 1596
f 1893 1819 1855
f 1856 1819 1893
f 1891 1814 1856
f 1894 1814 1891
f 1559 1743 1854
f 1857 1858 1817
f 1817 1858 1818
f 1855 1818 1858
f 1814 1894 1821
f 1744 1857 1742
f 1859 1857 1744
f 1895 1697 1815
f 1824 1745 1823
f 1860 1896 1785
f 1866 1654 1697
f 1862 1614 1785
f 1615 1654 1866
f 1864 1897 1786
f 1825 1863 1751
f 1865 1864 1787
f 1656 1898 1657
f 1898 1899 1657
f 1899 1705 1657
f 1705 1899 1827
f 1900 1789 1870
f 1900 1828 1789
f 1707 1871 1869
f 1901 1706 1704
f 1706 1901 1790
f 1620 1708 1829
f 1874 1709 1873
f 1796 1902 1534
f 1903 1831 1710
f 1498 1904 1796
f 1905 1833 1712
f 1907 1798 1756
f 1907 1906 1798
f 1908 1759 1757
f 1910 1909 1715
f 1910 1715 1668
f 1668 1877 1910
f 1878 1759 1908
f 1911 1758 1799
f 1837 1912 1760
f 1913 1837 1836
f 1835 1673 1840
f 1839 1672 1914
f 1762 1914 1672
f 1801 1841 1915
f 1916 1762 1764
f 1917 1916 1764
f 1917 1764 1765
f 1880 1767 1586
f 1918 1765 1766
f 1919 1768 1720
f 1920 1919 1720
f 1720 1842 1920
f 1844 1921 1922
f 1770 1844 1922
f 1922 1802 1770
f 1843 1802 1922
f 1845 1921 1844
f 1922 1923 1843
f 1846 1843 1923
f 1921 1845 1924
f 1881 1924 1845
f 1846 1925 1881
f 1881 1925 1924
f 1846 1923 1925
f 1882 1926 1883
f 1927 1925 1884
f 1925 1882 1884
f 1885 1883 1926
f 1928 1885 1926
f 1928 1927 1884
f 1928 1884 1885
f 1847 1887 1929
f 1809 1810 1779
f 1808 1930 1811
f 1811 1887 1780
f 1932 1812 1851
f 1888 1853 1643
f 1931 1850 1732
f 1734 1889 1852
f 1690 1853 1933
f 1596 1890 1889
f 1691 1854 1890
f 1934 1736 1735
f 1935 1856 1893
f 1891 1856 1935
f 1892 1893 1855
f 1859 1858 1857
f 1858 1892 1855
f 1821 1937 1936
f 1937 1821 1894
f 1936 1823 1821
f 1610 1938 1743
f 1939 1824 1823
f 1823 1936 1939
f 1940 1610 1747
f 1746 1748 1942
f 1895 1866 1697
f 1943 1749 1786
f 1749 1943 1860
f 1941 1862 1785
f 1862 1944 1701
f 1701 1944 1945
f 1701 1945 1564
f 1656 1564 1945
f 1947 1704 1866
f 1946 1898 1656
f 1788 1827 1948
f 1869 1949 1753
f 1708 1951 1829
f 1952 1791 1790
f 1532 1953 1830
f 1754 1791 1954
f 1872 1953 1532
f 1955 1793 1754
f 1621 1957 1792
f 1956 1663 1793
f 1873 1622 1663
f 1903 1710 1874
f 1711 1831 1958
f 1797 1711 1958
f 1574 1875 1498
f 1905 1712 1832
f 1665 1798 1906
f 1756 1876 1907
f 1909 1876 1715
f 1760 1912 1877
f 1959 1800 1834
f 1799 1835 1911
f 1959 1838 1800
f 1761 1839 1960
f 1960 1913 1761
f 1761 1913 1836
f 1961 1841 1838
f 1762 1962 1914
f 1962 1762 1916
f 1963 1879 1801
f 1963 1801 1915
f 1964 1767 1880
f 1918 1917 1765
f 1919 1880 1768
f 1921 1965 1922
f 1921 1967 1966
f 1924 1967 1921
f 1923 1882 1925
f 1882 1968 1926
f 1683 1969 1842
f 1924 1925 1927
f 1968 1970 1926
f 1970 1928 1926
f 1970 1927 1928
f 1970 1971 1927
f 1972 1729 1769
f 1972 1730 1729
f 1730 1973 1731
f 1807 1731 1973
f 1849 1974 1809
f 1809 1974 1810
f 1974 1886 1810
f 1886 1930 1808
f 1931 1975 1850
f 1976 1732 1812
f 1932 1976 1812
f 1933 1735 1690
f 1978 1977 1893
f 1893 1977 1935
f 1978 1892 1979
f 1892 1978 1893
f 1891 1937 1894
f 1743 1938 1854
f 1980 1858 1859
f 1858 1980 1979
f 1858 1979 1892
f 1859 1822 1980
f 1822 1981 1980
f 1824 1939 1822
f 1982 1940 1747
f 1982 1746 1942
f 1747 1746 1982
f 1861 1942 1748
f 1897 1943 1786
f 1946 1656 1945
f 1865 1752 1984
f 1984 1752 1826
f 1948 1825 1788
f 1898 1946 1985
f 1899 1898 1985
f 1899 1986 1827
f 1827 1986 1948
f 1950 1704 1947
f 1987 1704 1950
f 1900 1988 1828
f 1988 1871 1828
f 1987 1901 1704
f 1708 1830 1951
f 1952 1954 1791
f 1954 1955 1754
f 1956 1793 1955
f 1794 1957 1621
f 1795 1989 1794
f 1534 1902 1795
f 1831 1903 1958
f 1498 1875 1904
f 1990 1797 1958
f 1990 1832 1797
f 1665 1991 1755
f 1665 1906 1992
f 1876 1993 1907
f 1994 1876 1909
f 1995 1838 1959
f 1995 1961 1838
f 1961 1915 1841
f 1996 1840 1767
f 1879 1918 1766
f 1997 1964 1880
f 1997 1880 1919
f 1922 1965 1999
f 1999 1923 1922
f 1966 2000 1921
f 1921 2000 1965
f 1923 1968 1882
f 2001 1966 1967
f 1927 2001 1967
f 1927 1967 1924
f 1971 1970 1968
f 1929 2002 1847
f 1973 2003 1807
f 1807 2003 1848
f 2003 2004 1848
f 1848 2004 1849
f 1886 2005 1930
f 1811 1930 2006
f 1811 2007 1887
f 1888 2008 1853
f 2008 1850 1975
f 2008 1888 1850
f 1976 1931 1732
f 1851 1976 1932
f 1890 2009 1889
f 1891 1935 2010
f 2012 1978 1979
f 1891 2010 1937
f 1981 2011 1979
f 1980 1981 1979
f 2014 1936 1937
f 2014 2013 1936
f 1822 2013 1981
f 2013 1822 1939
f 1939 1936 2013
f 1940 1938 1610
f 1785 1896 1941
f 1983 1866 1895
f 1863 2015 1861
f 1897 1864 2016
f 1863 1825 2017
f 1947 1866 1983
f 1867 2018 1826
f 1867 1868 2018
f 2017 1825 1948
f 1753 1949 1868
f 2020 1900 1870
f 2020 1988 1900
f 1871 1988 1869
f 1870 1829 2019
f 1790 1901 1952
f 1795 1902 1989
f 1796 1904 1902
f 2021 1905 1832
f 1992 1991 1665
f 1908 1757 1833
f 1906 1907 2022
f 2022 1907 1993
f 1758 2023 1834
f 1758 1911 2023
f 2024 1716 1878
f 1837 1913 1912
f 1998 1719 1716
f 1996 1767 1964
f 1998 1769 1719
f 1918 2025 1917
f 1965 2000 2026
f 1999 1968 1923
f 1966 2001 2000
f 2027 2000 2001
f 2028 2001 1927
f 2028 2027 2001
f 1971 1968 2029
f 2028 1927 1971
f 2029 2028 1971
f 1683 1806 1969
f 1847 1969 1806
f 2030 1973 1730
f 2004 1974 1849
f 1974 2031 1886
f 1886 2031 2005
f 2005 2006 1930
f 1974 2032 2031
f 2008 2034 1853
f 1976 1975 1931
f 2035 1852 1889
f 2035 1889 2009
f 2036 1934 1735
f 1854 2037 1890
f 1978 2039 1977
f 2038 2039 1978
f 1977 2010 1935
f 2012 1979 2011
f 2010 2014 1937
f 1940 2040 1938
f 1940 1982 2041
f 1862 1941 2042
f 2042 1944 1862
f 2015 1942 1861
f 2017 2015 1863
f 2043 1984 1826
f 2018 2043 1826
f 1949 2044 1868
f 2046 1899 1985
f 1986 1899 2046
f 2045 1950 1947
f 2047 2019 1829
f 1951 2047 1829
f 1987 1952 1901
f 1953 2049 1830
f 1872 2050 1953
f 1792 2051 1872
f 1956 1873 1663
f 2053 1990 1958
f 2021 1832 2055
f 2058 1992 1906
f 1994 1993 1876
f 1909 1910 2059
f 2023 1959 1834
f 1960 2060 1913
f 1913 2060 1912
f 1839 2061 1960
f 1835 1840 1996
f 1962 2062 1914
f 2062 1839 1914
f 1996 1964 2064
f 2063 1963 1915
f 2065 1916 1917
f 2025 2065 1917
f 2066 1918 1879
f 2066 1879 1963
f 2067 1999 1965
f 1842 2068 1920
f 1965 2026 2067
f 1999 2069 1968
f 1969 2068 1842
f 2027 2026 2000
f 1968 2069 2029
f 2069 2070 2029
f 2070 2071 2029
f 1887 2072 1929
f 2003 2073 2004
f 2032 2074 2031
f 2031 2075 2005
f 2005 2075 2006
f 1976 2076 1975
f 1976 2077 2076
f 2077 1976 1851
f 2033 2077 1851
f 1852 2033 1851
f 2034 1933 1853
f 2036 1735 1933
f 1934 1813 1736
f 2012 2079 1978
f 2079 2038 1978
f 1977 2039 2010
f 2080 2078 2011
f 2011 2078 2012
f 2039 2014 2010
f 1981 2080 2011
f 2081 1815 1813
f 1942 2041 1982
f 2081 1895 1815
f 2083 1860 1943
f 1897 2082 1943
f 2016 2082 1897
f 1944 2084 1945
f 1865 2086 1864
f 1984 2086 1865
f 2085 1947 1983
f 2087 2018 1868
f 2087 1868 2044
f 2088 1949 1869
f 1869 1988 2089
f 2020 1870 2019
f 2090 1987 1950
f 1830 2048 1951
f 2050 2049 1953
f 2091 1956 1955
f 1957 2092 1792
f 1794 1989 1957
f 2052 1873 1956
f 2093 1873 2052
f 1874 1873 2093
f 1904 2094 1902
f 2095 1903 1874
f 2096 1903 2095
f 2096 1958 1903
f 2096 2053 1958
f 2097 1990 2053
f 1875 2054 1904
f 2055 1832 1990
f 1875 2098 2054
f 1755 2098 1875
f 1905 2056 1833
f 1992 2057 1991
f 2099 2058 1906
f 2099 1906 2022
f 1910 2100 2059
f 1911 1835 2101
f 2102 1961 1995
f 1960 2061 2103
f 1960 2103 2060
f 2102 1915 1961
f 2104 1716 2024
f 1839 2062 2061
f 2104 1998 1716
f 2102 2063 1915
f 2065 1962 1916
f 1997 2064 1964
f 1999 2067 2069
f 2105 2027 2028
f 2105 2026 2027
f 2026 2105 2067
f 2107 2105 2028
f 2107 2028 2108
f 2108 2028 2029
f 2069 2109 2070
f 2108 2029 2071
f 2071 2070 2110
f 2106 2111 2112
f 2115 2108 2071
f 2072 2002 1929
f 2073 2116 2004
f 2004 2116 1974
f 2116 2032 1974
f 2074 2075 2031
f 2075 2117 2006
f 2006 2007 1811
f 2117 2007 2006
f 1887 2007 2072
f 1975 2118 2008
f 2119 2077 2033
f 2120 2033 1852
f 1852 2035 2120
f 1890 2037 2009
f 2121 1813 1934
f 2078 2079 2012
f 2122 2079 2078
f 1938 2037 1854
f 2122 2078 2080
f 1981 2123 2080
f 2124 2123 1981
f 2121 2081 1813
f 2082 2125 1943
f 2125 2083 1943
f 1860 2083 1896
f 1941 2126 2042
f 2081 1983 1895
f 2086 2016 1864
f 2015 2017 2127
f 2043 2086 1984
f 1946 1945 2128
f 2129 2046 1985
f 2089 2088 1869
f 1872 2051 2050
f 1989 2092 1957
f 1902 2094 1989
f 2095 1874 2132
f 2097 2055 1990
f 1991 2098 1755
f 2056 1908 1833
f 2057 1992 2058
f 2133 1878 1908
f 2022 1993 1994
f 2059 1994 1909
f 2024 1878 2133
f 2134 1910 1877
f 1912 2134 1877
f 2101 2023 1911
f 2135 1912 2060
f 2136 2101 1835
f 2135 2060 2137
f 1996 2136 1835
f 2139 1963 2063
f 2065 2138 1962
f 2066 2025 1918
f 1919 1920 2140
f 2142 2143 2106
f 2141 2114 2144
f 2145 2141 2105
f 2107 2145 2105
f 2110 2070 2109
f 2106 2112 2142
f 2143 2111 2106
f 2111 2143 2146
f 2147 2146 2143
f 2113 2147 2144
f 2113 2144 2114
f 2145 2114 2141
f 2115 2145 2107
f 2108 2115 2107
f 2148 2112 2111
f 2148 2111 2146
f 2146 2147 2149
f 2149 2147 2113
f 2114 2149 2113
f 2114 2150 2149
f 2150 2114 2145
f 2115 2151 2145
f 2071 2152 2115
f 2110 2152 2071
f 2030 1730 1972
f 2151 2115 2152
f 1847 2153 1969
f 2002 2153 1847
f 2003 1973 2154
f 2154 2155 2003
f 2074 2032 2156
f 2074 2156 2075
f 2157 2072 2007
f 2117 2157 2007
f 2008 2118 2034
f 2159 2118 1975
f 2159 1975 2076
f 2158 2076 2077
f 2077 2119 2158
f 2034 2036 1933
f 2035 2009 2160
f 2037 2160 2009
f 2161 1934 2036
f 2039 2038 2162
f 2122 2080 2123
f 2124 2163 2123
f 2123 2163 2122
f 2162 2014 2039
f 2164 1981 2013
f 2164 2124 1981
f 2014 2164 2013
f 2040 1940 2165
f 2125 2167 2083
f 2083 2168 1896
f 1896 2168 1941
f 2168 2126 1941
f 2169 2166 1942
f 1942 2166 2041
f 2015 2169 1942
f 2127 2169 2015
f 2081 2085 1983
f 2017 1948 2127
f 2127 1948 2170
f 2045 1947 2085
f 2170 1986 2129
f 1948 1986 2170
f 1949 2088 2044
f 2046 2129 1986
f 2020 2171 1988
f 2089 1988 2171
f 1951 2172 2047
f 1951 2048 2172
f 2173 1952 1987
f 1830 2174 2048
f 1830 2049 2174
f 2173 1954 1952
f 2175 1955 1954
f 1792 2092 2051
f 2132 1874 2093
f 2131 2130 1989
f 2094 2131 1989
f 2176 2096 2095
f 2177 1905 2021
f 2057 2178 1991
f 2133 1908 2056
f 2179 2022 1994
f 2180 1994 2059
f 2181 1959 2023
f 2101 2181 2023
f 2135 2134 1912
f 2103 2137 2060
f 1962 2138 2062
f 2182 1963 2139
f 1997 2183 2064
f 2025 2184 2065
f 2185 2025 2066
f 2140 1997 1919
f 1972 1769 1998
f 2068 2140 1920
f 2105 2141 2186
f 2186 2067 2105
f 2142 2188 2143
f 2188 2186 2144
f 2141 2144 2186
f 2112 2189 2142
f 2143 2188 2147
f 2144 2147 2188
f 2190 2110 2109
f 2192 2148 2146
f 2193 2192 2146
f 2194 2146 2149
f 2194 2193 2146
f 2195 2150 2145
f 2151 2195 2145
f 2152 2110 2190
f 2196 2152 2190
f 2191 2148 2192
f 2194 2149 2150
f 2150 2195 2194
f 2197 1973 2030
f 2197 2154 1973
f 2116 2073 2198
f 2116 2199 2032
f 2119 2200 2158
f 2201 2119 2033
f 2202 2159 2076
f 2158 2202 2076
f 2120 2035 2203
f 2035 2160 2203
f 2163 2079 2122
f 2163 2205 2079
f 2079 2206 2038
f 2205 2206 2079
f 2206 2162 2038
f 1938 2207 2037
f 2040 2207 1938
f 2164 2208 2124
f 2014 2162 2164
f 2204 2081 2121
f 2041 2165 1940
f 2126 1944 2042
f 2128 1945 2084
f 2087 2209 2018
f 2210 1946 2128
f 1946 2210 1985
f 2210 2129 1985
f 2019 2212 2211
f 2019 2211 2020
f 2047 2212 2019
f 2090 2173 1987
f 2050 2174 2049
f 2051 2213 2050
f 2091 1955 2175
f 2214 1956 2091
f 2214 2052 1956
f 2131 2215 2130
f 1904 2216 2094
f 2054 2216 1904
f 2098 2217 2054
f 2056 1905 2177
f 2179 1994 2180
f 2099 2022 2219
f 2219 2022 2179
f 2181 1995 1959
f 2220 2136 1996
f 2184 2025 2185
f 2222 2066 1963
f 2221 1972 1998
f 2186 2187 2067
f 2188 2142 2224
f 2225 2226 2188
f 2188 2226 2186
f 2069 2223 2109
f 2142 2189 2224
f 2224 2193 2188
f 2224 2228 2193
f 2193 2225 2188
f 2153 2227 1969
f 2148 2189 2112
f 2191 2189 2148
f 2229 2192 2228
f 2228 2192 2193
f 2230 2195 2151
f 2231 2151 2152
f 2231 2152 2196
f 2002 2232 2153
f 2155 2233 2003
f 2233 2073 2003
f 2198 2199 2116
f 2032 2234 2156
f 2234 2235 2156
f 2156 2235 2075
f 2075 2235 2117
f 2236 2157 2117
f 2118 2159 2237
f 2158 2239 2202
f 2120 2201 2033
f 2118 2240 2034
f 2240 2036 2034
f 2121 1934 2161
f 2205 2244 2243
f 2245 2241 2242
f 2243 2244 2246
f 2244 2205 2163
f 2206 2247 2162
f 2206 2241 2247
f 2241 2245 2247
f 2244 2163 2124
f 2124 2208 2244
f 2164 2162 2247
f 2249 2167 2125
f 2167 2250 2083
f 2250 2168 2083
f 2169 2248 2166
f 2082 2249 2125
f 2086 2082 2016
f 2251 2084 1944
f 2043 2253 2086
f 2209 2043 2018
f 2044 2254 2087
f 2170 2129 2255
f 2211 2257 2020
f 2020 2257 2171
f 2211 2212 2258
f 2212 2047 2259
f 2047 2172 2259
f 2175 1954 2173
f 2092 2261 2051
f 1989 2262 2092
f 2130 2262 1989
f 2263 2132 2093
f 2264 2095 2132
f 2216 2131 2094
f 2264 2176 2095
f 2021 2055 2097
f 1991 2266 2098
f 2177 2218 2056
f 2057 2267 2178
f 2058 2267 2057
f 2058 2268 2267
f 1995 2269 2102
f 2181 2269 1995
f 2136 2270 2101
f 2271 2103 2061
f 2274 2061 2062
f 2271 2061 2274
f 2273 2063 2102
f 2273 2139 2063
f 1996 2064 2220
f 2104 2221 1998
f 2275 2138 2065
f 2184 2275 2065
f 2066 2222 2185
f 2140 2183 1997
f 2226 2187 2186
f 2067 2223 2069
f 2277 2223 2067
f 2109 2223 2278
f 2189 2229 2224
f 2228 2224 2229
f 2280 2225 2193
f 2278 2190 2109
f 2279 2192 2229
f 2191 2192 2279
f 2194 2280 2193
f 2195 2280 2194
f 2278 2196 2190
f 2231 2230 2151
f 2281 2231 2196
f 2072 2232 2002
f 2072 2282 2232
f 2233 2198 2073
f 2199 2234 2032
f 2235 2236 2117
f 2238 2237 2159
f 2239 2159 2202
f 2200 2239 2158
f 2201 2200 2119
f 2283 2240 2118
f 2203 2284 2120
f 2286 2285 2242
f 2287 2242 2285
f 2037 2207 2160
f 2286 2241 2206
f 2242 2241 2286
f 2242 2287 2289
f 2243 2291 2290
f 2292 2205 2243
f 2205 2288 2206
f 2289 2245 2242
f 2246 2293 2291
f 2243 2246 2291
f 2245 2294 2247
f 2289 2294 2245
f 2295 2293 2246
f 2295 2246 2244
f 2296 2164 2247
f 2296 2247 2294
f 2040 2165 2207
f 2297 2081 2204
f 2248 2041 2166
f 2168 2298 2126
f 2126 2298 2251
f 2249 2082 2299
f 2126 2251 1944
f 2297 2252 2081
f 2086 2299 2082
f 2251 2300 2084
f 2043 2209 2253
f 2300 2128 2084
f 2254 2209 2087
f 2129 2210 2255
f 2088 2089 2171
f 2258 2256 2211
f 2256 2302 2211
f 2257 2211 2302
f 2048 2260 2172
f 2303 2052 2214
f 2303 2093 2052
f 2130 2304 2262
f 2130 2305 2304
f 2215 2306 2305
f 2215 2305 2130
f 2263 2264 2132
f 2307 2264 2263
f 2053 2096 2176
f 2176 2097 2053
f 2054 2217 2216
f 1991 2178 2266
f 2308 2099 2219
f 2179 2308 2219
f 2100 2180 2059
f 2309 2024 2133
f 2309 2104 2024
f 2273 2102 2269
f 2138 2310 2062
f 2274 2062 2310
f 2311 2139 2273
f 2275 2310 2138
f 2182 2222 1963
f 2185 2276 2184
f 2312 2185 2222
f 2312 2276 2185
f 2068 2313 2140
f 2187 2277 2067
f 1969 2314 2068
f 2278 2223 2315
f 2227 2314 1969
f 2316 2030 1972
f 2189 2279 2229
f 2280 2317 2225
f 2191 2279 2189
f 2317 2280 2195
f 2319 2195 2230
f 2318 2281 2278
f 2278 2281 2196
f 2320 2230 2231
f 2281 2321 2231
f 2322 2197 2030
f 2323 2154 2197
f 2282 2072 2324
f 2199 2325 2234
f 2325 2235 2234
f 2284 2201 2120
f 2161 2036 2240
f 2326 2121 2161
f 2288 2286 2206
f 2289 2287 2327
f 2329 2289 2327
f 2332 2330 2331
f 2290 2334 2243
f 2333 2334 2290
f 2334 2328 2243
f 2243 2328 2292
f 2335 2290 2291
f 2291 2293 2335
f 2329 2294 2289
f 2208 2295 2244
f 2164 2296 2208
f 2165 2041 2336
f 2041 2248 2337
f 2249 2339 2167
f 2338 2339 2249
f 2341 2249 2299
f 2085 2081 2252
f 2301 2343 2170
f 2127 2170 2343
f 2257 2344 2171
f 2345 1950 2045
f 2174 2346 2048
f 2174 2050 2347
f 2261 2213 2051
f 2262 2348 2092
f 2349 2263 2093
f 2305 2350 2304
f 2306 2351 2305
f 2131 2352 2215
f 2021 2097 2176
f 2353 2056 2218
f 2058 2099 2268
f 2354 2268 2099
f 2308 2354 2099
f 2135 2355 2134
f 2103 2272 2137
f 2271 2272 2103
f 2137 2272 2135
f 2356 2311 2273
f 2136 2220 2357
f 2064 2183 2220
f 2358 1972 2221
f 2312 2222 2182
f 2313 2183 2140
f 2314 2313 2068
f 2226 2225 2359
f 2277 2315 2223
f 2225 2317 2359
f 2315 2318 2278
f 2319 2317 2195
f 2320 2319 2230
f 2155 2154 2323
f 2198 2361 2199
f 2361 2325 2199
f 2072 2157 2324
f 2237 2362 2118
f 2238 2159 2239
f 2363 2238 2239
f 2200 2363 2239
f 2203 2364 2284
f 2240 2365 2161
f 2286 2368 2285
f 2368 2369 2285
f 2285 2369 2287
f 2327 2287 2370
f 2207 2367 2160
f 2207 2371 2367
f 2205 2292 2288
f 2331 2372 2332
f 2372 2373 2332
f 2373 2333 2332
f 2333 2290 2332
f 2374 2330 2332
f 2375 2374 2332
f 2376 2375 2332
f 2376 2332 2377
f 2290 2377 2332
f 2335 2377 2290
f 2378 2294 2329
f 2378 2208 2296
f 2294 2378 2296
f 2336 2379 2165
f 2337 2336 2041
f 2380 2167 2339
f 2250 2167 2380
f 2341 2338 2249
f 2250 2340 2168
f 2340 2298 2168
f 2086 2382 2299
f 2253 2382 2086
f 2127 2381 2169
f 2254 2383 2209
f 2128 2384 2210
f 2255 2301 2170
f 2044 2088 2254
f 2302 2344 2257
f 2385 2173 2090
f 2048 2346 2260
f 2387 2091 2175
f 2092 2348 2261
f 2349 2303 2388
f 2349 2093 2303
f 2350 2389 2304
f 2305 2351 2350
f 2215 2391 2306
f 2264 2307 2392
f 2131 2216 2352
f 2392 2176 2264
f 2217 2393 2216
f 2394 2177 2021
f 2395 2218 2177
f 2178 2396 2266
f 2267 2397 2178
f 2353 2133 2056
f 2398 2308 2179
f 2180 2398 2179
f 1910 2399 2100
f 2134 2399 1910
f 2400 2181 2101
f 2270 2400 2101
f 2269 2356 2273
f 2401 2270 2136
f 2357 2401 2136
f 2139 2402 2182
f 2139 2311 2402
f 2405 2275 2184
f 2276 2405 2184
f 2182 2403 2312
f 2406 2183 2313
f 2226 2359 2407
f 2408 2359 2317
f 2407 2359 2408
f 2315 2409 2318
f 2410 2408 2317
f 2410 2317 2319
f 2321 2411 2231
f 2316 2322 2030
f 2411 2320 2231
f 2412 2233 2155
f 2360 2413 2233
f 2233 2413 2198
f 2325 2414 2235
f 2235 2414 2236
f 2362 2283 2118
f 2200 2415 2363
f 2416 2200 2201
f 2284 2416 2201
f 2160 2367 2203
f 2418 2366 2417
f 2419 2417 2366
f 2288 2420 2286
f 2420 2368 2286
f 2368 2421 2369
f 2369 2370 2287
f 2326 2204 2121
f 2334 2333 2422
f 2422 2328 2334
f 2377 2333 2373
f 2377 2373 2376
f 2377 2422 2333
f 2423 2424 2329
f 2378 2329 2424
f 2297 2204 2425
f 2165 2379 2207
f 2252 2297 2425
f 2427 2341 2299
f 2427 2299 2382
f 2128 2300 2342
f 2343 2381 2127
f 2128 2342 2384
f 2384 2255 2210
f 2428 2254 2088
f 2256 2430 2302
f 2344 2429 2171
f 2088 2171 2429
f 2212 2432 2258
f 2431 1950 2345
f 2212 2259 2432
f 2385 2090 1950
f 2260 2259 2172
f 2386 2173 2385
f 2346 2174 2347
f 2213 2347 2050
f 2262 2434 2348
f 2262 2304 2434
f 2304 2389 2434
f 2350 2435 2389
f 2436 2350 2351
f 2306 2437 2351
f 2437 2306 2391
f 2307 2390 2392
f 2215 2438 2391
f 2352 2438 2215
f 2393 2352 2216
f 2394 2021 2176
f 2439 2177 2394
f 2098 2440 2217
f 2439 2265 2177
f 2266 2440 2098
f 2178 2397 2396
f 2441 2309 2133
f 2355 2399 2134
f 2400 2269 2181
f 2442 2356 2269
f 2444 2274 2443
f 2271 2274 2444
f 2444 2272 2271
f 2311 2356 2445
f 2310 2443 2274
f 2357 2220 2446
f 2402 2403 2182
f 2404 2220 2183
f 2316 1972 2358
f 2187 2226 2447
f 2187 2447 2277
f 2448 2226 2407
f 2226 2448 2447
f 2410 2407 2408
f 2407 2410 2448
f 2449 2409 2315
f 2410 2319 2450
f 2409 2281 2318
f 2450 2319 2320
f 2450 2411 2449
f 2450 2320 2411
f 2449 2411 2321
f 2449 2321 2409
f 2409 2321 2281
f 2451 2361 2198
f 2452 2325 2361
f 2362 2454 2283
f 2455 2237 2238
f 2416 2415 2200
f 2457 2416 2284
f 2284 2364 2457
f 2283 2365 2240
f 2365 2326 2161
f 2417 2458 2418
f 2366 2418 2419
f 2418 2459 2419
f 2461 2368 2420
f 2421 2368 2462
f 2369 2421 2463
f 2369 2464 2370
f 2463 2464 2369
f 2460 2204 2326
f 2292 2328 2465
f 2292 2465 2466
f 2466 2288 2292
f 2466 2420 2288
f 2462 2424 2423
f 2421 2462 2423
f 2329 2421 2423
f 2464 2329 2327
f 2464 2421 2329
f 2327 2370 2464
f 2372 2331 2467
f 2467 2376 2372
f 2372 2376 2373
f 2422 2377 2328
f 2330 2374 2331
f 2374 2467 2331
f 2376 2374 2375
f 2468 2377 2335
f 2468 2335 2293
f 2468 2293 2295
f 2469 2378 2424
f 2338 2380 2339
f 2337 2248 2470
f 2427 2338 2341
f 2250 2426 2340
f 2340 2471 2298
f 2471 2251 2298
f 2169 2381 2472
f 2473 2253 2209
f 2209 2383 2473
f 2474 2045 2085
f 2475 2428 2088
f 2429 2475 2088
f 2476 2430 2256
f 2430 2344 2302
f 2431 2385 1950
f 2346 2477 2260
f 2386 2175 2173
f 2478 2435 2350
f 2436 2478 2350
f 2349 2307 2263
f 2437 2436 2351
f 2391 2479 2437
f 2265 2395 2177
f 2441 2133 2353
f 2480 2354 2308
f 2481 2180 2100
f 2355 2482 2399
f 2442 2269 2400
f 2442 2400 2483
f 2400 2270 2483
f 2221 2104 2309
f 2135 2272 2484
f 2355 2135 2484
f 2445 2402 2311
f 2485 2276 2312
f 2487 2404 2183
f 2406 2487 2183
f 2313 2488 2406
f 2277 2490 2315
f 2227 2489 2314
f 2410 2491 2448
f 2492 2491 2410
f 2490 2492 2449
f 2315 2490 2449
f 2450 2492 2410
f 2492 2450 2449
f 2153 2232 2227
f 2155 2323 2495
f 2495 2412 2155
f 2413 2451 2198
f 2453 2414 2325
f 2496 2157 2236
f 2496 2324 2157
f 2414 2497 2236
f 2499 2362 2237
f 2499 2498 2362
f 2455 2499 2237
f 2455 2238 2363
f 2456 2455 2363
f 2500 2501 2417
f 2417 2501 2458
f 2502 2417 2419
f 2502 2500 2417
f 2459 2418 2458
f 2462 2368 2461
f 2503 2204 2460
f 2466 2504 2420
f 2504 2461 2420
f 2377 2465 2328
f 2467 2374 2376
f 2468 2295 2208
f 2378 2468 2208
f 2338 2505 2380
f 2426 2250 2380
f 2425 2506 2252
f 2252 2507 2085
f 2508 2343 2301
f 2383 2254 2428
f 2384 2508 2255
f 2301 2255 2508
f 2345 2045 2474
f 2510 2476 2256
f 2344 2430 2509
f 2256 2258 2510
f 2386 2387 2175
f 2511 2214 2091
f 2348 2433 2261
f 2511 2303 2214
f 2512 2307 2349
f 2437 2513 2436
f 2438 2479 2391
f 2514 2394 2176
f 2266 2396 2440
f 2398 2480 2308
f 2481 2398 2180
f 2270 2401 2516
f 2517 2518 2444
f 2444 2518 2272
f 2518 2484 2272
f 2443 2310 2519
f 2275 2520 2310
f 2404 2446 2220
f 2485 2405 2276
f 2486 2485 2312
f 2403 2486 2312
f 2521 2447 2448
f 2227 2523 2489
f 2524 2521 2491
f 2521 2448 2491
f 2522 2525 2492
f 2490 2522 2492
f 2529 2491 2492
f 2528 2491 2529
f 2529 2492 2525
f 2531 2526 2493
f 2493 2526 2527
f 2493 2527 2494
f 2532 2527 2524
f 2494 2527 2532
f 2532 2524 2533
f 2528 2533 2524
f 2533 2528 2529
f 2533 2529 2534
f 2529 2525 2530
f 2529 2530 2535
f 2536 2531 2493
f 2494 2536 2493
f 2494 2537 2536
f 2537 2494 2532
f 2537 2532 2533
f 2529 2535 2534
f 2412 2360 2233
f 2451 2539 2361
f 2361 2539 2452
f 2496 2236 2497
f 2498 2454 2362
f 2415 2456 2363
f 2367 2540 2203
f 2459 2502 2419
f 2461 2464 2462
f 2464 2541 2462
f 2464 2463 2541
f 2542 2466 2465
f 2424 2462 2541
f 2469 2424 2541
f 2543 2541 2463
f 2421 2543 2463
f 2464 2543 2421
f 2544 2545 2377
f 2465 2377 2545
f 2503 2425 2204
f 2207 2379 2547
f 2470 2548 2337
f 2548 2336 2337
f 2169 2470 2248
f 2549 2506 2425
f 2550 2300 2251
f 2507 2474 2085
f 2551 2430 2476
f 2551 2509 2430
f 2509 2475 2429
f 2429 2344 2509
f 2388 2303 2511
f 2434 2552 2348
f 2552 2434 2553
f 2389 2553 2434
f 2435 2554 2389
f 2436 2555 2478
f 2390 2307 2512
f 2513 2437 2479
f 2557 2176 2392
f 2558 2438 2352
f 2352 2393 2558
f 2217 2515 2393
f 2559 2439 2394
f 2395 2353 2218
f 2268 2560 2267
f 2354 2560 2268
f 2561 2309 2441
f 2480 2560 2354
f 2480 2398 2562
f 2481 2562 2398
f 2563 2481 2100
f 2100 2399 2563
f 2399 2482 2563
f 2355 2564 2482
f 2565 2442 2483
f 2483 2270 2516
f 2445 2356 2442
f 2446 2401 2357
f 2520 2519 2310
f 2566 2446 2404
f 2405 2520 2275
f 2487 2566 2404
f 2488 2487 2406
f 2489 2313 2314
f 2447 2490 2277
f 2568 2524 2567
f 2521 2524 2568
f 2569 2525 2522
f 2571 2572 2526
f 2526 2572 2527
f 2572 2567 2527
f 2527 2567 2524
f 2491 2528 2524
f 2569 2530 2525
f 2570 2526 2531
f 2573 2535 2530
f 2574 2535 2573
f 2575 2537 2533
f 2576 2575 2533
f 2576 2533 2534
f 2534 2535 2577
f 2535 2574 2577
f 2578 2576 2534
f 2539 2538 2452
f 2325 2452 2538
f 2538 2453 2325
f 2283 2454 2579
f 2579 2365 2283
f 2203 2540 2364
f 2501 2581 2458
f 2458 2502 2459
f 2371 2540 2367
f 2582 2466 2542
f 2504 2466 2582
f 2545 2542 2465
f 2541 2583 2469
f 2541 2543 2583
f 2583 2584 2469
f 2585 2544 2377
f 2546 2377 2468
f 2469 2587 2378
f 2586 2546 2468
f 2426 2471 2340
f 2589 2588 2338
f 2338 2427 2589
f 2471 2550 2251
f 2169 2472 2470
f 2590 2342 2300
f 2591 2342 2590
f 2431 2345 2474
f 2592 2385 2431
f 2592 2386 2385
f 2593 2091 2387
f 2348 2552 2433
f 2389 2554 2553
f 2435 2555 2554
f 2594 2349 2388
f 2595 2349 2594
f 2478 2555 2435
f 2595 2512 2349
f 2513 2596 2436
f 2479 2438 2556
f 2392 2390 2557
f 2597 2176 2557
f 2597 2514 2176
f 2393 2515 2558
f 2217 2440 2515
f 2598 2265 2439
f 2598 2395 2265
f 2560 2599 2267
f 2562 2600 2480
f 2447 2602 2490
f 2522 2490 2602
f 2358 2322 2316
f 2603 2322 2358
f 2572 2571 2604
f 2605 2568 2567
f 2602 2569 2522
f 2606 2526 2570
f 2571 2526 2606
f 2569 2573 2530
f 2531 2607 2570
f 2608 2607 2531
f 2608 2531 2536
f 2609 2608 2536
f 2609 2536 2537
f 2323 2197 2322
f 2232 2610 2227
f 2282 2610 2232
f 2453 2497 2414
f 2612 2611 2415
f 2612 2415 2416
f 2457 2612 2416
f 2580 2455 2456
f 2613 2456 2415
f 2611 2613 2415
f 2365 2460 2326
f 2501 2500 2614
f 2500 2502 2614
f 2502 2615 2614
f 2615 2502 2581
f 2581 2502 2458
f 2616 2617 2461
f 2504 2616 2461
f 2585 2377 2546
f 2584 2587 2469
f 2505 2619 2380
f 2380 2619 2426
f 2619 2620 2426
f 2588 2505 2338
f 2620 2471 2426
f 2621 2427 2382
f 2550 2590 2300
f 2253 2621 2382
f 2473 2621 2253
f 2381 2343 2472
f 2383 2622 2473
f 2252 2506 2507
f 2428 2622 2383
f 2591 2384 2342
f 2432 2624 2258
f 2625 2432 2259
f 2259 2260 2625
f 2387 2386 2592
f 2261 2627 2213
f 2261 2628 2627
f 2433 2628 2261
f 2594 2388 2511
f 2436 2596 2555
f 2513 2629 2596
f 2630 2513 2479
f 2630 2629 2513
f 2479 2556 2630
f 2556 2438 2558
f 2395 2631 2353
f 2397 2599 2396
f 2631 2441 2353
f 2267 2599 2397
f 2560 2480 2632
f 2600 2632 2480
f 2633 2221 2309
f 2634 2355 2484
f 2564 2355 2634
f 2518 2634 2484
f 2402 2636 2403
f 2566 2635 2446
f 2520 2405 2637
f 2405 2485 2638
f 2636 2486 2403
f 2601 2405 2638
f 2604 2571 2606
f 2608 2639 2607
f 2574 2640 2577
f 2578 2609 2537
f 2578 2537 2575
f 2578 2575 2576
f 2227 2610 2523
f 2413 2360 2642
f 2642 2451 2413
f 2539 2643 2538
f 2538 2643 2453
f 2644 2496 2497
f 2613 2580 2456
f 2645 2501 2614
f 2614 2615 2645
f 2646 2582 2542
f 2504 2582 2616
f 2617 2543 2461
f 2461 2543 2464
f 2646 2545 2648
f 2545 2646 2542
f 2584 2617 2616
f 2617 2584 2583
f 2617 2583 2543
f 2647 2544 2649
f 2647 2648 2544
f 2545 2544 2648
f 2618 2425 2503
f 2585 2649 2544
f 2587 2468 2378
f 2587 2586 2468
f 2548 2650 2336
f 2472 2343 2651
f 2508 2652 2343
f 2651 2343 2652
f 2551 2653 2509
f 2476 2510 2654
f 2258 2654 2510
f 2623 2431 2474
f 2624 2654 2258
f 2477 2656 2655
f 2346 2656 2477
f 2347 2656 2346
f 2657 2387 2592
f 2213 2627 2347
f 2657 2593 2387
f 2552 2658 2433
f 2659 2552 2553
f 2554 2659 2553
f 2555 2660 2554
f 2661 2390 2512
f 2661 2557 2390
f 2558 2662 2556
f 2515 2663 2558
f 2515 2664 2663
f 2665 2394 2514
f 2666 2394 2665
f 2666 2559 2394
f 2666 2439 2559
f 2667 2598 2439
f 2396 2668 2440
f 2560 2669 2599
f 2560 2632 2669
f 2600 2562 2481
f 2670 2442 2565
f 2671 2565 2483
f 2516 2671 2483
f 2517 2443 2519
f 2444 2443 2517
f 2633 2358 2221
f 2672 2636 2402
f 2487 2673 2566
f 2674 2488 2313
f 2602 2447 2675
f 2489 2674 2313
f 2676 2674 2489
f 2677 2605 2567
f 2602 2678 2569
f 2573 2569 2678
f 2606 2570 2679
f 2680 2567 2572
f 2607 2679 2570
f 2607 2681 2679
f 2574 2573 2682
f 2639 2681 2607
f 2683 2640 2574
f 2683 2574 2682
f 2641 2578 2534
f 2684 2641 2534
f 2684 2534 2577
f 2684 2577 2640
f 2324 2610 2282
f 2495 2685 2412
f 2360 2412 2685
f 2642 2686 2451
f 2451 2686 2539
f 2686 2643 2539
f 2643 2687 2453
f 2687 2497 2453
f 2688 2611 2612
f 2457 2688 2612
f 2689 2498 2499
f 2690 2499 2455
f 2580 2690 2455
f 2365 2579 2691
f 2692 2460 2365
f 2501 2693 2581
f 2692 2503 2460
f 2646 2695 2582
f 2695 2616 2582
f 2540 2371 2694
f 2647 2696 2648
f 2695 2697 2616
f 2697 2698 2616
f 2616 2698 2699
f 2699 2584 2616
f 2647 2649 2696
f 2699 2700 2584
f 2587 2584 2700
f 2379 2336 2547
f 2549 2425 2618
f 2619 2505 2701
f 2505 2588 2701
f 2705 2508 2384
f 2475 2704 2428
f 2476 2707 2551
f 2706 2707 2476
f 2707 2653 2551
f 2509 2708 2475
f 2653 2708 2509
f 2476 2654 2706
f 2623 2592 2431
f 2709 2592 2623
f 2477 2655 2260
f 2626 2656 2347
f 2627 2626 2347
f 2593 2511 2091
f 2433 2658 2628
f 2596 2710 2555
f 2629 2710 2596
f 2662 2630 2556
f 2440 2664 2515
f 2440 2668 2664
f 2712 2631 2395
f 2599 2711 2396
f 2631 2561 2441
f 2714 2632 2600
f 2481 2713 2600
f 2563 2482 2715
f 2671 2670 2565
f 2442 2716 2445
f 2516 2401 2717
f 2401 2446 2635
f 2718 2637 2405
f 2718 2405 2601
f 2488 2673 2487
f 2447 2521 2675
f 2675 2521 2719
f 2523 2676 2489
f 2720 2604 2606
f 2572 2604 2680
f 2679 2720 2606
f 2680 2677 2567
f 2678 2721 2573
f 2573 2721 2682
f 2722 2609 2578
f 2603 2323 2322
f 2324 2723 2610
f 2496 2723 2324
f 2686 2724 2643
f 2643 2724 2687
f 2687 2644 2497
f 2725 2580 2613
f 2726 2688 2457
f 2690 2689 2499
f 2457 2364 2727
f 2691 2692 2365
f 2728 2501 2645
f 2728 2693 2501
f 2645 2615 2729
f 2615 2581 2693
f 2646 2648 2731
f 2731 2695 2646
f 2696 2649 2732
f 2696 2732 2648
f 2732 2731 2648
f 2733 2585 2546
f 2546 2586 2734
f 2735 2587 2700
f 2586 2587 2735
f 2547 2336 2650
f 2701 2702 2619
f 2702 2737 2619
f 2737 2738 2619
f 2619 2738 2620
f 2620 2739 2471
f 2738 2739 2620
f 2741 2470 2472
f 2740 2590 2550
f 2742 2591 2590
f 2591 2705 2384
f 2705 2652 2508
f 2475 2708 2704
f 2625 2624 2432
f 2655 2625 2260
f 2743 2657 2592
f 2744 2511 2593
f 2744 2594 2511
f 2745 2552 2659
f 2659 2554 2660
f 2555 2747 2660
f 2746 2595 2594
f 2629 2748 2710
f 2661 2512 2595
f 2629 2630 2749
f 2662 2749 2630
f 2597 2750 2514
f 2751 2666 2665
f 2667 2439 2666
f 2712 2395 2598
f 2752 2561 2631
f 2713 2753 2600
f 2481 2563 2713
f 2713 2563 2715
f 2482 2754 2715
f 2564 2754 2482
f 2670 2755 2442
f 2756 2633 2309
f 2757 2564 2634
f 2755 2716 2442
f 2717 2671 2516
f 2520 2758 2519
f 2759 2638 2485
f 2486 2759 2485
f 2720 2680 2604
f 2605 2719 2568
f 2521 2568 2719
f 2641 2722 2578
f 2684 2640 2760
f 2760 2640 2683
f 2763 2323 2603
f 2323 2763 2495
f 2764 2642 2360
f 2642 2765 2686
f 2686 2766 2724
f 2724 2767 2687
f 2687 2767 2644
f 2769 2579 2454
f 2769 2768 2579
f 2498 2769 2454
f 2725 2690 2580
f 2770 2725 2613
f 2770 2613 2611
f 2727 2726 2457
f 2691 2579 2768
f 2729 2728 2645
f 2615 2693 2771
f 2731 2772 2695
f 2697 2773 2698
f 2698 2773 2699
f 2774 2700 2699
f 2730 2618 2503
f 2733 2649 2585
f 2736 2734 2586
f 2548 2470 2741
f 2589 2775 2588
f 2471 2740 2550
f 2775 2589 2427
f 2621 2775 2427
f 2472 2651 2703
f 2776 2474 2507
f 2743 2592 2709
f 2745 2658 2552
f 2777 2745 2659
f 2659 2660 2777
f 2746 2594 2744
f 2710 2747 2555
f 2629 2749 2748
f 2778 2661 2595
f 2557 2661 2779
f 2597 2557 2779
f 2780 2662 2558
f 2780 2558 2663
f 2781 2598 2667
f 2781 2712 2598
f 2396 2711 2668
f 2752 2631 2712
f 2600 2753 2714
f 2756 2309 2561
f 2782 2518 2517
f 2518 2757 2634
f 2783 2517 2519
f 2716 2402 2445
f 2519 2758 2783
f 2402 2716 2672
f 2784 2358 2633
f 2785 2520 2637
f 2718 2785 2637
f 2718 2601 2638
f 2602 2786 2678
f 2721 2678 2786
f 2787 2720 2679
f 2720 2788 2680
f 2680 2788 2789
f 2789 2677 2680
f 2681 2787 2679
f 2683 2721 2790
f 2682 2721 2683
f 2610 2762 2523
f 2639 2791 2681
f 2790 2760 2683
f 2608 2791 2639
f 2761 2791 2608
f 2761 2608 2609
f 2722 2761 2609
f 2684 2792 2641
f 2495 2763 2685
f 2767 2724 2766
f 2642 2764 2765
f 2765 2766 2686
f 2767 2793 2644
f 2496 2644 2793
f 2611 2688 2726
f 2794 2769 2498
f 2689 2794 2498
f 2795 2689 2690
f 2770 2611 2726
f 2364 2540 2694
f 2796 2771 2693
f 2797 2729 2615
f 2797 2615 2771
f 2772 2731 2800
f 2695 2798 2697
f 2772 2798 2695
f 2773 2697 2798
f 2699 2773 2799
f 2799 2774 2699
f 2733 2732 2649
f 2733 2802 2732
f 2732 2800 2731
f 2802 2800 2732
f 2774 2803 2700
f 2734 2733 2546
f 2735 2700 2803
f 2736 2586 2735
f 2701 2588 2804
f 2804 2702 2701
f 2737 2739 2738
f 2588 2775 2804
f 2739 2805 2471
f 2805 2740 2471
f 2740 2807 2590
f 2808 2621 2473
f 2807 2742 2590
f 2809 2808 2473
f 2473 2622 2809
f 2428 2810 2622
f 2704 2810 2428
f 2706 2654 2811
f 2707 2812 2653
f 2654 2813 2811
f 2624 2813 2654
f 2747 2777 2660
f 2814 2661 2778
f 2664 2815 2663
f 2664 2817 2815
f 2816 2665 2514
f 2818 2665 2816
f 2818 2751 2665
f 2599 2819 2711
f 2632 2820 2669
f 2714 2820 2632
f 2821 2756 2561
f 2401 2635 2717
f 2566 2822 2635
f 2759 2718 2638
f 2673 2823 2566
f 2676 2824 2674
f 2676 2825 2824
f 2675 2826 2602
f 2786 2602 2826
f 2676 2523 2825
f 2827 2603 2358
f 2828 2719 2605
f 2720 2787 2788
f 2789 2830 2677
f 2677 2830 2605
f 2831 2605 2830
f 2828 2605 2831
f 2786 2829 2721
f 2829 2790 2721
f 2681 2833 2787
f 2787 2833 2788
f 2791 2833 2681
f 2791 2835 2833
f 2684 2834 2792
f 2834 2684 2790
f 2684 2760 2790
f 2761 2835 2791
f 2836 2761 2722
f 2722 2792 2836
f 2641 2792 2722
f 2685 2837 2360
f 2764 2360 2837
f 2766 2838 2767
f 2793 2840 2496
f 2723 2496 2840
f 2694 2727 2364
f 2728 2796 2693
f 2797 2771 2796
f 2773 2843 2799
f 2371 2844 2694
f 2774 2799 2843
f 2207 2844 2371
f 2846 2845 2801
f 2547 2844 2207
f 2848 2549 2618
f 2804 2849 2702
f 2849 2737 2702
f 2506 2549 2850
f 2621 2806 2775
f 2850 2507 2506
f 2742 2705 2591
f 2652 2851 2651
f 2653 2852 2708
f 2706 2811 2707
f 2853 2709 2623
f 2656 2855 2655
f 2854 2743 2709
f 2656 2856 2855
f 2857 2657 2743
f 2857 2593 2657
f 2628 2858 2627
f 2857 2744 2593
f 2658 2859 2628
f 2745 2860 2658
f 2745 2861 2860
f 2745 2777 2861
f 2862 2777 2747
f 2863 2862 2747
f 2710 2863 2747
f 2710 2864 2863
f 2778 2595 2746
f 2748 2864 2710
f 2865 2748 2749
f 2779 2661 2814
f 2865 2749 2662
f 2780 2865 2662
f 2779 2750 2597
f 2816 2514 2750
f 2751 2866 2666
f 2866 2667 2666
f 2668 2867 2664
f 2866 2781 2667
f 2868 2752 2712
f 2669 2819 2599
f 2869 2753 2713
f 2754 2870 2715
f 2671 2871 2670
f 2782 2872 2518
f 2872 2757 2518
f 2756 2784 2633
f 2716 2873 2672
f 2520 2785 2758
f 2759 2874 2718
f 2636 2759 2486
f 2827 2358 2784
f 2825 2523 2876
f 2828 2877 2875
f 2719 2828 2875
f 2877 2878 2875
f 2879 2829 2786
f 2826 2879 2786
f 2877 2828 2831
f 2878 2877 2832
f 2878 2832 2879
f 2879 2880 2829
f 2879 2832 2880
f 2790 2829 2880
f 2762 2876 2523
f 2881 2603 2827
f 2835 2788 2833
f 2788 2835 2882
f 2882 2789 2788
f 2789 2882 2830
f 2830 2882 2883
f 2831 2830 2883
f 2832 2792 2880
f 2880 2792 2834
f 2880 2834 2790
f 2882 2835 2884
f 2882 2884 2883
f 2883 2884 2836
f 2883 2836 2831
f 2831 2836 2792
f 2831 2792 2877
f 2877 2792 2832
f 2835 2761 2884
f 2884 2761 2836
f 2881 2763 2603
f 2610 2723 2885
f 2764 2886 2765
f 2765 2886 2766
f 2886 2838 2766
f 2767 2838 2839
f 2841 2690 2725
f 2770 2841 2725
f 2888 2691 2768
f 2691 2888 2889
f 2890 2796 2728
f 2729 2890 2728
f 2796 2890 2797
f 2797 2890 2729
f 2798 2891 2773
f 2773 2892 2843
f 2891 2892 2773
f 2892 2893 2843
f 2844 2842 2694
f 2802 2895 2800
f 2894 2895 2802
f 2800 2897 2772
f 2772 2897 2798
f 2774 2843 2893
f 2899 2894 2802
f 2899 2802 2733
f 2893 2803 2774
f 2846 2801 2900
f 2900 2801 2898
f 2901 2733 2734
f 2902 2734 2736
f 2903 2736 2735
f 2547 2650 2847
f 2847 2650 2548
f 2737 2904 2739
f 2848 2850 2549
f 2849 2804 2905
f 2906 2741 2472
f 2905 2804 2775
f 2806 2905 2775
f 2472 2703 2906
f 2808 2806 2621
f 2651 2908 2703
f 2850 2776 2507
f 2851 2908 2651
f 2705 2851 2652
f 2909 2851 2705
f 2910 2474 2776
f 2910 2623 2474
f 2811 2812 2707
f 2812 2911 2653
f 2911 2852 2653
f 2625 2655 2912
f 2655 2913 2912
f 2914 2743 2854
f 2626 2856 2656
f 2627 2915 2626
f 2627 2858 2915
f 2628 2859 2858
f 2857 2746 2744
f 2861 2777 2862
f 2779 2917 2750
f 2711 2867 2668
f 2868 2712 2781
f 2819 2669 2918
f 2821 2561 2752
f 2820 2918 2669
f 2919 2820 2714
f 2869 2713 2920
f 2920 2713 2715
f 2715 2870 2920
f 2783 2782 2517
f 2783 2758 2921
f 2823 2822 2566
f 2874 2785 2718
f 2874 2759 2636
f 2674 2673 2488
f 2675 2875 2924
f 2875 2675 2719
f 2923 2826 2675
f 2925 2924 2875
f 2925 2875 2878
f 2878 2879 2925
f 2826 2926 2879
f 2925 2879 2927
f 2927 2879 2928
f 2610 2930 2762
f 2837 2886 2764
f 2839 2931 2767
f 2931 2793 2767
f 2841 2795 2690
f 2887 2770 2726
f 2503 2692 2932
f 2933 2891 2798
f 2932 2730 2503
f 2896 2897 2800
f 2897 2933 2798
f 2845 2898 2801
f 2895 2896 2800
f 2893 2903 2803
f 2934 2845 2846
f 2903 2735 2803
f 2547 2935 2844
f 2934 2846 2900
f 2903 2936 2736
f 2847 2548 2907
f 2548 2741 2907
f 2906 2907 2741
f 2906 2703 2937
f 2808 2938 2806
f 2708 2939 2704
f 2708 2852 2939
f 2624 2940 2813
f 2853 2854 2709
f 2625 2912 2624
f 2855 2913 2655
f 2915 2856 2626
f 2860 2941 2658
f 2942 2746 2857
f 2861 2862 2916
f 2861 2916 2943
f 2863 2916 2862
f 2942 2778 2746
f 2863 2864 2916
f 2748 2944 2864
f 2864 2944 2916
f 2814 2778 2942
f 2865 2944 2748
f 2917 2779 2814
f 2780 2945 2865
f 2816 2750 2917
f 2947 2751 2818
f 2947 2866 2751
f 2711 2819 2867
f 2753 2919 2714
f 2564 2948 2754
f 2757 2948 2564
f 2755 2949 2716
f 2717 2635 2822
f 2922 2874 2636
f 2673 2674 2950
f 2924 2952 2675
f 2955 2954 2951
f 2955 2951 2924
f 2924 2925 2955
f 2953 2926 2826
f 2927 2955 2925
f 2926 2928 2879
f 2928 2926 2953
f 2953 2956 2929
f 2928 2953 2929
f 2957 2929 2956
f 2958 2929 2957
f 2610 2885 2930
f 2685 2763 2959
f 2959 2837 2685
f 2961 2689 2795
f 2841 2961 2795
f 2963 2962 2841
f 2963 2841 2770
f 2964 2726 2727
f 2845 2966 2898
f 2894 2899 2967
f 2893 2965 2903
f 2900 2966 2934
f 2966 2900 2898
f 2968 2967 2899
f 2968 2899 2733
f 2969 2901 2734
f 2734 2902 2969
f 2970 2902 2736
f 2736 2936 2970
f 2847 2971 2547
f 2935 2547 2971
f 2730 2848 2618
f 2849 2972 2737
f 2972 2904 2737
f 2905 2973 2849
f 2849 2973 2972
f 2974 2850 2848
f 2908 2937 2703
f 2810 2809 2622
f 2704 2975 2810
f 2939 2975 2704
f 2811 2976 2977
f 2811 2977 2812
f 2911 2978 2852
f 2811 2813 2976
f 2914 2857 2743
f 2658 2941 2859
f 2979 2942 2857
f 2861 2980 2860
f 2980 2861 2943
f 2916 2944 2943
f 2945 2944 2865
f 2946 2818 2816
f 2664 2867 2817
f 2983 2781 2866
f 2984 2868 2781
f 2754 2985 2870
f 2754 2986 2985
f 2987 2755 2670
f 2871 2987 2670
f 2986 2754 2948
f 2988 2871 2671
f 2921 2989 2783
f 2989 2782 2783
f 2873 2716 2949
f 2873 2992 2672
f 2758 2785 2991
f 2785 2993 2991
f 2992 2922 2636
f 2636 2672 2992
f 2995 2675 2952
f 2825 2994 2824
f 2951 2952 2924
f 2953 2826 2923
f 2997 2954 2998
f 2954 2997 2951
f 2953 2999 2956
f 2996 2881 2827
f 2998 2954 3001
f 3002 3001 2954
f 2955 3002 2954
f 2955 2927 3002
f 3003 2927 2928
f 3004 3003 2928
f 3004 2928 2929
f 2958 3004 2929
f 2840 2885 2723
f 3005 3006 2837
f 2837 3006 2886
f 3006 3007 2886
f 2886 3008 2838
f 3008 3009 2838
f 3009 2839 2838
f 2960 2794 2689
f 2961 2960 2689
f 2964 2887 2726
f 2768 2769 2888
f 3010 2727 2694
f 3011 2692 2691
f 3011 2932 2692
f 3012 2903 2965
f 2845 2934 2966
f 2968 3013 2967
f 3014 2968 2733
f 2969 2733 2901
f 2969 3014 2733
f 3016 2969 2902
f 2970 3016 2902
f 2904 2805 2739
f 3017 2973 2905
f 3017 2905 2806
f 2938 3017 2806
f 2809 2938 2808
f 3018 2909 2705
f 2978 2939 2852
f 2812 2977 2911
f 2856 3019 2855
f 2980 2941 2860
f 2943 3020 2980
f 2944 3020 2943
f 2917 2814 2942
f 2944 2945 3020
f 2780 2981 2945
f 2947 2818 2946
f 2983 2866 2982
f 2819 3021 2867
f 2984 2781 2983
f 3023 3022 2918
f 3023 2918 2820
f 2919 3023 2820
f 2987 3025 2755
f 2821 3024 2756
f 3025 2949 2755
f 2671 3026 2988
f 3026 2671 2990
f 3024 2784 2756
f 3027 2757 2872
f 2948 2757 3027
f 2990 2671 2717
f 2990 2717 2822
f 3028 2822 2823
f 2823 3032 3028
f 2827 2784 3029
f 2993 2785 3030
f 2874 2922 3031
f 3032 2823 2673
f 2950 3032 2673
f 2824 2950 2674
f 2675 2995 2923
f 2997 2952 2951
f 2998 3033 2997
f 3035 3034 3000
f 3000 3034 3036
f 2999 2957 2956
f 3037 3002 2927
f 2763 2881 3038
f 2959 3005 2837
f 3007 3039 2886
f 3039 3008 2886
f 2962 2961 2841
f 3010 2964 2727
f 2842 3010 2694
f 2889 3011 2691
f 2933 3040 2891
f 3040 2892 2891
f 2892 3040 2893
f 2893 3040 3041
f 2895 2894 3042
f 2895 3042 2896
f 2933 2897 2896
f 3041 2965 2893
f 2894 2967 3013
f 2903 3015 2936
f 3012 3015 2903
f 3045 2970 2936
f 2740 2805 3047
f 2974 3048 2850
f 3048 2776 2850
f 3049 2809 2810
f 2810 2975 3049
f 3050 2911 2977
f 3051 2853 2623
f 2912 3052 2624
f 2855 3019 2913
f 3053 2857 2914
f 3054 2857 3053
f 2859 3055 2858
f 2941 3055 2859
f 2980 3056 2941
f 2980 3020 3056
f 2663 3059 2780
f 2663 2815 3059
f 2982 2866 2947
f 2819 3060 3021
f 2752 2868 3061
f 3061 2821 2752
f 3022 2819 2918
f 2870 2985 2920
f 3062 3024 2821
f 3027 2986 2948
f 2989 2872 2782
f 2784 3024 3029
f 3063 2921 2758
f 2822 3028 2990
f 2991 3063 2758
f 3064 3031 2922
f 2922 2992 3064
f 3030 2785 2874
f 3031 3030 2874
f 3065 2995 2952
f 2994 2825 3067
f 2997 3068 2952
f 3068 3065 2952
f 2923 3069 2953
f 2876 3067 2825
f 3035 3070 3034
f 3070 2998 3034
f 3069 2999 2953
f 2762 3067 2876
f 2998 3036 3034
f 3002 3037 3001
f 3073 3072 3003
f 3073 3003 3004
f 3074 3073 3004
f 3074 3004 2958
f 2958 2957 3074
f 2930 3067 2762
f 3006 3075 3007
f 3009 3078 2839
f 3077 3078 3009
f 2839 3078 2931
f 3078 3079 2931
f 3080 2794 2960
f 3081 2962 2963
f 2963 2770 3082
f 3083 3082 2770
f 3083 2770 2887
f 2794 2888 2769
f 2933 3085 3040
f 2844 3084 2842
f 2894 3013 3042
f 3087 2896 3042
f 2896 3088 2933
f 3088 3043 2933
f 2933 3043 3085
f 3012 2965 3041
f 2968 3089 3013
f 3090 3044 2936
f 3090 2936 3015
f 3014 3089 2968
f 2971 2847 3091
f 2907 3046 2847
f 2973 3092 2972
f 3093 2904 2972
f 2904 3047 2805
f 2907 2906 3094
f 2937 3094 2906
f 3017 3095 2973
f 3047 2807 2740
f 3096 2938 2809
f 2742 2807 3097
f 3097 2705 2742
f 2705 3097 3018
f 2851 3098 2908
f 2909 3099 2851
f 3100 2977 2976
f 3101 3050 2977
f 3050 2978 2911
f 2976 2813 3102
f 3051 2623 2910
f 2624 3052 2940
f 3051 2854 2853
f 3019 3103 2913
f 2979 2857 3054
f 3056 3055 2941
f 3104 2942 2979
f 3105 2917 2942
f 2945 3106 3020
f 2981 3106 2945
f 3057 2816 2917
f 3057 2946 2816
f 2817 3108 2815
f 3107 2947 2946
f 2984 2983 3109
f 2819 3022 3060
f 2987 2871 2988
f 3027 2872 3111
f 2989 2921 3110
f 3028 3112 2990
f 2992 2873 3113
f 3114 2993 3030
f 3031 3114 3030
f 3031 3064 3114
f 3115 2950 2824
f 2824 2994 3115
f 2995 3066 2923
f 2923 3066 3116
f 3033 3118 2997
f 3118 3068 2997
f 3116 3069 2923
f 3035 3117 3070
f 2998 3070 3033
f 2999 3069 3119
f 3120 3035 3000
f 3121 3000 3036
f 3121 3120 3000
f 3071 2998 3001
f 3119 3074 2999
f 3073 3074 3119
f 3074 2957 2999
f 3123 3037 2927
f 3072 3123 2927
f 3072 2927 3003
f 2930 3122 3067
f 3038 2881 2996
f 3006 3005 3075
f 3075 3039 3007
f 3039 3076 3008
f 3008 3076 3009
f 3076 3077 3009
f 3124 3083 2887
f 3124 2887 2964
f 3081 2963 3082
f 3086 2730 2932
f 3125 3040 3085
f 3126 3040 3125
f 3041 3040 3126
f 3087 3042 3013
f 3090 3085 3043
f 3125 3085 3090
f 3126 3012 3041
f 3127 3013 3089
f 3013 3127 3087
f 2896 3087 3088
f 3043 3088 3128
f 3043 3044 3090
f 3015 3125 3090
f 3126 3125 3015
f 3015 3012 3126
f 3044 3045 2936
f 2847 3046 3091
f 3092 3093 2972
f 2904 3129 3047
f 2907 3094 3046
f 3095 3092 2973
f 3131 3095 3017
f 3047 3132 2807
f 3133 3131 3017
f 2938 3133 3017
f 3132 3097 2807
f 3134 3096 2809
f 2809 3049 3134
f 3018 3135 2909
f 3135 3099 2909
f 3136 2939 2978
f 3100 3101 2977
f 2976 3102 3100
f 2940 3102 2813
f 2912 2913 3103
f 2856 3138 3019
f 2915 3138 2856
f 3139 3053 2914
f 2858 3055 3140
f 3056 3020 3055
f 3104 3105 2942
f 3057 2917 3105
f 3058 2946 3057
f 3059 3141 2780
f 3107 2946 3058
f 2867 3108 2817
f 3142 2982 2947
f 3062 2821 3061
f 2919 3143 3023
f 2919 2753 3143
f 2869 3144 2753
f 2869 2920 3144
f 3145 2949 3025
f 3025 2987 3145
f 2989 3111 2872
f 3112 3026 2990
f 3146 2873 2949
f 2873 3146 3113
f 3147 3063 2991
f 2993 3147 2991
f 3032 3148 3028
f 3032 3149 3148
f 2950 3149 3032
f 3117 3118 3070
f 3070 3118 3033
f 3117 3035 3120
f 3119 3069 3150
f 3071 3036 2998
f 3073 3150 3151
f 3150 3073 3119
f 3037 3071 3001
f 3123 3152 3037
f 3151 3072 3073
f 3038 2959 2763
f 3005 3154 3075
f 3075 3154 3039
f 2885 2840 3156
f 3039 3155 3076
f 2931 3156 2793
f 3079 3156 2931
f 2840 2793 3156
f 3157 2794 3080
f 3158 3080 2960
f 3158 2960 2961
f 3158 2961 3159
f 3159 2961 2962
f 3082 3159 2962
f 3082 2962 3081
f 3010 2842 3084
f 3160 3011 2889
f 2889 2888 3160
f 3087 3128 3088
f 3128 3044 3043
f 2935 3161 2844
f 3162 3127 3089
f 3162 3089 3014
f 3014 2969 3016
f 3163 3016 2970
f 3045 3163 2970
f 3093 3129 2904
f 3129 3130 3047
f 3164 3094 2937
f 2938 3096 3133
f 3165 2910 2776
f 3136 2975 2939
f 3103 3052 2912
f 3137 2854 3051
f 3137 2914 2854
f 3167 2914 3137
f 2858 3138 2915
f 2858 3140 3138
f 3055 3168 3140
f 3020 3168 3055
f 2780 3141 2981
f 3108 3169 2815
f 3142 2947 3107
f 2982 3109 2983
f 3021 3170 2867
f 3172 3060 3022
f 3172 3022 3173
f 3173 3022 3023
f 3143 3173 3023
f 2753 3174 3143
f 3144 3174 2753
f 2985 3176 2920
f 3024 3062 3175
f 2987 3177 3145
f 3178 3110 2921
f 3063 3178 2921
f 3114 3179 2993
f 2950 3115 3149
f 3115 2994 3180
f 2994 3067 3180
f 3117 3183 3118
f 3118 3184 3068
f 3120 3187 3117
f 3117 3187 3183
f 3150 3188 3151
f 3150 3186 3188
f 3150 3069 3186
f 3121 3187 3120
f 3036 3071 3121
f 3185 3072 3151
f 3152 3071 3037
f 3190 3189 3123
f 3123 3072 3190
f 3153 3122 2930
f 2930 2885 3153
f 3038 3191 2959
f 3191 3192 2959
f 3192 3005 2959
f 3154 3155 3039
f 3155 3193 3076
f 3076 3193 3077
f 3077 3193 3078
f 3193 3079 3078
f 3194 3082 3083
f 3195 3124 2964
f 2964 3010 3195
f 3127 3196 3087
f 3196 3197 3087
f 3197 3128 3087
f 3086 2848 2730
f 3198 3162 3014
f 3198 3014 3016
f 3163 3198 3016
f 2971 3199 2935
f 3095 3200 3092
f 3092 3200 3093
f 3132 3047 3201
f 3202 2937 2908
f 3202 2908 3098
f 3203 3096 3134
f 3018 3097 3204
f 3048 3165 2776
f 3204 3135 3018
f 2851 3099 3098
f 3101 3206 3050
f 3050 3206 2978
f 3136 2978 3206
f 2940 3207 3102
f 3166 3051 2910
f 3052 3207 2940
f 3103 3208 3052
f 3020 3209 3168
f 3057 3105 3104
f 3106 3209 3020
f 2815 3169 3059
f 3170 3108 2867
f 3210 3062 3061
f 3210 3175 3062
f 2988 3211 2987
f 2988 3212 3211
f 2985 2986 3213
f 3026 3212 2988
f 2949 3145 3215
f 3026 3112 3214
f 3217 2989 3216
f 3217 3111 2989
f 3146 2949 3215
f 2989 3110 3216
f 3063 3147 3178
f 3220 3179 3114
f 3220 3114 3064
f 2992 3113 3218
f 3064 2992 3218
f 3148 3219 3028
f 3149 3221 3148
f 3029 3181 2827
f 3182 3065 3222
f 3182 2995 3065
f 2995 3182 3066
f 3068 3222 3065
f 3223 3222 3068
f 3181 2996 2827
f 3224 3118 3183
f 3118 3224 3184
f 3224 3225 3184
f 3226 3068 3184
f 3226 3184 3225
f 3223 3068 3226
f 3228 3227 3185
f 3229 3228 3185
f 3116 3186 3069
f 3183 3187 3230
f 3183 3230 3224
f 3231 3226 3225
f 3185 3227 3072
f 3232 3229 3185
f 3232 3185 3151
f 3230 3187 3121
f 3234 3233 3071
f 3152 3234 3071
f 3235 3189 3231
f 3190 3227 3189
f 3189 3227 3231
f 3190 3072 3227
f 3067 3122 3236
f 3071 3233 3121
f 3123 3235 3152
f 3235 3123 3189
f 3237 3038 2996
f 3192 3238 3005
f 3239 3193 3155
f 3080 3158 3157
f 3240 3158 3159
f 3240 3159 3082
f 3241 3082 3194
f 3242 2932 3011
f 3196 3127 3162
f 3196 3162 3246
f 3196 3246 3197
f 3245 3045 3044
f 3247 3246 3162
f 3247 3162 3198
f 3248 3163 3045
f 3086 3249 2848
f 3091 3250 2971
f 3199 2971 3250
f 3249 2974 2848
f 3094 3251 3046
f 3093 3200 3254
f 3093 3254 3255
f 3255 3129 3093
f 3256 3130 3129
f 3131 3200 3095
f 3201 3047 3130
f 3200 3131 3257
f 2937 3202 3164
f 3204 3097 3132
f 3049 3203 3134
f 3135 3258 3099
f 3136 3259 2975
f 3101 3100 3205
f 3100 3102 3260
f 3100 3260 3205
f 3102 3261 3260
f 3166 3137 3051
f 3019 3263 3262
f 3138 3263 3019
f 3167 3139 2914
f 3168 3264 3140
f 3209 3265 3168
f 2981 3266 3106
f 3267 3142 3107
f 3142 3109 2982
f 3171 2984 3109
f 3171 2868 2984
f 3171 3061 2868
f 3268 3061 3171
f 3210 3061 3268
f 3268 3270 3210
f 3269 3172 3173
f 3144 3271 3174
f 3144 3272 3271
f 3272 3144 2920
f 2920 3176 3272
f 3274 3029 3024
f 3275 3112 3028
f 3064 3218 3220
f 3149 3115 3221
f 3276 3181 3029
f 3116 3066 3182
f 3067 3278 3180
f 3279 3223 3226
f 3227 3228 3279
f 3234 3224 3230
f 3224 3235 3225
f 3224 3234 3235
f 3231 3279 3226
f 3279 3231 3227
f 3188 3186 3280
f 3230 3121 3233
f 3234 3230 3233
f 3234 3152 3235
f 3225 3235 3231
f 3122 3281 3236
f 3153 3281 3122
f 3153 2885 3282
f 3005 3238 3154
f 3154 3284 3155
f 3283 3284 3154
f 3284 3239 3155
f 3156 3282 2885
f 3082 3241 3240
f 3286 3160 2888
f 2888 2794 3286
f 3287 2794 3157
f 3287 3286 2794
f 3158 3287 3157
f 3288 3158 3240
f 3288 3240 3241
f 2932 3242 3289
f 3289 3086 2932
f 2844 3161 3084
f 3244 3128 3197
f 3128 3245 3044
f 3244 3245 3128
f 3290 3248 3245
f 3245 3248 3045
f 3251 3252 3046
f 3046 3252 3091
f 3255 3256 3129
f 3253 3048 2974
f 3201 3291 3132
f 3257 3131 3133
f 3096 3292 3133
f 3203 3292 3096
f 3203 3049 3293
f 3049 2975 3293
f 3204 3294 3135
f 3135 3294 3258
f 3099 3258 3295
f 3098 3099 3295
f 3296 2910 3165
f 3259 3293 2975
f 3297 3136 3206
f 3205 3206 3101
f 3297 3206 3298
f 3208 3207 3052
f 3019 3208 3103
f 3262 3208 3019
f 3300 3053 3139
f 3300 3054 3053
f 3140 3263 3138
f 3140 3301 3263
f 3302 2979 3054
f 3302 3104 2979
f 3303 3104 3302
f 3303 3057 3104
f 3304 3058 3057
f 3106 3266 3209
f 3141 3059 3305
f 3059 3169 3305
f 3306 3107 3058
f 3109 3142 3267
f 3273 3175 3210
f 3307 3175 3273
f 3211 3177 2987
f 3307 3024 3175
f 2986 3309 3213
f 3145 3308 3215
f 3026 3214 3212
f 3027 3310 3309
f 3027 3111 3310
f 3027 3309 2986
f 3311 3218 3113
f 3113 3146 3311
f 3219 3275 3028
f 2993 3179 3147
f 3312 3179 3220
f 3221 3219 3148
f 3314 3277 3182
f 3180 3313 3115
f 3316 3222 3315
f 3316 3182 3222
f 3315 3222 3317
f 3222 3223 3317
f 3277 3116 3182
f 3318 3319 3116
f 3228 3317 3223
f 3228 3223 3279
f 3319 3186 3116
f 3319 3280 3186
f 3067 3236 3278
f 3320 3151 3188
f 3320 3232 3151
f 3280 3320 3188
f 3321 3237 2996
f 3238 3283 3154
f 3239 3322 3193
f 3193 3322 3285
f 3285 3079 3193
f 3194 3288 3241
f 3161 3243 3084
f 3290 3245 3244
f 3247 3197 3246
f 3197 3247 3323
f 3197 3324 3244
f 3323 3324 3197
f 3244 3324 3325
f 3325 3290 3244
f 3325 3324 3163
f 3324 3326 3163
f 3163 3248 3325
f 3327 3247 3198
f 3163 3328 3198
f 3198 3328 3327
f 3326 3328 3163
f 3249 3253 2974
f 3094 3164 3251
f 3329 3254 3200
f 3256 3330 3130
f 3130 3330 3201
f 3257 3331 3200
f 3202 3332 3164
f 3253 3333 3048
f 3204 3132 3291
f 3334 3257 3133
f 3333 3165 3048
f 3204 3335 3294
f 3297 3259 3136
f 3207 3261 3102
f 3207 3336 3261
f 3208 3337 3207
f 3338 3054 3300
f 3054 3338 3340
f 3264 3339 3140
f 3340 3302 3054
f 3303 3304 3057
f 3141 3266 2981
f 3341 3306 3058
f 3306 3267 3107
f 3021 3342 3170
f 3060 3344 3021
f 3060 3345 3344
f 3060 3172 3345
f 3174 3347 3346
f 3173 3346 3269
f 3346 3173 3143
f 3346 3143 3174
f 3210 3270 3348
f 3176 2985 3213
f 3308 3145 3177
f 3217 3310 3111
f 3350 3349 3110
f 3216 3110 3349
f 3351 3146 3215
f 3214 3112 3352
f 3178 3350 3110
f 3311 3146 3351
f 3220 3353 3312
f 3218 3353 3220
f 3115 3313 3221
f 3354 3314 3182
f 3180 3355 3313
f 3318 3116 3277
f 3280 3319 3358
f 3321 2996 3181
f 3358 3320 3280
f 3322 3359 3285
f 3360 3287 3158
f 3361 3360 3158
f 3361 3158 3288
f 3362 3288 3194
f 3362 3194 3083
f 3363 3083 3124
f 3363 3362 3083
f 3195 3363 3124
f 3160 3242 3011
f 3364 3323 3247
f 3324 3323 3365
f 3366 3326 3324
f 3365 3366 3324
f 3290 3367 3248
f 3367 3290 3366
f 3325 3366 3290
f 3366 3325 3326
f 3248 3326 3325
f 3326 3248 3367
f 3199 3161 2935
f 3368 3247 3327
f 3329 3255 3254
f 3369 3256 3255
f 3251 3164 3370
f 3200 3331 3329
f 3164 3332 3370
f 3334 3331 3257
f 3291 3335 3204
f 3334 3133 3292
f 3333 3371 3165
f 3296 3165 3371
f 3205 3372 3206
f 3296 3166 2910
f 3373 3166 3296
f 3337 3208 3374
f 3299 3137 3166
f 3208 3375 3374
f 3262 3375 3208
f 3263 3376 3262
f 3377 3139 3167
f 3140 3339 3301
f 3264 3378 3339
f 3379 3264 3168
f 3378 3264 3379
f 3265 3379 3168
f 3341 3058 3380
f 3305 3381 3141
f 3169 3382 3305
f 3108 3382 3169
f 3343 3171 3109
f 3383 3171 3343
f 3269 3345 3172
f 3384 3270 3268
f 3271 3347 3174
f 3348 3273 3210
f 3348 3307 3273
f 3212 3386 3211
f 3308 3388 3215
f 3307 3389 3024
f 3310 3217 3390
f 3274 3024 3389
f 3390 3216 3349
f 3217 3216 3390
f 3351 3215 3388
f 3178 3391 3350
f 3178 3147 3391
f 3218 3393 3353
f 3218 3311 3393
f 3219 3392 3275
f 3221 3394 3219
f 3316 3354 3182
f 3395 3354 3316
f 3397 3396 3315
f 3315 3396 3316
f 3396 3395 3316
f 3355 3180 3398
f 3356 3397 3357
f 3397 3315 3357
f 3399 3315 3317
f 3318 3400 3319
f 3278 3398 3180
f 3399 3356 3357
f 3399 3357 3315
f 3401 3399 3317
f 3228 3401 3317
f 3228 3229 3401
f 3400 3358 3319
f 3402 3401 3229
f 3402 3229 3232
f 3403 3402 3232
f 3403 3232 3320
f 3403 3320 3358
f 3237 3404 3038
f 3191 3038 3404
f 3239 3284 3322
f 3284 3359 3322
f 3362 3405 3288
f 3407 3286 3287
f 3407 3406 3286
f 3407 3287 3360
f 3408 3363 3195
f 3195 3010 3408
f 3289 3249 3086
f 3364 3365 3323
f 3409 3365 3364
f 3365 3367 3366
f 3368 3364 3247
f 3410 3328 3326
f 3367 3410 3326
f 3327 3411 3368
f 3252 3251 3412
f 3252 3412 3091
f 3255 3329 3369
f 3330 3413 3201
f 3201 3413 3291
f 3414 3331 3334
f 3294 3416 3258
f 3416 3295 3258
f 3297 3417 3259
f 3261 3418 3260
f 3206 3372 3298
f 3207 3337 3336
f 3299 3167 3137
f 3262 3376 3375
f 3299 3377 3167
f 3377 3300 3139
f 3419 3302 3340
f 3380 3058 3304
f 3421 3341 3380
f 3422 3109 3267
f 3347 3271 3423
f 3271 3272 3423
f 3272 3385 3423
f 3348 3270 3384
f 3272 3424 3385
f 3272 3176 3424
f 3387 3386 3212
f 3425 3388 3308
f 3212 3214 3387
f 3214 3352 3387
f 3352 3112 3392
f 3392 3112 3275
f 3276 3029 3274
f 3427 3391 3147
f 3179 3427 3147
f 3426 3392 3219
f 3354 3395 3428
f 3314 3429 3277
f 3428 3395 3430
f 3395 3396 3430
f 3429 3318 3277
f 3399 3397 3356
f 3399 3396 3397
f 3401 3396 3399
f 3396 3401 3430
f 3402 3430 3401
f 3402 3432 3430
f 3402 3403 3432
f 3431 3358 3400
f 3431 3403 3358
f 3278 3236 3281
f 3433 3281 3153
f 3433 3153 3282
f 3238 3434 3283
f 3434 3435 3283
f 3284 3436 3359
f 3436 3285 3359
f 3437 3079 3285
f 3438 3360 3361
f 3405 3361 3288
f 3286 3406 3160
f 3160 3406 3439
f 3243 3010 3084
f 3441 3364 3440
f 3441 3409 3364
f 3440 3364 3443
f 3368 3443 3364
f 3442 3410 3367
f 3199 3444 3161
f 3444 3199 3250
f 3091 3445 3250
f 3250 3445 3444
f 3370 3412 3251
f 3331 3447 3329
f 3329 3447 3448
f 3329 3448 3369
f 3449 3330 3256
f 3331 3450 3447
f 3414 3450 3331
f 3414 3451 3450
f 3334 3292 3452
f 3415 3202 3098
f 3453 3292 3203
f 3203 3293 3453
f 3454 3453 3293
f 3293 3259 3454
f 3295 3415 3098
f 3260 3418 3455
f 3260 3456 3205
f 3455 3456 3260
f 3205 3456 3372
f 3373 3299 3166
f 3263 3457 3376
f 3377 3458 3300
f 3301 3457 3263
f 3458 3459 3300
f 3460 3300 3459
f 3460 3338 3300
f 3460 3340 3338
f 3461 3303 3302
f 3209 3420 3265
f 3380 3303 3461
f 3380 3304 3303
f 3462 3267 3306
f 3342 3108 3170
f 3422 3343 3109
f 3021 3344 3342
f 3268 3171 3383
f 3268 3383 3384
f 3463 3269 3346
f 3346 3347 3463
f 3464 3424 3213
f 3213 3424 3176
f 3177 3465 3308
f 3211 3465 3177
f 3307 3348 3389
f 3467 3310 3466
f 3467 3309 3310
f 3390 3466 3310
f 3468 3351 3388
f 3469 3427 3179
f 3469 3179 3312
f 3469 3312 3353
f 3219 3394 3426
f 3313 3470 3221
f 3471 3354 3428
f 3472 3428 3430
f 3431 3473 3432
f 3473 3431 3400
f 3318 3473 3400
f 3472 3430 3432
f 3432 3403 3431
f 3474 3237 3321
f 3404 3237 3474
f 3404 3475 3191
f 3475 3192 3191
f 3436 3437 3285
f 3433 3282 3476
f 3238 3192 3434
f 3283 3435 3284
f 3079 3437 3476
f 3079 3476 3156
f 3156 3476 3282
f 3361 3477 3438
f 3405 3477 3361
f 3363 3478 3362
f 3407 3360 3438
f 3010 3243 3408
f 3439 3242 3160
f 3161 3479 3243
f 3441 3481 3409
f 3409 3482 3365
f 3365 3482 3367
f 3482 3442 3367
f 3484 3410 3442
f 3368 3485 3443
f 3327 3328 3486
f 3410 3486 3328
f 3487 3253 3249
f 3412 3445 3091
f 3256 3369 3449
f 3449 3488 3330
f 3330 3488 3413
f 3413 3488 3291
f 3415 3489 3202
f 3202 3489 3332
f 3490 3414 3334
f 3490 3334 3452
f 3292 3453 3452
f 3417 3454 3259
f 3375 3376 3374
f 3461 3302 3419
f 3141 3491 3266
f 3492 3341 3421
f 3492 3306 3341
f 3381 3305 3382
f 3422 3267 3462
f 3345 3493 3344
f 3493 3345 3269
f 3463 3493 3269
f 3494 3463 3347
f 3495 3494 3347
f 3423 3495 3347
f 3211 3496 3465
f 3211 3386 3496
f 3213 3498 3464
f 3497 3389 3348
f 3467 3498 3309
f 3498 3213 3309
f 3468 3388 3425
f 3349 3499 3466
f 3390 3349 3466
f 3311 3351 3501
f 3392 3500 3352
f 3503 3391 3427
f 3501 3393 3311
f 3502 3276 3274
f 3469 3353 3504
f 3504 3353 3393
f 3221 3470 3394
f 3354 3506 3314
f 3505 3506 3354
f 3506 3429 3314
f 3428 3507 3471
f 3472 3507 3428
f 3508 3473 3429
f 3429 3473 3318
f 3509 3472 3432
f 3473 3511 3432
f 3510 3321 3181
f 3512 3474 3321
f 3475 3513 3192
f 3192 3513 3434
f 3513 3514 3434
f 3434 3514 3435
f 3284 3515 3436
f 3362 3478 3405
f 3408 3243 3516
f 3243 3517 3516
f 3242 3518 3289
f 3161 3519 3479
f 3481 3482 3409
f 3482 3484 3442
f 3483 3520 3480
f 3520 3483 3480
f 3443 3521 3441
f 3440 3443 3441
f 3441 3521 3481
f 3484 3522 3410
f 3444 3519 3161
f 3523 3521 3443
f 3485 3523 3443
f 3486 3410 3522
f 3524 3485 3368
f 3524 3368 3525
f 3525 3368 3411
f 3486 3411 3327
f 3487 3446 3253
f 3448 3447 3526
f 3448 3526 3369
f 3526 3449 3369
f 3370 3332 3527
f 3451 3414 3528
f 3414 3490 3528
f 3335 3291 3529
f 3530 3371 3333
f 3529 3531 3335
f 3294 3335 3532
f 3416 3294 3532
f 3297 3533 3417
f 3298 3534 3297
f 3261 3535 3418
f 3298 3372 3534
f 3336 3535 3261
f 3457 3537 3376
f 3538 3377 3299
f 3339 3539 3301
f 3460 3419 3340
f 3378 3539 3339
f 3379 3540 3378
f 3420 3379 3265
f 3266 3541 3209
f 3542 3306 3492
f 3108 3543 3382
f 3544 3343 3422
f 3495 3423 3385
f 3497 3348 3384
f 3545 3425 3308
f 3545 3308 3465
f 3502 3274 3389
f 3350 3499 3349
f 3351 3468 3501
f 3546 3391 3503
f 3350 3391 3546
f 3393 3501 3504
f 3394 3392 3426
f 3276 3502 3547
f 3505 3354 3471
f 3313 3355 3470
f 3470 3355 3548
f 3429 3506 3550
f 3510 3181 3276
f 3507 3549 3471
f 3550 3508 3429
f 3398 3548 3355
f 3507 3472 3551
f 3472 3509 3551
f 3511 3473 3508
f 3509 3432 3511
f 3398 3278 3552
f 3552 3278 3553
f 3554 3553 3281
f 3553 3278 3281
f 3433 3554 3281
f 3514 3555 3435
f 3435 3555 3284
f 3556 3407 3438
f 3477 3556 3438
f 3406 3557 3439
f 3558 3242 3439
f 3558 3518 3242
f 3479 3517 3243
f 3482 3481 3559
f 3482 3559 3560
f 3484 3482 3560
f 3561 3481 3521
f 3481 3561 3559
f 3560 3522 3484
f 3521 3523 3561
f 3527 3562 3370
f 3370 3562 3412
f 3526 3563 3449
f 3449 3564 3488
f 3447 3451 3565
f 3447 3450 3451
f 3291 3488 3566
f 3451 3528 3565
f 3566 3529 3291
f 3532 3335 3531
f 3454 3417 3567
f 3533 3567 3417
f 3534 3569 3297
f 3569 3533 3297
f 3568 3373 3296
f 3535 3570 3418
f 3455 3418 3570
f 3456 3455 3534
f 3534 3372 3456
f 3536 3299 3373
f 3376 3571 3374
f 3536 3538 3299
f 3572 3461 3419
f 3541 3420 3209
f 3381 3491 3141
f 3542 3462 3306
f 3574 3422 3462
f 3342 3543 3108
f 3544 3422 3574
f 3344 3575 3342
f 3493 3463 3576
f 3545 3579 3425
f 3386 3577 3496
f 3577 3386 3387
f 3578 3389 3497
f 3580 3467 3466
f 3350 3546 3499
f 3581 3501 3468
f 3394 3582 3392
f 3470 3583 3394
f 3584 3506 3505
f 3549 3507 3585
f 3550 3506 3586
f 3585 3507 3551
f 3586 3585 3551
f 3586 3551 3550
f 3551 3509 3550
f 3550 3511 3508
f 3550 3509 3511
f 3321 3510 3512
f 3404 3474 3475
f 3555 3515 3284
f 3587 3477 3405
f 3588 3405 3478
f 3589 3478 3363
f 3589 3363 3408
f 3590 3406 3407
f 3590 3407 3556
f 3289 3518 3591
f 3249 3289 3591
f 3591 3487 3249
f 3524 3523 3485
f 3524 3561 3523
f 3524 3592 3561
f 3593 3522 3560
f 3525 3592 3524
f 3411 3486 3525
f 3594 3486 3522
f 3594 3522 3593
f 3444 3595 3519
f 3446 3333 3253
f 3564 3449 3563
f 3565 3596 3447
f 3447 3596 3526
f 3488 3597 3566
f 3489 3527 3332
f 3599 3565 3528
f 3567 3453 3454
f 3295 3600 3415
f 3568 3296 3371
f 3532 3601 3416
f 3601 3602 3416
f 3416 3602 3295
f 3455 3603 3534
f 3336 3604 3535
f 3604 3570 3535
f 3568 3536 3373
f 3537 3605 3376
f 3301 3537 3457
f 3301 3606 3537
f 3378 3607 3539
f 3420 3540 3379
f 3492 3421 3380
f 3491 3541 3266
f 3381 3382 3573
f 3382 3543 3573
f 3576 3344 3493
f 3494 3608 3463
f 3494 3495 3608
f 3609 3384 3383
f 3466 3499 3580
f 3610 3425 3579
f 3387 3352 3611
f 3389 3578 3502
f 3610 3468 3425
f 3612 3499 3546
f 3504 3501 3581
f 3613 3500 3392
f 3614 3469 3504
f 3583 3582 3394
f 3616 3505 3615
f 3616 3584 3505
f 3471 3549 3615
f 3471 3615 3505
f 3617 3506 3584
f 3619 3585 3586
f 3586 3506 3617
f 3619 3586 3617
f 3398 3552 3548
f 3621 3620 3433
f 3620 3554 3433
f 3622 3513 3475
f 3436 3623 3437
f 3433 3476 3621
f 3405 3588 3587
f 3588 3478 3589
f 3624 3556 3477
f 3587 3624 3477
f 3557 3558 3439
f 3519 3595 3479
f 3561 3625 3559
f 3561 3592 3625
f 3559 3626 3560
f 3560 3627 3593
f 3626 3627 3560
f 3629 3525 3486
f 3629 3628 3525
f 3444 3445 3595
f 3562 3630 3412
f 3412 3630 3445
f 3598 3333 3446
f 3488 3564 3597
f 3631 3333 3598
f 3632 3490 3452
f 3632 3452 3633
f 3633 3452 3453
f 3295 3602 3600
f 3455 3570 3603
f 3534 3603 3634
f 3534 3634 3569
f 3337 3604 3336
f 3376 3605 3571
f 3635 3458 3377
f 3458 3635 3636
f 3636 3459 3458
f 3637 3419 3460
f 3637 3572 3419
f 3540 3607 3378
f 3638 3461 3572
f 3541 3639 3420
f 3573 3491 3381
f 3640 3462 3542
f 3574 3462 3640
f 3608 3641 3576
f 3383 3343 3609
f 3576 3463 3608
f 3495 3385 3642
f 3385 3424 3642
f 3609 3497 3384
f 3498 3643 3464
f 3644 3545 3465
f 3645 3643 3498
f 3646 3578 3497
f 3498 3467 3645
f 3577 3387 3647
f 3647 3387 3611
f 3648 3499 3612
f 3581 3468 3610
f 3611 3352 3500
f 3503 3649 3546
f 3504 3651 3614
f 3651 3504 3650
f 3650 3504 3581
f 3392 3582 3613
f 3503 3427 3469
f 3583 3470 3548
f 3652 3276 3547
f 3654 3615 3653
f 3615 3654 3616
f 3616 3655 3584
f 3615 3549 3653
f 3655 3617 3584
f 3618 3549 3585
f 3618 3653 3549
f 3656 3619 3617
f 3618 3585 3619
f 3618 3619 3657
f 3657 3619 3656
f 3658 3474 3512
f 3474 3622 3475
f 3513 3659 3514
f 3514 3660 3555
f 3659 3660 3514
f 3555 3660 3515
f 3515 3661 3436
f 3660 3661 3515
f 3623 3621 3437
f 3476 3437 3621
f 3556 3663 3590
f 3664 3588 3589
f 3665 3589 3408
f 3408 3516 3665
f 3557 3406 3666
f 3666 3406 3590
f 3667 3557 3666
f 3559 3625 3626
f 3625 3592 3525
f 3627 3594 3593
f 3486 3594 3668
f 3594 3627 3668
f 3669 3629 3486
f 3669 3486 3668
f 3445 3670 3595
f 3563 3526 3596
f 3527 3671 3562
f 3565 3672 3596
f 3599 3672 3565
f 3530 3333 3631
f 3673 3599 3528
f 3632 3528 3490
f 3674 3371 3530
f 3371 3674 3675
f 3675 3568 3371
f 3531 3676 3532
f 3532 3676 3601
f 3533 3677 3567
f 3569 3677 3533
f 3374 3571 3337
f 3605 3679 3571
f 3539 3606 3301
f 3680 3638 3572
f 3639 3681 3420
f 3682 3380 3461
f 3682 3492 3380
f 3640 3492 3683
f 3640 3542 3492
f 3342 3684 3543
f 3342 3575 3684
f 3344 3576 3575
f 3576 3641 3685
f 3608 3686 3641
f 3495 3642 3608
f 3579 3545 3644
f 3577 3687 3496
f 3467 3580 3645
f 3580 3499 3648
f 3648 3612 3688
f 3688 3612 3546
f 3649 3688 3546
f 3578 3547 3502
f 3503 3689 3649
f 3689 3503 3469
f 3689 3469 3614
f 3582 3690 3613
f 3692 3691 3654
f 3653 3692 3654
f 3693 3655 3616
f 3693 3617 3655
f 3692 3653 3618
f 3692 3657 3693
f 3692 3618 3657
f 3693 3657 3656
f 3693 3656 3617
f 3658 3512 3510
f 3474 3658 3622
f 3694 3554 3620
f 3661 3623 3436
f 3513 3622 3695
f 3513 3695 3659
f 3587 3697 3624
f 3666 3590 3662
f 3663 3662 3590
f 3663 3556 3624
f 3663 3624 3697
f 3667 3558 3557
f 3698 3518 3558
f 3525 3699 3625
f 3699 3700 3625
f 3701 3625 3700
f 3702 3626 3625
f 3701 3702 3625
f 3626 3702 3627
f 3699 3628 3703
f 3525 3628 3699
f 3702 3668 3627
f 3703 3628 3704
f 3628 3629 3704
f 3446 3487 3705
f 3489 3706 3527
f 3673 3672 3599
f 3673 3707 3672
f 3673 3528 3632
f 3631 3674 3530
f 3600 3489 3415
f 3676 3708 3601
f 3602 3601 3708
f 3602 3709 3600
f 3634 3678 3569
f 3604 3711 3570
f 3570 3711 3603
f 3571 3604 3337
f 3537 3712 3605
f 3537 3606 3712
f 3636 3713 3459
f 3460 3459 3713
f 3539 3607 3606
f 3713 3637 3460
f 3680 3572 3637
f 3681 3540 3420
f 3638 3682 3461
f 3683 3492 3682
f 3543 3684 3573
f 3714 3544 3574
f 3609 3343 3544
f 3575 3576 3685
f 3641 3686 3715
f 3685 3641 3715
f 3424 3716 3642
f 3424 3464 3716
f 3465 3718 3644
f 3496 3718 3465
f 3496 3687 3718
f 3717 3579 3644
f 3688 3719 3648
f 3719 3688 3649
f 3720 3650 3581
f 3689 3721 3649
f 3500 3613 3690
f 3583 3722 3582
f 3548 3725 3583
f 3654 3691 3723
f 3654 3723 3724
f 3654 3724 3616
f 3727 3616 3724
f 3728 3726 3691
f 3728 3691 3729
f 3692 3729 3691
f 3693 3729 3692
f 3693 3730 3729
f 3693 3727 3730
f 3616 3727 3693
f 3548 3552 3725
f 3652 3510 3276
f 3554 3694 3553
f 3658 3731 3622
f 3695 3732 3659
f 3732 3696 3659
f 3659 3696 3660
f 3660 3733 3661
f 3733 3734 3661
f 3734 3623 3661
f 3734 3735 3623
f 3621 3623 3735
f 3588 3697 3587
f 3736 3667 3666
f 3737 3665 3516
f 3516 3517 3737
f 3517 3479 3737
f 3667 3698 3558
f 3518 3698 3591
f 3700 3699 3703
f 3668 3702 3701
f 3705 3487 3738
f 3703 3704 3700
f 3704 3739 3700
f 3701 3740 3668
f 3741 3739 3704
f 3741 3704 3629
f 3669 3668 3742
f 3668 3740 3742
f 3705 3598 3446
f 3630 3670 3445
f 3562 3743 3630
f 3672 3744 3596
f 3563 3596 3745
f 3563 3745 3746
f 3563 3746 3564
f 3566 3597 3564
f 3527 3706 3671
f 3747 3706 3489
f 3489 3600 3747
f 3633 3453 3748
f 3567 3748 3453
f 3749 3531 3529
f 3749 3676 3531
f 3567 3677 3750
f 3677 3751 3750
f 3752 3602 3708
f 3752 3709 3602
f 3569 3751 3677
f 3753 3569 3678
f 3753 3751 3569
f 3634 3603 3754
f 3710 3536 3568
f 3634 3754 3755
f 3571 3679 3604
f 3605 3756 3679
f 3712 3756 3605
f 3377 3538 3757
f 3757 3635 3377
f 3758 3636 3635
f 3540 3759 3607
f 3714 3574 3640
f 3608 3642 3760
f 3642 3716 3761
f 3644 3718 3763
f 3646 3497 3609
f 3764 3579 3717
f 3577 3765 3687
f 3580 3766 3645
f 3767 3647 3611
f 3720 3581 3610
f 3769 3611 3500
f 3649 3768 3719
f 3614 3651 3721
f 3690 3769 3500
f 3721 3689 3614
f 3582 3770 3690
f 3722 3770 3582
f 3723 3772 3724
f 3725 3771 3583
f 3773 3652 3547
f 3727 3772 3730
f 3772 3727 3724
f 3774 3728 3729
f 3775 3622 3731
f 3775 3695 3622
f 3733 3660 3696
f 3620 3621 3735
f 3665 3664 3589
f 3666 3778 3736
f 3666 3662 3778
f 3779 3662 3663
f 3700 3739 3780
f 3700 3780 3701
f 3780 3740 3701
f 3670 3781 3595
f 3782 3629 3669
f 3782 3669 3742
f 3562 3671 3743
f 3746 3784 3564
f 3564 3784 3566
f 3672 3707 3744
f 3784 3785 3566
f 3529 3566 3785
f 3786 3707 3673
f 3787 3673 3632
f 3787 3632 3633
f 3785 3749 3529
f 3748 3567 3750
f 3749 3788 3676
f 3675 3710 3568
f 3754 3603 3789
f 3789 3603 3711
f 3634 3755 3678
f 3679 3790 3604
f 3757 3758 3635
f 3713 3636 3758
f 3791 3637 3713
f 3791 3680 3637
f 3792 3640 3683
f 3575 3793 3684
f 3575 3794 3793
f 3794 3575 3685
f 3794 3685 3715
f 3760 3686 3608
f 3642 3761 3760
f 3464 3795 3716
f 3646 3609 3762
f 3717 3644 3763
f 3648 3766 3580
f 3796 3610 3579
f 3719 3797 3648
f 3798 3797 3719
f 3719 3768 3798
f 3799 3578 3646
f 3768 3649 3800
f 3800 3649 3721
f 3801 3547 3578
f 3691 3726 3802
f 3691 3802 3723
f 3723 3802 3803
f 3803 3805 3772
f 3723 3803 3772
f 3804 3802 3726
f 3730 3772 3805
f 3804 3726 3728
f 3774 3729 3730
f 3806 3804 3728
f 3806 3728 3774
f 3697 3776 3663
f 3777 3776 3697
f 3777 3697 3588
f 3664 3777 3588
f 3808 3807 3664
f 3808 3664 3665
f 3809 3667 3736
f 3809 3698 3667
f 3810 3591 3698
f 3487 3591 3738
f 3595 3781 3479
f 3739 3811 3780
f 3780 3812 3740
f 3813 3739 3741
f 3742 3740 3812
f 3814 3742 3812
f 3782 3741 3629
f 3782 3742 3814
f 3815 3598 3705
f 3671 3817 3743
f 3818 3596 3744
f 3745 3596 3818
f 3706 3819 3671
f 3671 3819 3817
f 3747 3820 3706
f 3673 3787 3786
f 3633 3748 3787
f 3788 3821 3676
f 3676 3821 3708
f 3752 3708 3821
f 3822 3711 3604
f 3711 3822 3789
f 3538 3536 3710
f 3604 3790 3822
f 3712 3823 3756
f 3824 3713 3758
f 3825 3638 3680
f 3681 3759 3540
f 3826 3682 3638
f 3573 3827 3491
f 3573 3684 3827
f 3714 3640 3792
f 3762 3609 3544
f 3464 3828 3795
f 3643 3828 3464
f 3687 3765 3718
f 3829 3828 3643
f 3829 3645 3766
f 3645 3829 3643
f 3796 3579 3764
f 3767 3765 3577
f 3648 3797 3766
f 3577 3647 3767
f 3611 3830 3767
f 3611 3769 3830
f 3650 3720 3651
f 3722 3583 3771
f 3802 3831 3803
f 3805 3803 3831
f 3832 3802 3804
f 3833 3730 3805
f 3804 3833 3832
f 3833 3774 3730
f 3804 3806 3833
f 3806 3774 3833
f 3552 3834 3725
f 3552 3835 3834
f 3553 3835 3552
f 3658 3510 3836
f 3837 3731 3658
f 3695 3839 3732
f 3839 3840 3732
f 3840 3696 3732
f 3620 3735 3838
f 3620 3838 3694
f 3664 3807 3777
f 3779 3778 3662
f 3842 3779 3663
f 3842 3663 3776
f 3777 3807 3843
f 3808 3665 3737
f 3479 3844 3737
f 3845 3811 3739
f 3780 3846 3812
f 3811 3846 3780
f 3847 3812 3846
f 3847 3848 3812
f 3845 3739 3813
f 3812 3848 3814
f 3849 3813 3741
f 3741 3782 3849
f 3670 3850 3781
f 3783 3850 3670
f 3815 3816 3598
f 3630 3783 3670
f 3743 3851 3630
f 3786 3744 3707
f 3852 3674 3631
f 3786 3787 3853
f 3852 3675 3674
f 3852 3854 3675
f 3710 3675 3854
f 3755 3855 3678
f 3855 3856 3678
f 3856 3753 3678
f 3789 3858 3754
f 3789 3857 3858
f 3755 3754 3858
f 3789 3822 3857
f 3790 3679 3756
f 3606 3859 3712
f 3681 3860 3759
f 3826 3638 3825
f 3491 3861 3541
f 3792 3683 3682
f 3827 3684 3862
f 3684 3793 3862
f 3863 3714 3792
f 3794 3864 3793
f 3865 3686 3760
f 3866 3714 3863
f 3794 3715 3686
f 3794 3686 3865
f 3866 3544 3714
f 3718 3765 3867
f 3797 3868 3766
f 3766 3868 3829
f 3796 3869 3610
f 3869 3870 3610
f 3870 3720 3610
f 3651 3720 3871
f 3690 3770 3769
f 3722 3872 3770
f 3801 3578 3799
f 3831 3802 3832
f 3773 3547 3801
f 3832 3833 3831
f 3831 3833 3805
f 3836 3510 3652
f 3873 3658 3836
f 3837 3775 3731
f 3839 3695 3775
f 3733 3874 3734
f 3734 3876 3735
f 3777 3877 3776
f 3843 3877 3777
f 3736 3778 3841
f 3841 3778 3779
f 3878 3779 3842
f 3809 3810 3698
f 3738 3591 3810
f 3781 3844 3479
f 3879 3847 3846
f 3848 3847 3879
f 3815 3705 3738
f 3845 3880 3811
f 3811 3880 3846
f 3846 3880 3814
f 3881 3846 3814
f 3881 3814 3848
f 3879 3881 3848
f 3845 3813 3849
f 3880 3845 3849
f 3880 3782 3814
f 3880 3849 3782
f 3743 3817 3851
f 3816 3631 3598
f 3786 3882 3744
f 3784 3883 3785
f 3600 3885 3747
f 3787 3886 3853
f 3787 3748 3886
f 3884 3749 3785
f 3750 3886 3748
f 3749 3884 3788
f 3887 3886 3750
f 3888 3600 3709
f 3750 3751 3887
f 3751 3889 3887
f 3890 3752 3821
f 3890 3891 3752
f 3752 3891 3709
f 3892 3710 3854
f 3753 3889 3751
f 3857 3822 3893
f 3755 3858 3855
f 3858 3894 3855
f 3822 3790 3895
f 3895 3790 3756
f 3823 3896 3756
f 3859 3823 3712
f 3607 3897 3606
f 3824 3791 3713
f 3759 3897 3607
f 3899 3680 3791
f 3639 3861 3681
f 3541 3861 3639
f 3862 3793 3864
f 3864 3794 3900
f 3900 3794 3865
f 3901 3865 3760
f 3761 3901 3760
f 3761 3716 3901
f 3866 3762 3544
f 3763 3903 3717
f 3718 3867 3763
f 3763 3867 3903
f 3902 3795 3828
f 3765 3904 3867
f 3902 3828 3829
f 3797 3798 3906
f 3798 3768 3908
f 3768 3800 3908
f 3769 3909 3830
f 3800 3911 3910
f 3770 3909 3769
f 3800 3721 3911
f 3911 3721 3651
f 3725 3912 3771
f 3725 3834 3913
f 3837 3658 3873
f 3914 3553 3694
f 3915 3775 3837
f 3915 3839 3775
f 3874 3696 3840
f 3696 3874 3733
f 3874 3875 3734
f 3875 3876 3734
f 3838 3735 3876
f 3916 3842 3776
f 3877 3916 3776
f 3843 3807 3917
f 3917 3807 3808
f 3918 3917 3808
f 3918 3808 3737
f 3919 3738 3810
f 3881 3879 3846
f 3630 3851 3783
f 3818 3744 3882
f 3746 3920 3784
f 3631 3816 3852
f 3706 3820 3819
f 3785 3883 3884
f 3786 3853 3921
f 3747 3885 3820
f 3886 3922 3853
f 3600 3888 3885
f 3891 3888 3709
f 3821 3788 3923
f 3923 3890 3821
f 3890 3924 3891
f 3856 3889 3753
f 3856 3925 3889
f 3892 3538 3710
f 3893 3822 3895
f 3858 3857 3894
f 3756 3896 3895
f 3606 3897 3859
f 3759 3898 3897
f 3927 3825 3680
f 3860 3928 3759
f 3927 3826 3825
f 3491 3827 3861
f 3863 3792 3930
f 3931 3764 3717
f 3931 3717 3903
f 3902 3829 3932
f 3829 3868 3932
f 3767 3933 3765
f 3905 3646 3762
f 3935 3934 3906
f 3934 3797 3906
f 3799 3646 3905
f 3798 3908 3906
f 3870 3871 3720
f 3800 3936 3908
f 3800 3910 3936
f 3911 3651 3871
f 3872 3937 3770
f 3722 3938 3872
f 3771 3938 3722
f 3939 3801 3799
f 3725 3913 3912
f 3836 3652 3773
f 3553 3940 3835
f 3553 3914 3940
f 3839 3915 3941
f 3839 3941 3840
f 3840 3941 3942
f 3840 3942 3874
f 3878 3841 3779
f 3943 3809 3736
f 3841 3943 3736
f 3918 3737 3944
f 3844 3944 3737
f 3815 3738 3945
f 3850 3946 3781
f 3948 3949 3947
f 3818 3882 3950
f 3784 3920 3883
f 3786 3951 3882
f 3921 3951 3786
f 3885 3952 3820
f 3922 3954 3853
f 3953 3854 3852
f 3955 3886 3887
f 3887 3889 3955
f 3891 3956 3888
f 3957 3892 3854
f 3923 3788 3958
f 3959 3890 3923
f 3890 3959 3924
f 3925 3856 3960
f 3926 3538 3892
f 3961 3855 3894
f 3961 3962 3855
f 3962 3856 3855
f 3856 3962 3960
f 3963 3894 3857
f 3894 3963 3961
f 3823 3859 3896
f 3899 3927 3680
f 3759 3928 3898
f 3681 3928 3860
f 3861 3928 3681
f 3929 3792 3682
f 3827 3862 3964
f 3862 3965 3964
f 3930 3792 3929
f 3862 3864 3965
f 3900 3865 3966
f 3966 3865 3967
f 3965 3864 3900
f 3967 3865 3901
f 3968 3967 3901
f 3716 3795 3969
f 3970 3762 3866
f 3765 3933 3904
f 3764 3972 3796
f 3971 3868 3973
f 3868 3971 3932
f 3797 3973 3868
f 3972 3869 3796
f 3934 3973 3797
f 3935 3973 3934
f 3767 3830 3933
f 3906 3908 3935
f 3871 3974 3911
f 3974 3871 3870
f 3770 3937 3909
f 3771 3912 3938
f 3975 3801 3939
f 3975 3773 3801
f 3975 3836 3773
f 3835 3940 3834
f 3838 3914 3694
f 3915 3976 3941
f 3942 3977 3874
f 3874 3978 3875
f 3876 3979 3838
f 3981 3877 3843
f 3841 3982 3943
f 3982 3841 3878
f 3983 3810 3809
f 3983 3809 3943
f 3983 3919 3810
f 3945 3738 3919
f 3984 3815 3945
f 3948 3985 3949
f 3985 3986 3949
f 3948 3988 3987
f 3988 3948 3947
f 3949 3989 3947
f 3947 3989 3988
f 3986 3989 3949
f 3986 3990 3989
f 3991 3745 3818
f 3991 3818 3950
f 3746 3745 3991
f 3817 3992 3851
f 3820 3993 3819
f 3819 3993 3817
f 3820 3952 3993
f 3994 3852 3816
f 3852 3994 3953
f 3853 3954 3921
f 3788 3884 3995
f 3996 3854 3953
f 3886 3997 3922
f 3955 3997 3886
f 3996 3957 3854
f 3955 3889 3998
f 3889 3925 3998
f 3957 3926 3892
f 3960 3962 3999
f 4000 3893 3895
f 3893 4001 3857
f 3893 4000 4001
f 3857 4001 3963
f 3926 3757 3538
f 3896 4000 3895
f 3757 3926 4002
f 4000 3896 4003
f 4003 3896 3859
f 3758 3757 4002
f 3897 4003 3859
f 3897 3898 4003
f 3899 3791 3824
f 4004 3826 3927
f 3929 3682 3826
f 3861 3827 3964
f 4005 3965 4006
f 4006 3965 3900
f 3965 4005 3964
f 3901 3969 3968
f 3716 3969 3901
f 3863 3930 3866
f 3795 3902 4007
f 3903 3867 4008
f 3904 4009 3867
f 4009 4008 3867
f 3905 3762 3970
f 4012 3869 3972
f 3870 3869 4012
f 3973 3935 4011
f 3830 3907 3933
f 3830 3909 3907
f 3911 3974 4013
f 3905 3939 3799
f 4013 3936 3910
f 4013 3910 3911
f 3837 3873 4014
f 3915 3837 4014
f 4015 3914 3838
f 4016 3941 3976
f 3942 3941 4016
f 4017 3977 3942
f 3978 3874 3977
f 3978 4018 3875
f 4018 3876 3875
f 3842 3980 3878
f 3980 3842 3916
f 4019 3980 3916
f 4019 3916 3877
f 3981 3843 3917
f 3943 4020 3983
f 4020 3943 3982
f 3944 3844 4021
f 4022 3919 3983
f 4022 3945 3919
f 3985 3948 4023
f 3987 4023 3948
f 3985 4024 3986
f 3986 4025 3990
f 4026 3816 3815
f 4027 3850 3783
f 3851 4027 3783
f 3920 3746 3991
f 3993 3992 3817
f 3992 4028 3851
f 4029 3950 3882
f 3920 3991 4030
f 3920 4031 3883
f 3884 3883 4031
f 3921 4032 3951
f 3884 4031 3995
f 4032 3921 4034
f 3888 4033 3885
f 3954 4034 3921
f 3922 3997 3954
f 4033 3888 3956
f 3924 4035 3891
f 4035 3956 3891
f 3925 4036 3998
f 3924 3959 4037
f 3924 4037 4035
f 3960 4036 3925
f 3999 4036 3960
f 4039 3962 3961
f 3999 3962 4039
f 4000 4003 4040
f 4000 4040 4001
f 4041 3963 4001
f 3963 4041 3961
f 3961 4041 4039
f 3824 3758 4042
f 3898 4043 4003
f 3898 3928 4043
f 4044 3927 3899
f 3861 4045 3928
f 3861 4046 4045
f 4047 3929 3826
f 3861 3964 4046
f 4046 3964 4048
f 3964 4005 4048
f 4005 4006 4048
f 4006 3966 4049
f 4049 3966 4050
f 4006 3900 3966
f 3966 3967 4050
f 3968 4050 3967
f 3795 4007 3969
f 4053 3866 3930
f 4007 3902 4054
f 4051 4052 3931
f 4051 3931 3903
f 3932 4054 3902
f 4053 3970 3866
f 3931 4052 3764
f 3971 4055 3932
f 4053 3905 3970
f 4012 3974 3870
f 3935 3936 4056
f 3935 3908 3936
f 4057 3909 3937
f 4058 3915 4014
f 4058 3976 3915
f 4059 3978 3977
f 3979 3876 4060
f 3877 3981 4019
f 3878 4061 3982
f 3980 4062 3878
f 4063 3980 4019
f 4025 3986 4024
f 4023 3987 4064
f 3987 3988 4064
f 4065 3990 4025
f 4066 4064 3988
f 4065 4067 3990
f 4066 3988 4068
f 4068 3988 3989
f 4068 3989 4067
f 4067 3989 3990
f 3994 3816 4026
f 4069 3991 3950
f 4030 3991 4069
f 4070 3993 3952
f 3951 4029 3882
f 4071 3920 4030
f 4071 4031 3920
f 3885 4033 3952
f 3995 3958 3788
f 4072 4034 3954
f 3997 4072 3954
f 3955 4073 3997
f 3998 4073 3955
f 4074 4073 3998
f 3958 4075 3923
f 3998 4036 4074
f 4075 3959 3923
f 3956 4035 4076
f 4037 3959 4075
f 4038 3926 3957
f 3999 4077 4036
f 4038 4002 3926
f 4040 4078 4001
f 4001 4078 4041
f 4041 4080 4039
f 4079 4039 4080
f 4003 4081 4040
f 4003 4043 4081
f 4040 4081 4078
f 3824 4042 4082
f 4078 4080 4041
f 4078 4083 4080
f 3899 3824 4082
f 4084 4043 3928
f 4045 4084 3928
f 4044 4004 3927
f 4045 4085 4084
f 4047 3826 4004
f 4085 4045 4046
f 4086 4085 4046
f 4087 4049 4088
f 4088 4049 4089
f 4046 4048 4086
f 4086 4048 4087
f 4089 4050 4090
f 4089 4049 4050
f 4048 4006 4087
f 4087 4006 4049
f 3968 4091 4050
f 3968 4092 4091
f 3969 4092 3968
f 3969 4094 4092
f 4094 3969 4007
f 4051 3903 4095
f 4095 3903 4008
f 4009 4096 4008
f 3971 4098 4097
f 3971 4097 4055
f 3932 4055 4054
f 4052 3972 3764
f 3933 4010 3904
f 4099 4098 3973
f 3973 4098 3971
f 4099 3973 4011
f 4011 4056 4100
f 4011 3935 4056
f 3907 4101 3933
f 4057 4101 3907
f 4056 3936 4102
f 4013 4102 3936
f 4013 4103 4102
f 4013 3974 4103
f 4057 3907 3909
f 3937 3872 4104
f 3872 4105 4104
f 3872 3938 4105
f 3938 3912 4105
f 3979 4015 3838
f 3942 4016 4017
f 3978 4059 4018
f 3876 4018 4060
f 3981 4106 4019
f 3917 4107 3981
f 3981 4107 4106
f 3917 4108 4107
f 3982 4061 4020
f 4062 4061 3878
f 3917 3918 4109
f 3918 3944 4109
f 3781 4021 3844
f 4022 3984 3945
f 3781 4110 4021
f 3946 4110 3781
f 3815 3984 4111
f 3985 4064 4112
f 3985 4023 4064
f 3985 4112 4024
f 4024 4112 4113
f 4114 4025 4024
f 4025 4114 4065
f 3850 4115 3946
f 4114 4116 4065
f 4111 4026 3815
f 4117 4064 4066
f 4065 4118 4067
f 4027 4119 3850
f 4120 4027 3851
f 4027 4120 4119
f 3851 4028 4120
f 4121 4028 3992
f 4070 3992 3993
f 3950 4029 4069
f 4033 4070 3952
f 4032 4034 4122
f 4123 4072 3997
f 4033 3956 4124
f 4124 3956 4076
f 3958 3995 4125
f 4125 4075 3958
f 4126 4035 4037
f 3999 4127 4077
f 4039 4127 3999
f 4079 4127 4039
f 4002 4042 3758
f 4081 4128 4078
f 4078 4128 4083
f 4082 4044 3899
f 4129 4044 4082
f 4084 4081 4043
f 4081 4084 4128
f 4080 4131 4079
f 4084 4085 4128
f 4128 4085 4130
f 4128 4088 4083
f 4083 4088 4080
f 4080 4088 4131
f 4128 4130 4088
f 4088 4090 4131
f 4088 4089 4090
f 4085 4086 4130
f 4130 4086 4087
f 4130 4087 4088
f 4131 4090 4132
f 4133 3929 4047
f 4050 4091 4132
f 4050 4132 4090
f 4133 3930 3929
f 4093 3930 4133
f 4095 4008 4134
f 4134 4008 4096
f 4095 4135 4051
f 4137 4096 4009
f 4054 4136 4007
f 4007 4136 4094
f 4135 4052 4051
f 4138 4053 3930
f 4055 4097 4139
f 3904 4010 4009
f 3933 4101 4010
f 4011 4140 4099
f 4100 4140 4011
f 3974 4012 4141
f 4056 4102 4142
f 4102 4103 4142
f 4103 3974 4141
f 3937 4143 4057
f 4104 4143 3937
f 4144 3975 3939
f 4145 3975 4144
f 4145 3836 3975
f 3873 4145 4146
f 3873 3836 4145
f 4147 3873 4146
f 4014 3873 4147
f 3976 4058 4148
f 3976 4148 4016
f 4016 4148 4149
f 4017 4150 3977
f 4019 4106 4063
f 4151 4108 3917
f 4151 3917 4109
f 4061 4152 4020
f 4153 4061 4062
f 4154 3983 4020
f 4154 4020 4152
f 4155 4022 3983
f 4155 3983 4154
f 4156 3984 4022
f 4117 4112 4064
f 4114 4024 4113
f 4112 4117 4113
f 4158 4065 4116
f 4119 4115 3850
f 4157 4117 4066
f 4068 4159 4066
f 4160 4029 3951
f 4029 4160 4069
f 4069 4071 4030
f 3992 4070 4161
f 4032 4162 3951
f 3951 4162 4160
f 4069 4163 4071
f 4163 4031 4071
f 4032 4164 4162
f 4122 4164 4032
f 4165 4122 4072
f 4122 4034 4072
f 3996 4166 3957
f 4072 4123 4165
f 3997 4167 4123
f 4073 4167 3997
f 4074 4167 4073
f 4167 4074 4168
f 4126 4169 4035
f 4076 4035 4169
f 4074 4036 4168
f 4075 4125 4170
f 4170 4037 4075
f 4036 4171 4168
f 4077 4171 4036
f 4170 4172 4037
f 4037 4172 4126
f 4169 4126 4173
f 4172 4173 4126
f 4174 4002 4038
f 4127 4175 4077
f 4079 4175 4127
f 4131 4175 4079
f 4131 4176 4175
f 4044 4129 4047
f 4047 4004 4044
f 4176 4131 4132
f 4091 4177 4132
f 4092 4177 4091
f 4092 4179 4177
f 4179 4092 4094
f 4180 4095 4178
f 4178 4095 4134
f 4094 4136 4179
f 4135 4095 4180
f 4182 4181 4136
f 3930 4093 4138
f 4054 4182 4136
f 4097 4183 4139
f 4055 4139 4182
f 4055 4182 4054
f 4098 4185 4183
f 4098 4183 4097
f 4185 4099 4140
f 4098 4099 4185
f 4010 4184 4009
f 4186 4141 4012
f 3972 4186 4012
f 4103 4188 4142
f 4191 4190 4189
f 4190 4192 4189
f 4192 4190 4193
f 3834 4194 3913
f 3834 3940 4194
f 4058 4014 4147
f 3977 4150 4059
f 4059 4195 4018
f 4018 4195 4060
f 4062 4063 4153
f 3980 4063 4062
f 4196 4063 4106
f 4109 3944 4021
f 4197 4022 4155
f 4197 4156 4022
f 4198 4113 4117
f 4200 4114 4113
f 4116 4114 4200
f 4201 4157 4066
f 4157 4202 4117
f 4158 4116 4200
f 4203 4066 4159
f 4158 4118 4065
f 4159 4068 4204
f 4204 4068 4067
f 4205 4204 4067
f 4118 4205 4067
f 4206 3994 4026
f 4028 4121 4207
f 4161 4121 3992
f 4207 4121 4161
f 4208 4160 4162
f 4209 4160 4208
f 4160 4209 4069
f 4069 4209 4210
f 4069 4210 4163
f 4208 4162 4164
f 4212 4070 4033
f 4161 4070 4212
f 3953 4211 3996
f 4164 4122 4213
f 4031 4214 3995
f 4124 4212 4033
f 4215 3957 4166
f 4215 4038 3957
f 4174 4038 4215
f 4216 4170 4125
f 4173 4217 4169
f 4172 4218 4173
f 4219 4002 4174
f 4175 4171 4077
f 4219 4042 4002
f 4175 4220 4171
f 4082 4042 4221
f 4221 4129 4082
f 4175 4176 4220
f 4221 4047 4129
f 4222 4133 4047
f 4177 4176 4132
f 4224 4134 4223
f 4224 4178 4134
f 4223 4134 4225
f 4225 4134 4096
f 4225 4096 4137
f 4226 4225 4137
f 4136 4181 4179
f 4182 4139 4228
f 4227 4135 4180
f 4226 4137 4229
f 4139 4183 4228
f 4227 4052 4135
f 4137 4009 4229
f 4229 4009 4184
f 3972 4052 4230
f 4231 4053 4138
f 4101 4184 4010
f 4101 4233 4184
f 4234 4053 4231
f 4234 3905 4053
f 4056 4142 4187
f 4232 4141 4186
f 4236 4233 4101
f 4056 4235 4100
f 4235 4056 4187
f 4188 4103 4232
f 4232 4103 4141
f 4236 4101 4057
f 4236 4057 4143
f 3939 3905 4237
f 4240 4191 4239
f 4238 4191 4189
f 4238 4189 4242
f 4191 4240 4190
f 4190 4240 4241
f 4193 4190 4241
f 4192 4242 4189
f 4243 4242 4192
f 4193 4244 4243
f 4243 4192 4193
f 3913 4194 3912
f 4015 4245 3914
f 4247 4017 4016
f 4150 4248 4059
f 3979 4060 4246
f 3979 4246 4015
f 4153 4152 4061
f 4249 4153 4063
f 4249 4063 4196
f 4196 4106 4250
f 4108 4106 4107
f 4250 4106 4108
f 4251 4155 4154
f 4251 4154 4152
f 4115 4110 3946
f 4157 4201 4202
f 4202 4198 4117
f 4198 4199 4113
f 4199 4200 4113
f 4203 4202 4201
f 4066 4203 4201
f 4252 4158 4200
f 4159 4254 4203
f 4255 4254 4204
f 4254 4159 4204
f 4158 4252 4118
f 4118 4256 4205
f 4118 4252 4256
f 4204 4205 4257
f 4120 4028 4207
f 4206 3953 3994
f 4211 3953 4206
f 4213 4208 4164
f 4208 4213 4258
f 4208 4258 4209
f 4210 4214 4031
f 4163 4210 4031
f 4166 3996 4211
f 3995 4214 4259
f 4165 4260 4122
f 4125 3995 4259
f 4261 4165 4123
f 4260 4165 4261
f 4167 4261 4123
f 4125 4259 4216
f 4167 4262 4261
f 4168 4262 4167
f 4262 4168 4263
f 4171 4263 4168
f 4264 4170 4216
f 4173 4265 4217
f 4170 4264 4266
f 4266 4172 4170
f 4220 4263 4171
f 4266 4267 4172
f 4172 4267 4218
f 4218 4265 4173
f 4042 4219 4221
f 4218 4268 4265
f 4218 4267 4268
f 4266 4270 4267
f 4266 4269 4270
f 4222 4047 4221
f 4220 4176 4271
f 4270 4223 4267
f 4267 4223 4268
f 4269 4224 4270
f 4223 4272 4268
f 4177 4271 4176
f 4270 4224 4223
f 4273 4271 4177
f 4272 4223 4274
f 4224 4269 4178
f 4178 4269 4276
f 4225 4274 4223
f 4273 4179 4181
f 4273 4177 4179
f 4276 4180 4178
f 4226 4274 4225
f 4275 4093 4133
f 4138 4093 4275
f 4228 4278 4277
f 4182 4228 4181
f 4276 4227 4180
f 4185 4279 4183
f 4278 4183 4279
f 4228 4183 4278
f 4230 4052 4227
f 4184 4233 4229
f 4186 3972 4230
f 4140 4280 4185
f 4280 4100 4235
f 4140 4100 4280
f 4281 4232 4186
f 4142 4188 4187
f 4188 4232 4282
f 4282 4232 4281
f 4234 4237 3905
f 4104 4283 4143
f 4287 4239 4286
f 4241 4240 4284
f 4105 3912 4285
f 4238 4239 4191
f 4238 4286 4239
f 4288 4144 3939
f 3914 4245 3940
f 4150 4017 4247
f 4059 4248 4195
f 4251 4152 4290
f 4290 4152 4153
f 4291 4153 4249
f 4291 4249 4292
f 4292 4249 4293
f 4293 4249 4196
f 4293 4196 4250
f 4294 4155 4251
f 4295 4155 4294
f 4295 4197 4155
f 4156 4111 3984
f 4202 4254 4198
f 4202 4203 4254
f 4199 4198 4297
f 4199 4297 4200
f 4297 4298 4200
f 4200 4298 4252
f 4299 4300 4253
f 4300 4301 4253
f 4198 4254 4255
f 4119 4296 4115
f 4119 4303 4296
f 4299 4253 4304
f 4306 4253 4301
f 4305 4253 4306
f 4307 4255 4204
f 4302 4256 4252
f 4304 4253 4305
f 4308 4306 4301
f 4204 4257 4307
f 4120 4303 4119
f 4205 4309 4257
f 4205 4256 4309
f 4310 4303 4120
f 4310 4120 4207
f 4161 4311 4207
f 4312 4209 4258
f 4210 4209 4312
f 4311 4161 4212
f 4258 4213 4314
f 4210 4312 4313
f 4122 4315 4213
f 4314 4213 4315
f 4210 4313 4214
f 4259 4214 4313
f 4124 4316 4212
f 4212 4316 4311
f 4315 4122 4260
f 4315 4260 4317
f 4316 4124 4076
f 4318 4317 4260
f 4261 4318 4260
f 4217 4076 4169
f 4262 4318 4261
f 4319 4216 4259
f 4320 4076 4217
f 4262 4321 4318
f 4263 4322 4262
f 4216 4319 4264
f 4265 4320 4217
f 4322 4263 4323
f 4220 4323 4263
f 4264 4269 4266
f 4220 4324 4323
f 4271 4324 4220
f 4276 4269 4264
f 4268 4272 4326
f 4275 4133 4222
f 4273 4324 4271
f 4326 4272 4274
f 4324 4273 4277
f 4181 4277 4273
f 4278 4327 4277
f 4226 4326 4274
f 4327 4278 4279
f 4228 4277 4181
f 4328 4138 4275
f 4329 4227 4276
f 4185 4330 4279
f 4230 4227 4329
f 4185 4280 4330
f 4281 4186 4230
f 4233 4333 4331
f 4280 4235 4332
f 4334 4188 4282
f 4333 4233 4236
f 4235 4187 4332
f 4332 4187 4334
f 4334 4187 4188
f 4333 4236 4143
f 4333 4143 4335
f 4335 4143 4283
f 4104 4336 4283
f 4104 4105 4336
f 4239 4339 4337
f 4240 4337 4338
f 4239 4337 4240
f 4239 4287 4339
f 4287 4286 4341
f 4284 4340 4342
f 4241 4284 4342
f 4288 3939 4237
f 4238 4341 4286
f 4242 4341 4238
f 4193 4241 4342
f 4244 4193 4342
f 4243 4343 4242
f 4243 4344 4343
f 4344 4243 4244
f 4289 4144 4288
f 4145 4144 4289
f 4345 4015 4246
f 4345 4245 4015
f 4346 4195 4248
f 4346 4060 4195
f 4060 4346 4246
f 4016 4149 4247
f 4150 4247 4248
f 4108 4347 4250
f 4108 4151 4347
f 4348 4290 4349
f 4349 4290 4153
f 4349 4153 4291
f 4349 4291 4292
f 4350 4292 4293
f 4348 4251 4290
f 4294 4251 4348
f 4351 4197 4295
f 4351 4156 4197
f 4115 4296 4110
f 4353 4301 4300
f 4354 4198 4255
f 4198 4354 4297
f 4297 4355 4298
f 4298 4302 4252
f 4298 4355 4302
f 4304 4356 4299
f 4299 4356 4300
f 4300 4356 4357
f 4300 4357 4353
f 4354 4307 4358
f 4307 4354 4255
f 4356 4304 4359
f 4304 4305 4359
f 4353 4308 4301
f 4308 4353 4360
f 4358 4362 4361
f 4307 4362 4358
f 4363 4302 4355
f 4256 4302 4363
f 4305 4306 4308
f 4361 4362 4364
f 4364 4362 4307
f 4365 4307 4257
f 4365 4364 4307
f 4257 4309 4365
f 4256 4363 4366
f 4256 4366 4309
f 4207 4311 4368
f 4207 4368 4310
f 4211 4369 4166
f 4370 4166 4369
f 4215 4166 4370
f 4259 4313 4371
f 4318 4373 4317
f 4316 4076 4320
f 4372 4174 4215
f 4374 4373 4318
f 4374 4318 4321
f 4322 4321 4262
f 4377 4374 4321
f 4377 4321 4322
f 4377 4322 4323
f 4268 4376 4265
f 4378 4374 4377
f 4324 4377 4323
f 4379 4378 4377
f 4379 4377 4324
f 4325 4268 4326
f 4381 4378 4379
f 4277 4381 4379
f 4327 4381 4277
f 4324 4277 4379
f 4327 4279 4381
f 4329 4276 4382
f 4226 4229 4326
f 4383 4326 4229
f 4231 4138 4328
f 4384 4230 4329
f 4233 4383 4229
f 4331 4383 4233
f 4385 4280 4386
f 4330 4280 4385
f 4384 4281 4230
f 4280 4332 4386
f 4386 4332 4388
f 4282 4281 4384
f 4387 4389 4231
f 4388 4332 4334
f 4331 4333 4335
f 4285 4336 4105
f 4338 4390 4240
f 4390 4391 4240
f 4391 4284 4240
f 4340 4284 4391
f 4339 4287 4392
f 4287 4341 4392
f 4341 4343 4392
f 3912 4194 4285
f 4242 4343 4341
f 4342 4344 4244
f 3940 4245 4194
f 4393 4247 4397
f 4393 4248 4247
f 4248 4393 4394
f 4248 4394 4346
f 4395 4058 4147
f 4058 4395 4148
f 4148 4396 4149
f 4149 4396 4247
f 4250 4350 4293
f 4109 4347 4151
f 4350 4250 4399
f 4399 4250 4347
f 4400 4347 4109
f 4021 4400 4109
f 4401 4295 4294
f 4294 4348 4401
f 4398 4348 4349
f 4398 4349 4292
f 4021 4110 4402
f 4110 4403 4402
f 4296 4403 4110
f 4404 4111 4156
f 4111 4404 4352
f 4355 4297 4354
f 4111 4352 4026
f 4405 4356 4359
f 4356 4405 4406
f 4356 4406 4357
f 4353 4357 4360
f 4361 4407 4358
f 4407 4408 4358
f 4358 4408 4354
f 4354 4408 4355
f 4355 4408 4409
f 4409 4410 4355
f 4410 4363 4355
f 4360 4411 4308
f 4360 4357 4411
f 4407 4411 4357
f 4411 4407 4412
f 4407 4361 4412
f 4361 4364 4413
f 4414 4363 4410
f 4405 4359 4415
f 4415 4359 4305
f 4415 4305 4308
f 4415 4308 4416
f 4416 4308 4411
f 4416 4411 4412
f 4412 4361 4417
f 4361 4413 4417
f 4363 4414 4366
f 4303 4418 4296
f 4364 4419 4413
f 4364 4365 4419
f 4310 4418 4303
f 4309 4366 4420
f 4309 4420 4365
f 4367 4211 4206
f 4421 4418 4310
f 4368 4422 4310
f 4310 4422 4421
f 4369 4211 4367
f 4423 4312 4258
f 4316 4424 4311
f 4311 4424 4368
f 4258 4314 4423
f 4312 4423 4313
f 4314 4315 4426
f 4313 4423 4425
f 4317 4426 4315
f 4371 4313 4425
f 4317 4427 4426
f 4373 4427 4317
f 4319 4259 4371
f 4428 4174 4372
f 4428 4219 4174
f 4374 4427 4373
f 4374 4429 4427
f 4375 4264 4319
f 4265 4376 4320
f 4268 4325 4376
f 4428 4221 4219
f 4378 4429 4374
f 4430 4429 4378
f 4382 4264 4375
f 4382 4276 4264
f 4381 4430 4378
f 4380 4275 4222
f 4381 4431 4430
f 4279 4431 4381
f 4330 4431 4279
f 4382 4432 4329
f 4329 4432 4433
f 4384 4329 4433
f 4383 4331 4434
f 4387 4231 4328
f 4282 4435 4436
f 4282 4384 4435
f 4331 4335 4434
f 4388 4334 4436
f 4436 4334 4282
f 4283 4437 4335
f 4283 4336 4437
f 4338 4439 4438
f 4338 4438 4440
f 4440 4390 4338
f 4441 4439 4337
f 4439 4338 4337
f 4443 4337 4339
f 4443 4441 4337
f 4442 4237 4234
f 4443 4339 4392
f 4392 4444 4443
f 4446 4445 4342
f 4444 4392 4343
f 4445 4444 4343
f 4344 4445 4343
f 4445 4344 4342
f 4447 4145 4289
f 4146 4145 4447
f 4448 4147 4146
f 4448 4395 4147
f 4449 4393 4397
f 4393 4449 4394
f 4148 4395 4396
f 4247 4396 4397
f 4292 4350 4450
f 4451 4399 4347
f 4451 4347 4400
f 4398 4452 4348
f 4453 4295 4401
f 4400 4021 4402
f 4453 4351 4295
f 4454 4156 4351
f 4454 4404 4156
f 4455 4408 4407
f 4416 4406 4405
f 4406 4416 4357
f 4417 4407 4357
f 4417 4455 4407
f 4408 4455 4409
f 4456 4410 4409
f 4352 4457 4026
f 4405 4415 4416
f 4416 4412 4357
f 4357 4412 4417
f 4413 4455 4417
f 4409 4458 4456
f 4457 4206 4026
f 4455 4413 4459
f 4413 4460 4459
f 4419 4460 4413
f 4365 4461 4419
f 4460 4419 4461
f 4461 4365 4463
f 4366 4462 4420
f 4463 4365 4464
f 4464 4365 4420
f 4464 4420 4462
f 4368 4465 4422
f 4421 4422 4465
f 4465 4368 4466
f 4424 4466 4368
f 4426 4467 4314
f 4314 4468 4423
f 4314 4467 4468
f 4423 4468 4469
f 4469 4425 4423
f 4466 4424 4470
f 4372 4215 4370
f 4424 4316 4470
f 4470 4316 4471
f 4371 4425 4472
f 4471 4316 4320
f 4427 4473 4426
f 4319 4371 4472
f 4375 4319 4472
f 4471 4320 4376
f 4473 4427 4474
f 4429 4474 4427
f 4471 4376 4475
f 4430 4474 4429
f 4475 4376 4325
f 4477 4221 4428
f 4476 4382 4375
f 4475 4325 4478
f 4477 4222 4221
f 4430 4479 4474
f 4477 4380 4222
f 4479 4430 4480
f 4478 4325 4326
f 4431 4480 4430
f 4481 4382 4476
f 4478 4326 4482
f 4328 4275 4380
f 4382 4481 4432
f 4431 4483 4480
f 4326 4383 4482
f 4330 4483 4431
f 4484 4482 4383
f 4481 4435 4433
f 4481 4433 4432
f 4385 4483 4330
f 4385 4386 4483
f 4484 4383 4434
f 4484 4434 4486
f 4435 4384 4433
f 4485 4386 4388
f 4485 4388 4436
f 4436 4487 4485
f 4487 4436 4435
f 4486 4434 4335
f 4486 4335 4488
f 4488 4335 4437
f 4489 4440 4438
f 4439 4490 4438
f 4492 4490 4439
f 4390 4440 4491
f 4492 4439 4441
f 4391 4390 4491
f 4443 4493 4441
f 4491 4446 4391
f 4446 4340 4391
f 4443 4444 4493
f 4445 4446 4493
f 4340 4446 4342
f 4442 4288 4237
f 4194 4494 4285
f 4493 4444 4445
f 4495 4245 4345
f 4396 4496 4497
f 4397 4498 4449
f 4396 4395 4496
f 4396 4497 4397
f 4500 4453 4401
f 4500 4401 4348
f 4452 4500 4348
f 4398 4292 4499
f 4499 4292 4450
f 4501 4351 4453
f 4454 4351 4501
f 4296 4502 4403
f 4455 4503 4504
f 4458 4409 4455
f 4458 4455 4504
f 4456 4414 4410
f 4503 4455 4459
f 4456 4505 4414
f 4366 4414 4505
f 4418 4502 4296
f 4418 4506 4502
f 4505 4507 4366
f 4418 4508 4506
f 4509 4459 4460
f 4509 4460 4461
f 4463 4510 4461
f 4461 4510 4509
f 4462 4366 4507
f 4457 4367 4206
f 4510 4463 4464
f 4421 4508 4418
f 4367 4513 4369
f 4367 4511 4513
f 4466 4514 4465
f 4467 4516 4468
f 4470 4517 4466
f 4426 4515 4467
f 4515 4516 4467
f 4469 4468 4425
f 4514 4466 4517
f 4468 4516 4518
f 4468 4518 4425
f 4470 4471 4517
f 4519 4515 4426
f 4518 4520 4425
f 4520 4472 4425
f 4473 4519 4426
f 4471 4475 4517
f 4521 4472 4520
f 4472 4521 4523
f 4523 4476 4375
f 4523 4375 4472
f 4522 4477 4428
f 4474 4519 4473
f 4519 4474 4479
f 4478 4524 4475
f 4523 4525 4481
f 4481 4476 4523
f 4526 4479 4480
f 4478 4482 4524
f 4480 4483 4526
f 4526 4483 4529
f 4525 4530 4481
f 4528 4484 4531
f 4483 4533 4529
f 4530 4435 4481
f 4484 4528 4482
f 4386 4533 4483
f 4533 4485 4532
f 4532 4487 4530
f 4530 4487 4435
f 4488 4531 4486
f 4533 4386 4485
f 4532 4485 4487
f 4531 4484 4486
f 4489 4534 4535
f 4489 4535 4536
f 4538 4534 4438
f 4438 4534 4489
f 4539 4489 4536
f 4440 4489 4539
f 4234 4231 4537
f 4490 4538 4438
f 4538 4490 4540
f 4440 4541 4491
f 4440 4539 4541
f 4490 4492 4540
f 4537 4442 4234
f 4540 4492 4441
f 4441 4543 4540
f 4544 4541 4543
f 4541 4544 4491
f 4441 4493 4543
f 4543 4493 4544
f 4544 4446 4491
f 4544 4493 4446
f 4285 4494 4542
f 4194 4545 4494
f 4245 4545 4194
f 4245 4495 4545
f 4345 4246 4495
f 4395 4448 4496
f 4397 4497 4498
f 4394 4449 4546
f 4399 4450 4350
f 4451 4547 4399
f 4500 4548 4453
f 4452 4548 4500
f 4452 4398 4499
f 4451 4400 4549
f 4400 4402 4549
f 4550 4452 4499
f 4453 4551 4501
f 4403 4502 4402
f 4352 4404 4457
f 4552 4504 4503
f 4458 4504 4552
f 4553 4456 4458
f 4505 4456 4553
f 4503 4459 4552
f 4552 4510 4458
f 4458 4510 4553
f 4553 4507 4505
f 4459 4509 4552
f 4552 4509 4510
f 4510 4554 4553
f 4554 4462 4507
f 4553 4554 4507
f 4510 4464 4554
f 4554 4464 4462
f 4457 4511 4367
f 4512 4555 4556
f 4512 4557 4555
f 4558 4512 4556
f 4512 4559 4557
f 4512 4558 4559
f 4508 4421 4560
f 4513 4370 4369
f 4465 4561 4421
f 4560 4421 4561
f 4561 4465 4514
f 4561 4514 4562
f 4517 4562 4514
f 4515 4519 4563
f 4515 4564 4516
f 4515 4563 4564
f 4516 4564 4518
f 4518 4564 4565
f 4565 4520 4518
f 4517 4566 4562
f 4566 4567 4562
f 4519 4568 4563
f 4565 4521 4520
f 4475 4566 4517
f 4479 4568 4519
f 4475 4569 4566
f 4475 4524 4569
f 4563 4568 4570
f 4523 4521 4571
f 4479 4526 4568
f 4568 4526 4570
f 4527 4380 4477
f 4571 4525 4523
f 4526 4529 4570
f 4571 4572 4525
f 4524 4528 4569
f 4569 4528 4573
f 4570 4529 4574
f 4524 4482 4528
f 4572 4530 4525
f 4380 4527 4575
f 4575 4328 4380
f 4574 4532 4572
f 4572 4532 4530
f 4528 4531 4573
f 4531 4576 4573
f 4574 4529 4533
f 4574 4533 4532
f 4328 4575 4387
f 4576 4531 4488
f 4577 4576 4488
f 4488 4437 4577
f 4578 4577 4437
f 4580 4579 4535
f 4336 4578 4437
f 4336 4542 4578
f 4535 4534 4582
f 4581 4536 4535
f 4581 4583 4536
f 4537 4231 4389
f 4584 4582 4534
f 4585 4536 4583
f 4534 4538 4584
f 4538 4586 4584
f 4536 4585 4539
f 4586 4539 4587
f 4587 4539 4585
f 4285 4542 4336
f 4538 4541 4586
f 4538 4540 4541
f 4586 4541 4539
f 4540 4543 4541
f 4289 4288 4442
f 4146 4447 4588
f 4448 4146 4588
f 4496 4589 4497
f 4498 4590 4449
f 4449 4591 4546
f 4394 4546 4346
f 4346 4546 4592
f 4346 4592 4246
f 4451 4549 4547
f 4499 4593 4550
f 4594 4450 4399
f 4548 4551 4453
f 4548 4595 4551
f 4548 4452 4550
f 4593 4499 4450
f 4506 4596 4502
f 4511 4457 4404
f 4598 4555 4557
f 4555 4598 4556
f 4560 4597 4508
f 4556 4598 4558
f 4598 4557 4559
f 4598 4559 4558
f 4601 4599 4600
f 4602 4599 4601
f 4602 4601 4603
f 4604 4602 4603
f 4561 4605 4560
f 4606 4561 4562
f 4562 4607 4606
f 4562 4567 4607
f 4564 4608 4565
f 4564 4563 4608
f 4608 4521 4565
f 4567 4566 4609
f 4563 4610 4608
f 4607 4567 4609
f 4608 4610 4571
f 4571 4521 4608
f 4570 4610 4563
f 4569 4609 4566
f 4607 4609 4611
f 4569 4573 4609
f 4609 4576 4611
f 4570 4574 4610
f 4610 4572 4571
f 4609 4573 4576
f 4610 4574 4572
f 4579 4612 4613
f 4580 4614 4579
f 4580 4615 4614
f 4579 4613 4616
f 4617 4615 4580
f 4616 4535 4579
f 4580 4618 4617
f 4535 4618 4580
f 4581 4535 4616
f 4616 4619 4581
f 4535 4621 4618
f 4621 4535 4620
f 4622 4535 4582
f 4622 4620 4535
f 4620 4622 4623
f 4582 4584 4622
f 4583 4624 4585
f 4622 4584 4586
f 4623 4622 4586
f 4623 4586 4625
f 4626 4586 4587
f 4626 4625 4586
f 4624 4587 4585
f 4626 4587 4624
f 4494 4627 4542
f 4630 4628 4495
f 4628 4545 4495
f 4629 4448 4588
f 4629 4496 4448
f 4631 4497 4589
f 4590 4497 4631
f 4590 4498 4497
f 4246 4592 4630
f 4495 4246 4630
f 4449 4632 4591
f 4594 4634 4450
f 4633 4399 4547
f 4549 4633 4547
f 4550 4595 4548
f 4593 4635 4550
f 4549 4636 4633
f 4402 4636 4549
f 4595 4550 4635
f 4637 4636 4402
f 4551 4638 4501
f 4402 4502 4637
f 4638 4454 4501
f 4638 4404 4454
f 4639 4511 4404
f 4508 4597 4506
f 4640 4600 4599
f 4640 4641 4600
f 4600 4641 4601
f 4642 4601 4641
f 4602 4640 4599
f 4603 4601 4642
f 4513 4372 4370
f 4602 4643 4640
f 4603 4642 4644
f 4604 4643 4602
f 4603 4644 4604
f 4604 4646 4643
f 4604 4647 4646
f 4648 4604 4644
f 4561 4649 4605
f 4645 4428 4372
f 4604 4650 4647
f 4606 4649 4561
f 4650 4604 4648
f 4645 4522 4428
f 4606 4651 4649
f 4607 4651 4606
f 4651 4607 4652
f 4652 4607 4611
f 4653 4527 4477
f 4576 4652 4611
f 4654 4527 4653
f 4654 4575 4527
f 4612 4655 4656
f 4612 4656 4657
f 4577 4652 4576
f 4612 4657 4659
f 4614 4658 4655
f 4579 4655 4612
f 4577 4578 4652
f 4660 4387 4575
f 4614 4655 4579
f 4613 4612 4659
f 4615 4661 4614
f 4660 4389 4387
f 4615 4662 4661
f 4615 4664 4662
f 4617 4664 4615
f 4663 4616 4613
f 4619 4616 4663
f 4664 4617 4618
f 4621 4664 4618
f 4619 4621 4620
f 4620 4666 4619
f 4620 4623 4666
f 4581 4619 4666
f 4666 4583 4581
f 4583 4666 4667
f 4537 4389 4660
f 4666 4623 4668
f 4624 4583 4667
f 4668 4623 4625
f 4626 4668 4625
f 4624 4667 4626
f 4626 4667 4668
f 4494 4669 4627
f 4494 4545 4669
f 4670 4447 4289
f 4590 4632 4449
f 4591 4592 4546
f 4671 4496 4629
f 4496 4671 4589
f 4399 4633 4594
f 4672 4551 4595
f 4634 4593 4450
f 4673 4595 4635
f 4551 4674 4638
f 4551 4672 4674
f 4640 4675 4641
f 4675 4642 4641
f 4640 4677 4675
f 4640 4643 4677
f 4675 4644 4642
f 4372 4676 4645
f 4643 4646 4677
f 4677 4644 4675
f 4678 4646 4647
f 4679 4646 4678
f 4646 4679 4680
f 4646 4680 4677
f 4681 4644 4677
f 4685 4684 4683
f 4685 4683 4682
f 4686 4678 4647
f 4648 4644 4681
f 4687 4648 4681
f 4648 4687 4688
f 4689 4683 4684
f 4647 4690 4686
f 4690 4647 4691
f 4691 4647 4650
f 4648 4688 4692
f 4693 4690 4691
f 4694 4691 4650
f 4694 4650 4648
f 4694 4648 4692
f 4694 4693 4691
f 4694 4692 4696
f 4693 4694 4697
f 4695 4690 4693
f 4694 4696 4698
f 4699 4695 4693
f 4698 4697 4694
f 4653 4477 4522
f 4700 4693 4697
f 4700 4697 4698
f 4700 4699 4693
f 4703 4699 4700
f 4701 4700 4698
f 4701 4698 4704
f 4656 4700 4701
f 4656 4701 4657
f 4655 4700 4656
f 4705 4575 4654
f 4658 4703 4700
f 4657 4701 4704
f 4706 4703 4658
f 4655 4658 4700
f 4659 4657 4704
f 4708 4706 4658
f 4578 4707 4652
f 4709 4706 4708
f 4614 4708 4658
f 4661 4709 4614
f 4614 4709 4708
f 4711 4659 4710
f 4711 4613 4659
f 4661 4712 4709
f 4712 4661 4662
f 4663 4711 4713
f 4613 4711 4663
f 4542 4665 4578
f 4712 4662 4664
f 4712 4664 4714
f 4712 4714 4713
f 4713 4714 4663
f 4714 4619 4663
f 4714 4664 4621
f 4714 4621 4619
f 4668 4667 4666
f 4715 4665 4542
f 4627 4715 4542
f 4670 4442 4537
f 4670 4289 4442
f 4545 4628 4717
f 4447 4670 4588
f 4720 4719 4630
f 4722 4723 4631
f 4718 4632 4723
f 4720 4592 4718
f 4589 4671 4721
f 4589 4721 4631
f 4590 4631 4723
f 4590 4723 4632
f 4632 4718 4591
f 4591 4718 4592
f 4592 4720 4630
f 4593 4724 4635
f 4593 4634 4724
f 4595 4673 4672
f 4673 4635 4725
f 4637 4502 4726
f 4639 4404 4638
f 4596 4726 4502
f 4506 4727 4596
f 4728 4511 4639
f 4597 4727 4506
f 4729 4511 4728
f 4729 4513 4511
f 4513 4729 4676
f 4560 4730 4597
f 4372 4513 4676
f 4605 4730 4560
f 4732 4685 4731
f 4733 4677 4680
f 4733 4681 4677
f 4682 4731 4685
f 4684 4685 4732
f 4732 4734 4684
f 4736 4679 4678
f 4686 4736 4678
f 4738 4737 4687
f 4738 4687 4681
f 4684 4734 4739
f 4735 4739 4734
f 4739 4735 4740
f 4740 4735 4736
f 4740 4736 4686
f 4687 4737 4688
f 4682 4683 4741
f 4739 4689 4684
f 4690 4740 4686
f 4688 4737 4742
f 4651 4743 4649
f 4741 4683 4744
f 4689 4744 4683
f 4744 4689 4745
f 4745 4689 4739
f 4746 4740 4690
f 4688 4742 4692
f 4739 4747 4745
f 4692 4742 4748
f 4747 4739 4749
f 4749 4739 4740
f 4749 4740 4746
f 4750 4522 4645
f 4695 4746 4690
f 4751 4692 4748
f 4695 4749 4746
f 4751 4696 4692
f 4751 4752 4696
f 4749 4695 4754
f 4755 4696 4752
f 4698 4696 4755
f 4652 4753 4651
f 4652 4702 4753
f 4754 4695 4756
f 4754 4756 4757
f 4699 4756 4695
f 4758 4698 4755
f 4703 4756 4699
f 4704 4698 4758
f 4760 4759 4756
f 4758 4761 4704
f 4760 4756 4703
f 4762 4760 4763
f 4763 4760 4703
f 4652 4707 4702
f 4706 4763 4703
f 4764 4704 4761
f 4575 4705 4765
f 4766 4762 4763
f 4766 4763 4767
f 4767 4763 4706
f 4764 4659 4704
f 4710 4659 4764
f 4767 4706 4768
f 4706 4709 4768
f 4765 4660 4575
f 4770 4768 4709
f 4712 4769 4770
f 4711 4769 4712
f 4769 4711 4710
f 4770 4709 4712
f 4712 4713 4711
f 4669 4715 4627
f 4670 4537 4716
f 4545 4717 4669
f 4719 4717 4628
f 4719 4628 4630
f 4723 4722 4771
f 4723 4771 4718
f 4631 4721 4722
f 4634 4594 4724
f 4636 4772 4633
f 4725 4635 4724
f 4724 4594 4773
f 4772 4594 4633
f 4773 4594 4772
f 4774 4772 4636
f 4672 4775 4674
f 4776 4775 4672
f 4673 4776 4672
f 4673 4777 4776
f 4777 4673 4725
f 4778 4725 4724
f 4778 4724 4773
f 4637 4774 4636
f 4726 4774 4637
f 4779 4638 4674
f 4779 4674 4775
f 4779 4639 4638
f 4780 4639 4779
f 4596 4727 4726
f 4780 4728 4639
f 4781 4731 4682
f 4731 4782 4732
f 4731 4781 4782
f 4734 4732 4782
f 4679 4736 4735
f 4679 4733 4680
f 4681 4733 4738
f 4682 4741 4781
f 4782 4781 4784
f 4782 4784 4734
f 4785 4735 4734
f 4735 4785 4786
f 4735 4787 4679
f 4679 4787 4733
f 4733 4788 4738
f 4737 4738 4783
f 4781 4741 4784
f 4785 4734 4784
f 4735 4786 4789
f 4735 4789 4787
f 4733 4787 4788
f 4737 4783 4790
f 4784 4741 4744
f 4784 4744 4745
f 4784 4745 4791
f 4789 4792 4787
f 4790 4742 4737
f 4747 4791 4745
f 4791 4789 4786
f 4789 4793 4792
f 4793 4794 4792
f 4742 4795 4748
f 4742 4790 4795
f 4791 4796 4789
f 4791 4747 4796
f 4789 4796 4793
f 4794 4748 4795
f 4796 4747 4749
f 4793 4796 4797
f 4793 4798 4794
f 4793 4797 4798
f 4794 4798 4799
f 4794 4799 4748
f 4799 4751 4748
f 4801 4802 4749
f 4749 4802 4796
f 4796 4802 4797
f 4800 4804 4803
f 4754 4800 4801
f 4804 4800 4754
f 4749 4754 4801
f 4751 4805 4752
f 4807 4803 4804
f 4806 4803 4807
f 4808 4752 4805
f 4809 4804 4754
f 4812 4755 4752
f 4812 4752 4810
f 4813 4807 4804
f 4750 4653 4522
f 4813 4804 4809
f 4757 4809 4754
f 4811 4806 4814
f 4813 4806 4807
f 4814 4806 4813
f 4814 4813 4815
f 4816 4809 4757
f 4817 4758 4755
f 4756 4818 4757
f 4818 4816 4757
f 4758 4817 4820
f 4759 4818 4756
f 4818 4759 4819
f 4819 4822 4823
f 4819 4823 4820
f 4821 4654 4653
f 4760 4824 4759
f 4759 4824 4819
f 4820 4823 4826
f 4820 4826 4758
f 4827 4761 4758
f 4826 4827 4758
f 4824 4825 4819
f 4826 4823 4828
f 4827 4829 4761
f 4831 4760 4762
f 4760 4831 4824
f 4819 4825 4822
f 4707 4830 4702
f 4831 4762 4766
f 4831 4766 4824
f 4823 4822 4832
f 4823 4833 4828
f 4761 4829 4764
f 4824 4766 4834
f 4824 4834 4825
f 4823 4832 4833
f 4766 4767 4768
f 4825 4834 4822
f 4822 4834 4832
f 4835 4710 4764
f 4835 4833 4710
f 4578 4830 4707
f 4766 4768 4834
f 4832 4834 4769
f 4832 4769 4833
f 4833 4769 4710
f 4768 4770 4834
f 4834 4770 4769
f 4665 4715 4836
f 4837 4537 4660
f 4716 4537 4837
f 4669 4838 4715
f 4669 4717 4838
f 4839 4588 4670
f 4839 4840 4588
f 4629 4588 4840
f 4629 4840 4847
f 4841 4722 4721
f 4842 4771 4722
f 4842 4722 4841
f 4771 4842 4843
f 4771 4843 4845
f 4845 4843 4844
f 4720 4846 4719
f 4671 4629 4847
f 4671 4847 4721
f 4771 4845 4718
f 4718 4845 4720
f 4720 4845 4846
f 4725 4778 4777
f 4848 4778 4773
f 4848 4773 4849
f 4779 4775 4850
f 4776 4777 4851
f 4773 4772 4849
f 4726 4853 4774
f 4779 4850 4854
f 4779 4854 4780
f 4726 4727 4853
f 4597 4730 4727
f 4605 4855 4730
f 4649 4855 4605
f 4649 4743 4855
f 4788 4783 4738
f 4788 4790 4783
f 4791 4785 4784
f 4785 4791 4786
f 4787 4792 4788
f 4788 4792 4795
f 4788 4795 4790
f 4792 4794 4795
f 4802 4801 4800
f 4857 4856 4803
f 4803 4856 4800
f 4856 4858 4800
f 4800 4858 4802
f 4802 4859 4797
f 4797 4860 4798
f 4798 4860 4799
f 4799 4860 4861
f 4861 4751 4799
f 4751 4861 4805
f 4857 4803 4806
f 4861 4808 4805
f 4752 4808 4810
f 4857 4806 4811
f 4857 4811 4863
f 4862 4810 4808
f 4810 4862 4812
f 4814 4863 4811
f 4812 4864 4755
f 4812 4862 4864
f 4813 4865 4815
f 4813 4809 4865
f 4865 4809 4816
f 4864 4817 4755
f 4821 4653 4750
f 4819 4866 4818
f 4866 4819 4820
f 4866 4820 4817
f 4821 4705 4654
f 4826 4867 4827
f 4826 4828 4867
f 4867 4829 4827
f 4821 4765 4705
f 4828 4835 4867
f 4828 4833 4835
f 4829 4835 4764
f 4867 4835 4829
f 4578 4836 4830
f 4665 4836 4578
f 4837 4660 4765
f 4868 4838 4717
f 4868 4717 4869
f 4721 4870 4841
f 4845 4844 4846
f 4846 4869 4719
f 4719 4869 4717
f 4840 4870 4847
f 4847 4870 4721
f 4871 4850 4775
f 4775 4776 4871
f 4777 4778 4852
f 4872 4778 4848
f 4848 4849 4873
f 4874 4849 4772
f 4853 4772 4774
f 4854 4850 4871
f 4871 4776 4851
f 4852 4851 4777
f 4872 4852 4778
f 4875 4780 4854
f 4875 4876 4780
f 4727 4877 4853
f 4876 4728 4780
f 4730 4877 4727
f 4876 4729 4728
f 4676 4729 4878
f 4878 4645 4676
f 4879 4645 4878
f 4651 4855 4743
f 4879 4750 4645
f 4753 4880 4651
f 4859 4802 4858
f 4881 4797 4859
f 4881 4860 4797
f 4882 4856 4857
f 4883 4856 4882
f 4856 4883 4858
f 4858 4883 4859
f 4860 4881 4884
f 4860 4884 4885
f 4860 4885 4861
f 4861 4886 4808
f 4885 4886 4861
f 4887 4808 4886
f 4862 4808 4887
f 4863 4882 4857
f 4883 4882 4888
f 4882 4863 4888
f 4887 4889 4862
f 4862 4889 4864
f 4702 4890 4753
f 4863 4814 4815
f 4888 4863 4815
f 4888 4815 4891
f 4865 4892 4891
f 4892 4865 4816
f 4892 4816 4818
f 4818 4866 4892
f 4893 4866 4817
f 4893 4817 4864
f 4893 4864 4889
f 4891 4815 4865
f 4894 4821 4750
f 4830 4890 4702
f 4837 4765 4821
f 4715 4838 4836
f 4895 4670 4716
f 4895 4839 4670
f 4895 4897 4839
f 4901 4844 4900
f 4869 4896 4868
f 4897 4840 4839
f 4903 4843 4842
f 4843 4903 4899
f 4843 4899 4844
f 4844 4901 4902
f 4844 4902 4846
f 4846 4902 4896
f 4846 4896 4869
f 4840 4897 4870
f 4870 4898 4841
f 4841 4898 4842
f 4852 4872 4904
f 4848 4873 4872
f 4873 4849 4905
f 4853 4874 4772
f 4871 4851 4906
f 4906 4851 4852
f 4907 4852 4904
f 4904 4872 4873
f 4854 4871 4875
f 4906 4852 4907
f 4908 4849 4874
f 4876 4875 4909
f 4878 4729 4876
f 4876 4909 4878
f 4880 4855 4651
f 4879 4911 4912
f 4912 4750 4879
f 4884 4859 4883
f 4884 4881 4859
f 4883 4914 4884
f 4884 4914 4885
f 4885 4914 4915
f 4915 4886 4885
f 4914 4916 4915
f 4915 4887 4886
f 4888 4892 4883
f 4883 4892 4914
f 4914 4892 4916
f 4915 4893 4887
f 4916 4893 4915
f 4753 4890 4913
f 4916 4892 4866
f 4916 4866 4893
f 4887 4893 4889
f 4888 4891 4892
f 4894 4837 4821
f 4830 4918 4917
f 4836 4918 4830
f 4919 4837 4894
f 4716 4837 4919
f 4836 4838 4918
f 4895 4920 4897
f 4899 4903 4924
f 4900 4921 4901
f 4901 4921 4922
f 4901 4922 4902
f 4898 4923 4924
f 4898 4924 4842
f 4924 4903 4842
f 4844 4899 4900
f 4870 4897 4923
f 4870 4923 4898
f 4849 4908 4905
f 4925 4875 4871
f 4925 4871 4906
f 4926 4904 4873
f 4926 4873 4905
f 4926 4907 4904
f 4928 4926 4905
f 4928 4905 4908
f 4853 4877 4874
f 4925 4906 4927
f 4927 4906 4907
f 4927 4907 4926
f 4929 4877 4730
f 4910 4878 4909
f 4930 4929 4730
f 4730 4855 4930
f 4910 4879 4878
f 4911 4879 4910
f 4855 4880 4930
f 4753 4913 4880
f 4912 4894 4750
f 4830 4917 4890
f 4931 4716 4919
f 4838 4932 4918
f 4931 4895 4716
f 4931 4920 4895
f 4935 4922 4934
f 4868 4933 4932
f 4838 4868 4932
f 4921 4934 4922
f 4900 4934 4921
f 4896 4922 4933
f 4868 4896 4933
f 4923 4936 4924
f 4924 4936 4937
f 4924 4937 4899
f 4899 4937 4934
f 4899 4934 4900
f 4902 4922 4896
f 4897 4936 4923
f 4927 4926 4938
f 4938 4926 4928
f 4938 4928 4939
f 4939 4928 4908
f 4940 4908 4874
f 4877 4940 4874
f 4941 4909 4875
f 4941 4875 4925
f 4941 4925 4942
f 4942 4925 4927
f 4943 4938 4939
f 4877 4929 4940
f 4909 4944 4910
f 4909 4941 4944
f 4945 4910 4944
f 4910 4945 4911
f 4912 4911 4946
f 4947 4913 4890
f 4948 4912 4946
f 4948 4894 4912
f 4890 4917 4947
f 4948 4919 4894
f 4949 4917 4918
f 4949 4918 4932
f 4953 4951 4952
f 4922 4935 4950
f 4936 4920 4951
f 4897 4920 4936
f 4936 4951 4953
f 4937 4953 4934
f 4934 4953 4954
f 4934 4954 4935
f 4922 4950 4933
f 4936 4953 4937
f 4938 4943 4955
f 4944 4941 4942
f 4955 4942 4927
f 4955 4927 4938
f 4956 4939 4908
f 4943 4939 4956
f 4956 4908 4940
f 4957 4956 4940
f 4929 4957 4940
f 4958 4942 4959
f 4959 4942 4955
f 4959 4955 4960
f 4960 4955 4943
f 4960 4943 4961
f 4961 4943 4956
f 4962 4957 4929
f 4930 4962 4929
f 4958 4944 4942
f 4958 4945 4944
f 4962 4930 4963
f 4880 4963 4930
f 4945 4964 4911
f 4880 4965 4963
f 4911 4964 4946
f 4913 4965 4880
f 4965 4913 4947
f 4966 4948 4946
f 4917 4967 4947
f 4967 4917 4949
f 4948 4966 4968
f 4931 4919 4968
f 4968 4919 4948
f 4970 4969 4971
f 4931 4968 4972
f 4932 4969 4949
f 4975 4973 4952
f 4973 4970 4971
f 4951 4972 4974
f 4951 4974 4975
f 4952 4973 4971
f 4935 4971 4950
f 4950 4971 4969
f 4950 4969 4933
f 4932 4933 4969
f 4972 4920 4931
f 4951 4975 4952
f 4952 4971 4954
f 4954 4971 4935
f 4920 4972 4951
f 4953 4952 4954
f 4956 4957 4961
f 4960 4976 4959
f 4960 4961 4977
f 4959 4978 4958
f 4978 4959 4976
f 4979 4976 4960
f 4979 4960 4977
f 4980 4961 4957
f 4977 4961 4980
f 4979 4977 4980
f 4981 4980 4957
f 4981 4957 4962
f 4982 4945 4958
f 4982 4958 4978
f 4982 4978 4983
f 4983 4978 4984
f 4984 4978 4976
f 4985 4976 4979
f 4985 4979 4980
f 4985 4980 4987
f 4987 4980 4986
f 4982 4964 4945
f 4982 4988 4964
f 4963 4981 4962
f 4963 4965 4981
f 4990 4987 4986
f 4981 4965 4991
f 4991 4965 4967
f 4947 4967 4965
f 4966 4946 4964
f 4964 4988 4992
f 4964 4992 4966
f 4968 4966 4992
f 4995 4993 4991
f 4995 4991 4967
f 4996 4997 5000
f 4998 5001 4997
f 4995 4994 4993
f 4968 4992 4999
f 5002 4999 4996
f 5002 4996 5000
f 5001 5000 4997
f 4995 4967 4949
f 4974 4968 4999
f 4998 4994 4970
f 4970 4994 4969
f 4969 4994 4995
f 4974 4999 5002
f 5002 5000 5001
f 4949 4969 4995
f 4972 4968 4974
f 4970 5001 4998
f 4975 4974 5002
f 4975 5002 4973
f 4973 5002 5001
f 4973 5001 4970
f 5003 4980 4981
f 4976 4985 4984
f 4986 4980 5003
f 5004 4988 4982
f 5004 4982 4989
f 4989 4982 4983
f 5005 4985 4987
f 5005 4984 4985
f 5003 4990 4986
f 4990 5003 4993
f 4991 5003 4981
f 4983 4984 5006
f 4988 5004 5007
f 5007 5004 4989
f 5005 4987 4990
f 4993 5003 4991
f 5006 4984 5005
f 4989 4983 5006
f 5006 5005 5008
f 5009 5005 4990
f 4992 4988 5007
f 5007 4989 5006
f 5009 4990 4993
f 5008 5005 5009
f 4996 5007 5006
f 5010 5006 5008
f 4997 5006 5010
f 5010 5008 5009
f 4999 4992 5007
f 4999 5007 4996
f 4996 5006 4997
f 5010 5009 4998
f 4994 5009 4993
f 4997 5010 4998
f 4998 5009 4994

