# https://github.com/mikedh/trimesh
mtllib object_0.mtl
usemtl material_0
v -0.02778600 -0.00643375 0.01950317
v -0.02762776 -0.00635791 0.02067299
v -0.02769769 -0.00606154 -0.04422725
v -0.02793116 -0.00358465 -0.04340103
v -0.02735751 -0.00708703 -0.04199382
v -0.02757628 -0.00587061 -0.04105821
v -0.02762825 -0.00619289 0.00917259
v -0.02742978 -0.00690793 0.01386380
v -0.02763610 -0.00517724 -0.04494848
v -0.02762920 -0.00545754 -0.03719702
v -0.02753101 -0.00599183 -0.02456106
v -0.02762706 -0.00497592 -0.01580341
v -0.02755569 -0.00619215 -0.01343870
v -0.02758609 -0.00554378 -0.00776649
v -0.02762408 -0.00538123 -0.00469960
v -0.02762122 -0.00515043 -0.00077678
v -0.02769250 -0.00542086 0.00256987
v -0.02760061 -0.00558700 0.00462056
v -0.02808867 -0.00358093 0.00957303
v -0.02762965 -0.00516221 0.01156886
v -0.02802709 -0.00358027 0.01473478
v -0.02764366 -0.00323645 0.02178355
v -0.02762450 -0.00355913 -0.04021193
v -0.02788558 -0.00377519 -0.03742206
v -0.02765289 -0.00458806 -0.03582228
v -0.02764974 -0.00386497 -0.03193167
v -0.02763984 -0.00435349 -0.02861735
v -0.02798519 -0.00248419 -0.02688189
v -0.02800086 -0.00318381 -0.02022340
v -0.02792028 -0.00318237 -0.01664208
v -0.02806372 -0.00298413 -0.01175083
v -0.02763447 -0.00476766 -0.01008201
v -0.02803325 -0.00328108 0.00024115
v -0.02814375 -0.00278836 0.00280307
v -0.02835948 -0.00278625 0.01953786
v -0.02819781 -0.00119944 -0.02985737
v -0.02813492 -0.00278842 -0.00516203
v -0.02831042 -0.00238341 0.02032942
v -0.02828490 -0.00040415 -0.03702562
v -0.02824993 -0.00020595 -0.02547561
v -0.02822669 -0.00000773 -0.01651388
v -0.02822260 -0.00239192 0.00997495
v -0.02817275 -0.00239066 0.01485283
v -0.02821737 -0.00109947 -0.04200712
v -0.02829151 -0.00080275 -0.01307799
v -0.02836503 0.00078724 -0.00556096
v -0.02830762 -0.00000786 0.00280463
v -0.02816275 0.00058562 -0.04419849
v -0.02828904 0.00078669 -0.03663004
v -0.02832490 -0.00040403 -0.02149256
v -0.02826065 -0.00000783 -0.01073825
v -0.02835368 0.00098570 0.01037260
v -0.02824187 0.00158166 0.01395702
v -0.02836666 0.00197945 0.01993425
v -0.02810268 0.00087168 0.02107909
v -0.02765029 0.00118665 -0.04576314
v -0.02820613 0.00038696 -0.04110795
v -0.02831765 0.00237616 0.00280465
v -0.02818013 0.00108174 -0.03129485
v -0.02807131 0.00158029 -0.03979183
v -0.02811016 0.00147916 -0.02566278
v -0.02828683 0.00118354 -0.02189190
v -0.02804180 0.00177229 -0.01650816
v -0.02817765 0.00276344 -0.01311926
v -0.02812431 0.00207558 -0.01023144
v -0.02817919 0.00227211 -0.00176192
v -0.02796305 0.00302956 -0.04359280
v -0.02773754 0.00426691 -0.03664891
v -0.02771394 0.00396610 -0.02937617
v -0.02763302 0.00437092 -0.01531356
v -0.02831111 0.00237056 -0.00474916
v -0.02831549 0.00237593 0.01037254
v -0.02762201 0.00554820 -0.04449611
v -0.02762540 0.00347454 -0.04001442
v -0.02760590 0.00350530 -0.03306131
v -0.02762353 0.00348417 -0.02700861
v -0.02760301 0.00349000 -0.01792452
v -0.02817130 0.00355711 0.00282615
v -0.02809830 0.00316537 0.01399010
v -0.02766820 0.00425017 -0.04201793
v -0.02765411 0.00553338 -0.02311144
v -0.02759861 0.00560011 -0.01230763
v -0.02774912 0.00481161 -0.00577983
v -0.02799285 0.00375800 -0.00347923
v -0.02762480 0.00508587 -0.00037790
v -0.02779610 0.00455443 0.00824119
v -0.02789297 0.00469850 0.01034794
v -0.02798877 0.00535859 0.01871086
v -0.02792743 0.00549458 0.02030740
v -0.02766722 0.00505025 0.02139758
v -0.02757667 0.00593452 -0.03746430
v -0.02762304 0.00594191 -0.02148793
v -0.02777375 0.00519555 0.00261433
v -0.02762807 0.00536683 0.00497156
v -0.02762283 0.00512655 0.01376603
v -0.02760963 0.00633790 -0.04257709
v -0.02761102 0.00590335 -0.02980677
v -0.02765923 0.00637997 0.02073079
v -0.02746175 0.00674463 -0.00710496
v -0.02755830 0.00635407 0.00092404
v -0.02749070 0.00671686 0.00864981
v -0.02759286 0.00671905 0.01611555
v -0.02752402 0.00744303 0.01920335
v -0.02668122 -0.00907748 -0.03709407
v -0.02724050 -0.00754291 -0.03505218
v -0.02677119 -0.00852525 -0.03363732
v -0.02698620 -0.00798769 -0.01465024
v -0.02732943 -0.00714910 -0.01077494
v -0.02687294 -0.00819563 -0.00990388
v -0.02688780 -0.00835650 -0.00297358
v -0.02682399 -0.00860967 0.00081306
v -0.02704805 -0.00827375 0.00319048
v -0.02680822 -0.00827994 0.00759302
v -0.02698817 -0.00833694 0.01024685
v -0.02685036 -0.00839555 0.01796277
v -0.02688032 -0.00861714 0.01987133
v -0.02690159 -0.00810154 -0.04376596
v -0.02685820 -0.00661457 -0.04559001
v -0.02676000 -0.00834658 -0.03937861
v -0.02740599 -0.00675964 -0.03795864
v -0.02746253 -0.00675622 -0.02990408
v -0.02691461 -0.00811610 -0.02880621
v -0.02678385 -0.00833707 -0.02405386
v -0.02730202 -0.00715309 -0.02300356
v -0.02687862 -0.00813287 -0.01903891
v -0.02696866 -0.00790906 -0.00547085
v -0.02737458 -0.00715520 0.00116930
v -0.02738792 -0.00693328 0.00682695
v -0.02680743 -0.00828799 0.01359177
v -0.02664535 -0.00783022 0.02161844
v -0.02755832 -0.00596191 -0.03127017
v -0.02741847 -0.00655574 -0.01868453
v -0.02739295 -0.00675555 -0.00482151
v -0.02638728 -0.00526636 0.02321538
v -0.02682119 -0.00387023 -0.04652742
v -0.02605454 -0.00362785 0.02421872
v -0.02685785 -0.00052280 0.02328237
v -0.02642785 0.00181282 -0.04711221
v -0.02701053 0.00175918 -0.04660465
v -0.02607310 0.00277130 0.02435873
v -0.02698555 0.00499569 -0.04604699
v -0.02750850 0.00594376 -0.02625259
v -0.02746149 0.00634365 -0.03241976
v -0.02755474 0.00594543 -0.01748762
v -0.02659985 0.00646178 0.02259372
v -0.02659822 0.00731851 -0.04578993
v -0.02744346 0.00633020 -0.04018964
v -0.02748239 0.00634610 -0.00392825
v -0.02669728 0.00876377 -0.04435459
v -0.02744068 0.00674686 -0.02946631
v -0.02743370 0.00678391 -0.02343083
v -0.02741367 0.00674144 -0.01453948
v -0.02734118 0.00710631 0.00541066
v -0.02731882 0.00717206 0.01233873
v -0.02682879 0.00831400 -0.04261608
v -0.02682627 0.00807376 -0.03982598
v -0.02682052 0.00817097 -0.03318620
v -0.02669107 0.00833460 -0.02671294
v -0.02682775 0.00830727 -0.01394116
v -0.02673229 0.00833396 -0.01037680
v -0.02679288 0.00831512 -0.00360562
v -0.02720546 0.00752491 0.00164852
v -0.02678715 0.00829921 -0.02280848
v -0.02675966 0.00833827 -0.01754799
v -0.02682850 0.00831331 0.00219508
v -0.02674029 0.00872396 0.00619291
v -0.02671199 0.00899714 0.01137899
v -0.02683752 0.00835420 0.01336066
v -0.02688969 0.00853405 0.02064276
v -0.02666253 0.00971215 0.01995160
v -0.02569839 -0.01136160 -0.04417625
v -0.02612517 -0.01088169 -0.04260933
v -0.02594703 -0.01092702 -0.03921683
v -0.02647494 -0.00978529 -0.01460496
v -0.02611656 -0.01081384 -0.00679314
v -0.02646355 -0.00973338 -0.00371642
v -0.02648479 -0.00986661 0.00166419
v -0.02640249 -0.00991215 0.00496161
v -0.02608331 -0.01074435 0.01100240
v -0.02627306 -0.01046435 0.01670965
v -0.02526587 -0.01235716 0.01655197
v -0.02643979 -0.01033912 0.01922078
v -0.02566689 -0.01205873 0.01958484
v -0.02605697 -0.01100781 0.02041376
v -0.02611202 -0.00959098 -0.04544868
v -0.02650933 -0.00982873 -0.04334733
v -0.02600546 -0.01053227 -0.03459307
v -0.02599057 -0.01049704 -0.02805066
v -0.02604139 -0.01063618 -0.02551747
v -0.02620559 -0.01027973 -0.02142524
v -0.02601761 -0.01058859 -0.01737299
v -0.02630892 -0.00991546 -0.01167080
v -0.02654280 -0.00951860 0.00790206
v -0.02651497 -0.00954282 0.01255819
v -0.02569418 -0.01071518 0.02149920
v -0.02607916 -0.00686310 -0.04663998
v -0.02595169 -0.00362559 -0.04746663
v -0.02601785 0.00435989 0.02422639
v -0.02546969 0.00587395 -0.04742920
v -0.02599223 0.00786847 -0.04653818
v -0.02664011 0.00873152 -0.03693890
v -0.02614237 0.00948729 0.02194049
v -0.02611294 0.00971018 -0.04545943
v -0.02598265 0.01071165 -0.02748327
v -0.02610549 0.01079629 -0.02185844
v -0.02644393 0.00985390 -0.02151246
v -0.02613358 0.01027871 -0.01858295
v -0.02646785 0.00978745 -0.01477944
v -0.02620751 0.00999823 -0.01021718
v -0.02649558 0.00951028 -0.00602664
v -0.02653593 0.00952097 -0.00111585
v -0.02659877 0.00972013 0.01560914
v -0.02619545 0.01074792 -0.04269717
v -0.02621744 0.01029231 -0.03843938
v -0.02604480 0.01068939 -0.03305169
v -0.02633952 0.01011683 0.00236243
v -0.02643145 0.00993417 0.00685440
v -0.02632116 0.01033761 0.01027957
v -0.02605629 0.01071289 0.02108424
v -0.02573707 0.01158799 -0.04360795
v -0.02536682 0.01192574 -0.03604014
v -0.02550675 0.01171369 -0.00756647
v -0.02608390 0.01098305 -0.00020792
v -0.02613364 0.01084216 0.00840042
v -0.02587528 0.01115287 0.01371119
v -0.02634742 0.01073428 0.01934119
v -0.02528001 0.01233589 0.01555553
v -0.02545018 0.01238801 0.01985907
v -0.02522264 -0.01225322 -0.04020477
v -0.02514099 -0.01272061 -0.00700174
v -0.02524262 -0.01229466 0.00838766
v -0.02524089 -0.01228478 0.01159007
v -0.02521131 -0.01223477 -0.03487400
v -0.02524069 -0.01224368 -0.02589591
v -0.02488720 -0.01292499 -0.01745357
v -0.02522947 -0.01227237 -0.01390026
v -0.02521734 -0.01220887 -0.00439975
v -0.02523837 -0.01228434 -0.00035446
v -0.02526393 -0.01209826 0.00369331
v -0.02475206 -0.01086145 -0.04656427
v -0.02532734 -0.00840397 0.02356000
v -0.02359979 -0.01153257 -0.04734282
v -0.02519997 -0.00639386 -0.04739877
v -0.02470048 -0.00593372 0.02540253
v -0.02429554 -0.00212449 0.02655745
v -0.02523458 0.00341628 -0.04771824
v -0.02436771 0.00154685 0.02652271
v -0.02441171 0.00595020 0.02582565
v -0.02452134 0.01156618 -0.04667551
v -0.02505459 0.00878558 0.02390764
v -0.02538975 0.01023695 0.02265037
v -0.02523432 0.01217765 -0.02392507
v -0.02413118 0.01395800 0.02150789
v -0.02477804 0.01264822 -0.04539497
v -0.02524301 0.01227735 -0.04043201
v -0.02508634 0.01254033 -0.02877617
v -0.02537845 0.01189335 -0.01901064
v -0.02523303 0.01226211 -0.01395248
v -0.02525412 0.01229585 0.00160334
v -0.02526321 0.01231400 0.01027284
v -0.02523635 0.01227429 -0.00238388
v -0.02448053 -0.01375034 -0.04464823
v -0.02460596 -0.01393332 -0.04331551
v -0.02457795 -0.01407351 -0.03766575
v -0.02452248 -0.01398483 -0.03427323
v -0.02432718 -0.01400199 -0.02727165
v -0.02453975 -0.01399586 -0.02312815
v -0.02460494 -0.01375716 -0.02021512
v -0.02453394 -0.01404520 -0.01358866
v -0.02450694 -0.01432248 -0.00734924
v -0.02450153 -0.01395965 -0.00438489
v -0.02459754 -0.01409114 -0.00200558
v -0.02450303 -0.01433646 0.00100759
v -0.02486515 -0.01350933 0.00127117
v -0.02449977 -0.01426985 0.00858876
v -0.02450198 -0.01431816 0.01375667
v -0.02442512 -0.01427661 0.01693252
v -0.02451705 -0.01442262 0.01934019
v -0.02379018 -0.01525025 0.02035684
v -0.02450187 -0.01382081 0.02106139
v -0.02408418 -0.01360897 -0.04573217
v -0.02379359 -0.01314213 0.02285718
v -0.02327171 -0.01098155 0.02491588
v -0.02443110 -0.00596705 -0.04772231
v -0.02447187 -0.00158940 -0.04794085
v -0.02442065 0.00630327 -0.04777500
v -0.02406057 0.00885940 -0.04763530
v -0.02368329 0.01139277 -0.04740554
v -0.02346070 0.01054690 0.02495357
v -0.02488321 0.01308540 0.00519160
v -0.02458756 0.01393980 -0.04385045
v -0.02453872 0.01402699 -0.03718530
v -0.02431529 0.01410412 -0.03478054
v -0.02427358 0.01431251 -0.03011275
v -0.02456950 0.01372897 -0.02294378
v -0.02410007 0.01443333 -0.01735333
v -0.02454151 0.01399056 -0.01387642
v -0.02423746 0.01427814 -0.01070161
v -0.02453910 0.01399130 -0.00511341
v -0.02443157 0.01398742 -0.00113764
v -0.02444081 0.01413175 0.01086747
v -0.02459410 0.01407253 0.01558022
v -0.02447644 0.01429775 0.01886171
v -0.02440034 0.01424801 0.00204549
v -0.02426457 0.01429040 0.00628696
v -0.02448821 0.01417632 0.02040759
v -0.02426432 0.01457016 -0.04092083
v -0.02315933 -0.01565417 -0.04479818
v -0.02343696 -0.01562904 -0.04222178
v -0.02412279 -0.01468145 -0.03431494
v -0.02389900 -0.01496995 -0.03049630
v -0.02287730 -0.01627443 -0.02746504
v -0.02399404 -0.01487280 -0.01974687
v -0.02358620 -0.01543851 -0.01581188
v -0.02329290 -0.01609562 -0.00785074
v -0.02386315 -0.01507727 -0.00534376
v -0.02362851 -0.01545661 0.00152188
v -0.02319641 -0.01615358 0.00749533
v -0.02328267 -0.01589646 0.01223037
v -0.02313013 -0.01481127 0.02225431
v -0.02327370 -0.00833907 -0.04784259
v -0.02235901 -0.00888075 0.02712558
v -0.02369059 -0.00558174 -0.04775894
v -0.02346901 -0.00535065 0.02721214
v -0.02369029 -0.00279576 -0.04785258
v -0.02364629 -0.00151598 0.02765435
v -0.02368854 0.00151977 -0.04778538
v -0.02374410 0.00105879 0.02771808
v -0.02363266 0.00274383 0.02739040
v -0.02315512 0.00560951 0.02756382
v -0.02329628 0.00595070 -0.04772709
v -0.02211008 0.01040344 0.02663865
v -0.02255317 0.01298329 0.02446754
v -0.02343196 0.01369329 -0.04660528
v -0.02345606 0.01500552 -0.04544406
v -0.02303090 0.01605730 -0.02753580
v -0.02290567 0.01654093 -0.02490608
v -0.02337885 0.01572590 -0.02010850
v -0.02355833 0.01543099 -0.00327408
v -0.02248790 0.01720323 0.00908450
v -0.02306460 0.01596755 -0.04455787
v -0.02217098 0.01749524 -0.03888382
v -0.02270636 0.01671208 -0.03411734
v -0.02326973 0.01587502 -0.00598752
v -0.02283096 0.01668113 0.00008484
v -0.02206022 0.01776772 0.00563690
v -0.02327452 0.01606363 0.01637577
v -0.02325444 0.01605968 0.01988085
v -0.02200703 -0.01782458 -0.03980034
v -0.02207570 -0.01784204 -0.03784145
v -0.02269450 -0.01695932 -0.02339664
v -0.02163921 -0.01826336 -0.01986622
v -0.02204821 -0.01778432 -0.01734285
v -0.02284241 -0.01651434 -0.01227879
v -0.02238738 -0.01735039 -0.00955290
v -0.02204828 -0.01779698 -0.00479211
v -0.02206735 -0.01783701 0.00179210
v -0.02291396 -0.01671542 0.00897295
v -0.02210431 -0.01783130 0.01731745
v -0.02129815 -0.01784659 0.02178085
v -0.02282749 -0.01458673 -0.04658745
v -0.02122108 -0.01537847 -0.04733170
v -0.02249435 -0.01131048 -0.04781783
v -0.02231351 -0.00915030 -0.04783125
v -0.02302203 -0.00419097 0.02872842
v -0.02286041 -0.00441097 -0.04737395
v -0.02270414 -0.00549028 0.02930168
v -0.02274600 -0.00472112 0.03069097
v -0.02346794 -0.00180136 0.02969510
v -0.02317462 -0.00153048 0.03147512
v -0.02346811 -0.00157365 0.03068101
v -0.02294841 -0.00203626 -0.04033050
v -0.02288786 -0.00199370 -0.03738797
v -0.02290239 -0.00243125 -0.03959156
v -0.02290686 -0.00249149 -0.03521008
v -0.02289447 -0.00202784 -0.03106338
v -0.02295163 -0.00204220 -0.02822724
v -0.02279581 -0.00255073 -0.02687026
v -0.02296501 -0.00201593 -0.02608883
v -0.02287889 -0.00205281 -0.02207407
v -0.02290729 -0.00204721 -0.02032297
v -0.02294086 -0.00217265 -0.01396661
v -0.02283464 -0.00206885 -0.01269000
v -0.02292830 -0.00205083 -0.00512474
v -0.02287309 -0.00268236 -0.00897975
v -0.02282511 -0.00189933 -0.00441818
v -0.02298809 -0.00161386 -0.00150819
v -0.02292939 -0.00269507 -0.00081430
v -0.02280824 -0.00256286 0.00317094
v -0.02292643 -0.00206162 0.00482238
v -0.02293403 -0.00204260 0.01394103
v -0.02290733 -0.00276170 0.00839229
v -0.02280800 -0.00260035 0.01574511
v -0.02296806 -0.00193820 0.01641876
v -0.02290852 0.00041341 -0.04022935
v -0.02299390 -0.00023258 -0.03519809
v -0.02292919 0.00203355 -0.01479892
v -0.02294090 0.00213263 -0.00988799
v -0.02299140 -0.00080189 0.00829418
v -0.02293604 0.00208565 0.01494577
v -0.02291938 0.00041180 0.01710157
v -0.02273576 0.00061083 -0.03725609
v -0.02285983 0.00108681 -0.00353607
v -0.02286573 0.00109250 0.00520856
v -0.02361050 -0.00001351 0.03030077
v -0.02310099 -0.00005732 0.03171231
v -0.02209856 0.00038389 -0.04737296
v -0.02285187 0.00199143 -0.03145411
v -0.02284339 0.00158332 -0.02910082
v -0.02291804 0.00213816 -0.02658103
v -0.02285044 0.00159489 -0.02130464
v -0.02294030 0.00205343 -0.00197748
v -0.02292930 0.00202655 0.00200370
v -0.02292536 0.00210644 0.00681448
v -0.02286069 0.00157659 0.01368423
v -0.02287209 0.00102752 -0.03558114
v -0.02293021 0.00204721 -0.01907764
v -0.02290758 0.00228159 0.01014572
v -0.02347678 0.00153706 0.03066438
v -0.02318905 0.00167009 0.03142893
v -0.02284399 0.00200281 -0.00550806
v -0.02270223 0.00215498 0.00489254
v -0.02293319 0.00206737 0.01638078
v -0.02245447 0.00377892 -0.04730656
v -0.02266014 0.00374821 0.03141329
v -0.02301237 0.00418746 0.02864150
v -0.02287263 0.00443507 0.03067332
v -0.02270560 0.00610663 0.02823484
v -0.02287565 0.00950576 -0.04781853
v -0.02249206 0.01323574 -0.04748817
v -0.02201437 0.01612575 0.02271856
v -0.02250169 0.01697817 -0.04253974
v -0.02288897 0.01661913 -0.03046709
v -0.02198017 0.01768168 -0.02626264
v -0.02207249 0.01764773 -0.01660831
v -0.02211583 0.01766465 -0.01458908
v -0.02243225 0.01722823 -0.01159331
v -0.02207008 0.01762297 -0.00227082
v -0.02198604 0.01769659 0.00320656
v -0.02205244 0.01771406 0.01172014
v -0.02206495 -0.01782731 -0.04340720
v -0.02139404 -0.01867116 -0.03381599
v -0.02206556 -0.01775704 -0.02826230
v -0.02207764 -0.01784996 -0.02349585
v -0.02207628 -0.01780246 -0.01337124
v -0.02137486 -0.01866457 -0.00945273
v -0.02168247 -0.01823908 0.00836437
v -0.02204152 -0.01778675 0.01274808
v -0.02209435 -0.01786015 0.01955749
v -0.02129771 -0.01863957 0.02033128
v -0.02131669 -0.01793538 -0.04539752
v -0.02219922 -0.00736865 0.02864890
v -0.02062633 -0.00799480 -0.04723025
v -0.02138717 -0.00915965 0.03082688
v -0.02197342 -0.00630511 0.03147798
v -0.02240870 -0.00319138 -0.01818525
v -0.02176537 -0.00434241 -0.01469345
v -0.02204046 -0.00382953 -0.00956153
v -0.02227067 -0.00315551 -0.00425086
v -0.02194778 -0.00399306 -0.00199063
v -0.02194452 -0.00360343 0.00524826
v -0.02211035 -0.00367128 0.00679651
v -0.02201360 -0.00361129 0.01209906
v -0.02170441 -0.00422036 0.03228335
v -0.02170691 -0.00186748 -0.04723367
v -0.02214934 -0.00281835 -0.04111358
v -0.02132071 -0.00436971 -0.04103881
v -0.02206734 -0.00354946 -0.03937585
v -0.02218387 -0.00320392 -0.03731589
v -0.02207632 -0.00355999 -0.03501914
v -0.02257445 -0.00270334 -0.03035786
v -0.02187646 -0.00361273 -0.02979204
v -0.02186174 -0.00397273 -0.02662946
v -0.02257302 -0.00270197 -0.02160152
v -0.02189365 -0.00360318 -0.02062219
v -0.02254415 -0.00277370 -0.01260019
v -0.02180263 -0.00398712 -0.01290825
v -0.02269939 -0.00241838 0.00492692
v -0.02259783 -0.00274110 0.01377890
v -0.02203645 -0.00359491 0.01641096
v -0.02184010 -0.00255197 0.01852916
v -0.02231440 -0.00145542 -0.04117831
v -0.02213267 0.00040504 0.01878351
v -0.02222427 0.00120853 -0.04110731
v -0.02168350 -0.00010730 0.03297074
v -0.02229156 0.00156217 -0.03988101
v -0.02210284 0.00233501 0.03234658
v -0.02197396 0.00200372 -0.03707833
v -0.02265721 0.00235617 -0.01251115
v -0.02256982 0.00272213 -0.00248686
v -0.02217861 0.00313961 -0.03297789
v -0.02254462 0.00274442 -0.03124512
v -0.02221653 0.00317124 -0.02898615
v -0.02239277 0.00313932 -0.02631354
v -0.02227848 0.00315002 -0.02314066
v -0.02215633 0.00335314 -0.01389264
v -0.02232297 0.00320968 -0.01018480
v -0.02270726 0.00272443 -0.00804414
v -0.02233401 0.00316654 0.00082856
v -0.02217407 0.00335085 0.01081635
v -0.02208697 0.00355679 -0.01831516
v -0.02208456 0.00354927 -0.00736571
v -0.02160223 0.00437407 -0.00356513
v -0.02173980 0.00433337 -0.00153768
v -0.02174337 0.00424903 0.00289525
v -0.02176513 0.00397488 0.00496870
v -0.02194065 0.00397271 0.00717972
v -0.02173562 0.00398576 0.01333660
v -0.02171110 0.00456238 0.01684294
v -0.02212627 0.00751887 0.03070474
v -0.02213924 0.00637964 0.03144157
v -0.02171489 0.00743417 -0.04736700
v -0.02215150 0.00754884 0.02839996
v -0.02208656 0.00896064 -0.04771411
v -0.02169815 0.01194110 -0.04778597
v -0.02158271 0.01646926 -0.04663907
v -0.02127615 0.01782095 -0.04559540
v -0.02209521 0.01785872 0.01913506
v -0.02211184 0.01728689 0.02119311
v -0.02144058 0.01837294 -0.03392038
v -0.02166575 0.01820370 -0.03113546
v -0.02129883 0.01865173 -0.02268428
v -0.02126778 0.01861023 -0.01903684
v -0.02139044 0.01871107 -0.00830593
v -0.02128522 0.01863259 -0.00655301
v -0.02210069 0.01773140 -0.00029625
v -0.02139077 0.01874934 0.01635958
v -0.02132767 0.01860157 0.01998459
v -0.02132699 -0.01865138 -0.03106607
v -0.02092781 -0.01909085 -0.02841091
v -0.02067005 -0.01922908 -0.00476596
v -0.02131166 -0.01868806 0.01151632
v -0.02092269 -0.01904769 -0.04422679
v -0.01983825 -0.02028101 -0.03791751
v -0.02051060 -0.01946505 -0.03643476
v -0.01930646 -0.02064561 -0.02129410
v -0.02102223 -0.01898567 -0.00042986
v -0.02065962 -0.01921519 0.00718118
v -0.02091235 -0.01311776 -0.04784097
v -0.02095440 -0.01127458 0.02751545
v -0.02049027 -0.01117408 -0.04750160
v -0.02147694 -0.00953863 0.02833444
v -0.02143168 -0.00834741 0.03149492
v -0.02137438 -0.00688501 -0.03985499
v -0.02135264 -0.00675324 -0.00198249
v -0.02131417 -0.00678158 0.00678651
v -0.02131038 -0.00678043 0.01038320
v -0.02130233 -0.00624957 0.01341909
v -0.02132474 -0.00677534 0.01715554
v -0.02152364 -0.00476582 -0.03981855
v -0.02135433 -0.00565125 -0.03748043
v -0.02134738 -0.00669949 -0.03541285
v -0.02132008 -0.00629791 -0.03003044
v -0.02136729 -0.00666519 -0.02750552
v -0.02135419 -0.00615459 -0.02101319
v -0.02133124 -0.00652455 -0.01881890
v -0.02132580 -0.00645700 -0.01485866
v -0.02133508 -0.00600598 -0.01234440
v -0.02133286 -0.00655734 -0.00845568
v -0.02132622 -0.00597952 -0.00357214
v -0.02155785 -0.00517408 -0.00199680
v -0.02127613 -0.00662658 0.00175361
v -0.02153650 -0.00475992 0.00417895
v -0.02121920 -0.00638291 0.00479798
v -0.02165385 -0.00477100 0.00807221
v -0.02157247 -0.00458971 0.01673851
v -0.02044601 -0.00684870 0.03284081
v -0.02166978 -0.00439044 -0.03467548
v -0.02147120 -0.00477544 -0.02978308
v -0.02147042 -0.00477323 -0.02122117
v -0.02162470 -0.00474089 -0.01834759
v -0.02143878 -0.00516802 -0.01274630
v -0.02174683 -0.00436186 -0.00687526
v -0.02161353 -0.00438104 -0.00437165
v -0.02158058 -0.00438042 0.01354014
v -0.02131390 -0.00397112 0.01915833
v -0.02153031 -0.00438316 -0.03743918
v -0.02047393 -0.00398555 -0.04162174
v -0.02122378 -0.00242389 0.03303549
v -0.02129376 0.00153085 -0.04146729
v -0.02120598 -0.00075475 0.02027093
v -0.02051282 0.00039835 -0.04725027
v -0.02126167 0.00038173 0.03369582
v -0.02108398 0.00106344 0.02081709
v -0.02119210 0.00197600 0.03296785
v -0.02132059 0.00401447 -0.04712541
v -0.02146067 0.00276654 -0.04106981
v -0.02165036 0.00319966 -0.03982186
v -0.02111825 0.00465297 0.03288287
v -0.02132868 0.00514456 -0.04103539
v -0.02151164 0.00356436 -0.03741049
v -0.02161655 0.00396894 -0.03512576
v -0.02169041 0.00362633 0.01834110
v -0.02132137 0.00558995 -0.03729480
v -0.02154242 0.00476448 -0.03182422
v -0.02158003 0.00437095 -0.02905933
v -0.02148773 0.00515207 -0.02622281
v -0.02158853 0.00436674 -0.02068361
v -0.02152238 0.00476380 -0.01337211
v -0.02165657 0.00457070 -0.00894967
v -0.02158941 0.00477128 0.00982267
v -0.02132975 0.00516600 0.01887435
v -0.02070364 0.00746772 -0.04721363
v -0.02128519 0.00622982 -0.04026263
v -0.02140633 0.00515043 -0.00435516
v -0.02149958 0.00514941 -0.00116772
v -0.02141164 0.00515484 0.00482567
v -0.02139931 0.00515127 0.01359901
v -0.02132707 0.00637592 -0.03527482
v -0.02132121 0.00597143 -0.02865754
v -0.02133327 0.00616832 -0.02041607
v -0.02131787 0.00666768 -0.01628973
v -0.02134158 0.00605974 -0.01154278
v -0.02119179 0.00635504 -0.00416620
v -0.02132295 0.00671047 -0.00027558
v -0.02123624 0.00638928 0.00499787
v -0.02131765 0.00672031 0.00676638
v -0.02129255 0.00665459 0.01093452
v -0.02124504 0.00644815 0.01379938
v -0.02133688 0.00683246 0.01596073
v -0.02131838 0.00674930 0.01713476
v -0.02083274 0.00702722 0.03254290
v -0.02127384 0.00673452 -0.02627904
v -0.02132648 0.00669323 -0.00715149
v -0.02178083 0.00880577 0.02865330
v -0.02132413 0.00911466 0.03147787
v -0.02024353 0.01120321 -0.04740268
v -0.02128277 0.00988213 0.02826256
v -0.02055379 0.01185629 0.03042753
v -0.02052666 0.01628880 -0.04740011
v -0.01971018 0.01507821 0.02620901
v -0.01994585 0.01787189 0.02352735
v -0.02059183 0.01932843 -0.03834116
v -0.02052445 0.01944694 -0.04420982
v -0.02095954 0.01889005 -0.02660413
v -0.02045216 0.01941007 -0.01153438
v -0.01973400 0.02025894 0.00071222
v -0.02129244 0.01864762 0.00559547
v -0.02133237 0.01868122 0.00959924
v -0.02129776 0.01864740 0.01435508
v -0.02016256 -0.01986067 -0.01811492
v -0.01918965 -0.02077720 -0.00914554
v -0.02006144 -0.01906304 -0.04574669
v -0.01912534 -0.02087926 -0.04180343
v -0.01803331 -0.02179939 -0.02573479
v -0.01889103 -0.02102232 -0.01212144
v -0.01808620 -0.02183194 0.00124037
v -0.01806518 -0.02181158 0.00602247
v -0.01911689 -0.02084495 0.00997478
v -0.01929182 -0.02062029 0.01714488
v -0.01855820 -0.02103545 0.02094863
v -0.01990259 -0.01923528 0.02187484
v -0.01923316 -0.01897232 -0.04660076
v -0.01975483 -0.01797497 0.02358648
v -0.02009729 -0.01493540 0.02591342
v -0.01847933 -0.01692550 -0.04777651
v -0.01967263 -0.01305162 0.02815583
v -0.02069035 -0.01108551 0.02833913
v -0.02058573 -0.01085581 0.03071493
v -0.02020135 -0.01082666 0.03156594
v -0.02015525 -0.00916994 -0.04106203
v -0.02037067 -0.00904466 -0.03977159
v -0.02101471 -0.00701233 -0.03747936
v -0.02020257 -0.00930919 0.01061990
v -0.02051210 -0.00844949 0.01253453
v -0.02058653 -0.00859977 0.01599587
v -0.02054215 -0.00843786 0.01724518
v -0.02006049 -0.00749626 -0.04159908
v -0.02053280 -0.00761333 -0.03704242
v -0.02036096 -0.00798894 -0.03445265
v -0.02046776 -0.00752802 -0.03042695
v -0.02043469 -0.00751290 -0.02104394
v -0.02052445 -0.00757674 -0.01751041
v -0.02036218 -0.00797852 -0.01453097
v -0.02044760 -0.00751537 -0.01189758
v -0.02044415 -0.00786789 -0.00720395
v -0.02070048 -0.00716793 -0.00429178
v -0.02043973 -0.00821072 -0.00160015
v -0.02067520 -0.00794056 0.00291462
v -0.02051947 -0.00746555 0.01852517
v -0.02113244 -0.00654119 -0.04093605
v -0.02114892 -0.00676243 -0.03136504
v -0.02109380 -0.00673916 -0.02132966
v -0.02056038 -0.00684188 0.03544878
v -0.02055308 -0.00683411 0.03706512
v -0.02051878 -0.00358277 0.02192547
v -0.02031737 -0.00663302 0.03356832
v -0.02101099 -0.00458350 0.03703365
v -0.02084554 -0.00453784 0.03352442
v -0.02113154 -0.00418155 0.03626108
v -0.02059712 -0.00414188 0.03858487
v -0.02115580 -0.00001154 0.03785569
v -0.02012721 -0.00141131 -0.04149906
v -0.02052145 0.00198010 0.02272400
v -0.02130149 0.00058719 0.03626500
v -0.02076736 0.00019436 0.03901451
v -0.01990457 0.00077118 0.04129205
v -0.02052233 0.00178025 -0.04165850
v -0.02102399 0.00433058 0.03743072
v -0.01954302 0.00289863 0.04136798
v -0.02079720 0.00512008 0.03387525
v -0.02051108 0.00517338 0.02107538
v -0.02115064 0.00416675 0.03626864
v -0.02045868 0.00522971 -0.04157218
v -0.02038373 0.00444222 0.03926272
v -0.02059898 0.00603347 0.03791938
v -0.02055259 0.00699058 0.01943759
v -0.02041662 0.00668721 0.03301964
v -0.02048600 0.00733384 0.03556425
v -0.02000382 0.00853644 -0.04108301
v -0.02036449 0.00814572 -0.03993339
v -0.02075901 0.00710272 -0.03707088
v -0.02086044 0.00715997 -0.03099334
v -0.01989367 0.00873223 0.03695253
v -0.02013270 0.00854083 -0.03553205
v -0.02052701 0.00756219 -0.03423795
v -0.02024147 0.00795232 -0.02866785
v -0.02043110 0.00815053 -0.02541901
v -0.02053449 0.00765253 -0.02305055
v -0.02046500 0.00818328 -0.01825390
v -0.02043958 0.00829301 -0.01373910
v -0.02039573 0.00809024 -0.01109302
v -0.02049229 0.00826782 -0.00598631
v -0.02032467 0.00820856 -0.00397099
v -0.02048104 0.00828620 -0.00158837
v -0.02036551 0.00834381 0.00514521
v -0.02045317 0.00854347 0.01183905
v -0.02036020 0.00851658 0.01364372
v -0.02029446 0.00879294 0.01789119
v -0.01985650 0.00993479 -0.00884895
v -0.01963697 0.01059813 0.01639937
v -0.02013872 0.01042149 0.03207864
v -0.02057096 0.01100578 0.03139133
v -0.02076557 0.01119135 0.02823546
v -0.02001299 0.01347508 0.02727256
v -0.02026128 0.01218610 0.02854050
v -0.02012265 0.01421744 -0.04779286
v -0.02010627 0.01824483 -0.04658168
v -0.01954761 0.01967263 0.02167431
v -0.01904528 0.02105505 -0.04341301
v -0.01890047 0.02101545 -0.02349324
v -0.01809456 0.02182201 -0.01633835
v -0.01981323 0.02031358 -0.00763664
v -0.01912177 0.02084803 -0.00615457
v -0.01800664 0.02174689 -0.00317813
v -0.01846825 0.02137762 0.00303041
v -0.01804433 0.02175845 0.00657950
v -0.01946347 0.02038107 0.01246052
v -0.01913473 0.02083226 0.01555245
v -0.02012859 0.01986203 0.01774209
v -0.01848659 -0.02143331 -0.03255650
v -0.01888650 -0.02108062 -0.04417456
v -0.01844870 -0.02140040 -0.00496713
v -0.01892539 -0.02105359 0.01475685
v -0.01807490 -0.02187322 0.01955205
v -0.01603656 -0.02063157 -0.04740630
v -0.01914912 -0.01490739 -0.04777583
v -0.01926918 -0.01323424 0.02954299
v -0.01916764 -0.01098904 0.03242944
v -0.01970303 -0.01031346 -0.04001670
v -0.01971896 -0.00985381 -0.03703811
v -0.01980175 -0.01006604 -0.03230008
v -0.01971745 -0.00987983 -0.03006167
v -0.01980043 -0.01005079 -0.02352650
v -0.01971358 -0.00984717 -0.02109019
v -0.01978189 -0.01004764 -0.01872641
v -0.01976457 -0.01012565 -0.01560739
v -0.01974370 -0.00996072 -0.01233244
v -0.01964227 -0.01052875 -0.00921126
v -0.01973494 -0.00994330 -0.00396672
v -0.01973400 -0.01035805 -0.00173886
v -0.01992398 -0.00976666 0.00267241
v -0.01926853 -0.01095588 0.00479901
v -0.01940606 -0.01105407 0.00733698
v -0.01897400 -0.01158021 0.01333819
v -0.01903678 -0.01167865 0.01553325
v -0.01907712 -0.01159080 0.01706483
v -0.02009047 -0.00856328 -0.03156958
v -0.02000369 -0.00873838 -0.02842181
v -0.02008686 -0.00876369 -0.02389073
v -0.02003426 -0.00876320 -0.01915595
v -0.02006913 -0.00840121 -0.01197604
v -0.02012831 -0.00875689 -0.00933729
v -0.01999476 -0.00881478 -0.00440434
v -0.01944853 -0.00887977 0.03305979
v -0.01885684 -0.01056974 0.03620454
v -0.01935295 -0.00936040 0.03710715
v -0.01676408 -0.01162830 -0.04725370
v -0.01961094 -0.00727160 0.02032142
v -0.01936611 -0.00877839 0.03783282
v -0.01933658 -0.00695567 -0.04178594
v -0.01915686 -0.00672138 0.02240634
v -0.01903396 -0.00514975 0.04147163
v -0.01973626 -0.00457832 -0.04160843
v -0.01973603 -0.00507161 0.02261840
v -0.02016682 -0.00323709 0.04003313
v -0.01960640 -0.00334573 0.04103830
v -0.01984026 -0.00201971 0.02354283
v -0.01961181 -0.00130464 0.04200749
v -0.01972708 0.00148074 -0.04713415
v -0.01988152 0.00116759 0.02363816
v -0.01973698 0.00115838 -0.04160348
v -0.01981278 0.00272719 0.02358983
v -0.01972607 0.00486107 -0.04176093
v -0.01957123 0.00504529 0.04064196
v -0.01974448 0.00623894 -0.04168890
v -0.01913261 0.00614780 0.02269055
v -0.01943710 0.00741954 0.03943722
v -0.01928716 0.00787576 0.02067867
v -0.01928022 0.00820110 -0.04163338
v -0.01988120 0.00795950 0.03382075
v -0.01970285 0.00986535 -0.03741583
v -0.02006417 0.00873173 -0.03111558
v -0.01953285 0.00936672 0.03296117
v -0.01893388 0.01070769 0.03665455
v -0.01979496 0.00993279 -0.04031043
v -0.01981445 0.01006183 -0.03938440
v -0.01976474 0.00994524 -0.02803235
v -0.01973237 0.01022969 -0.01697194
v -0.01974931 0.00995989 -0.01072607
v -0.01973695 0.00993609 -0.00436066
v -0.01984121 0.01000670 -0.00102827
v -0.01974006 0.00995510 0.00519493
v -0.01967130 0.01059630 0.01161339
v -0.01893963 0.01151311 0.01794321
v -0.01979447 0.00997804 -0.03620621
v -0.01978734 0.00999434 -0.03212382
v -0.01976039 0.00996820 -0.02038438
v -0.01956136 0.01059350 0.01356860
v -0.01894507 0.01157709 -0.01391550
v -0.01895112 0.01206246 0.00770918
v -0.01980686 0.01247355 0.03151768
v -0.01892013 0.01428539 -0.04756660
v -0.01964029 0.01311859 0.02945311
v -0.01898910 0.01394887 0.03069223
v -0.01933133 0.01587262 -0.04771436
v -0.01832295 0.02068093 -0.04576053
v -0.01923700 0.02056205 -0.04458977
v -0.01822493 0.02161702 -0.04051539
v -0.01890927 0.02102236 -0.03165619
v -0.01800841 0.02175593 -0.02534816
v -0.01801890 0.02179588 -0.02029952
v -0.01888845 0.02106142 0.02034059
v -0.01843872 -0.02085880 -0.04536821
v -0.01810104 -0.02182447 -0.02346105
v -0.01807865 -0.02182896 -0.01787261
v -0.01823253 -0.01910974 0.02393834
v -0.01694987 -0.01739147 0.02668070
v -0.01889557 -0.01468723 0.02746543
v -0.01818343 -0.01469511 0.03072149
v -0.01853109 -0.01360704 0.03153376
v -0.01854149 -0.01210615 -0.04711417
v -0.01903322 -0.01159358 -0.01430266
v -0.01905886 -0.01154918 -0.01047572
v -0.01896119 -0.01155738 -0.00397739
v -0.01898896 -0.01179288 -0.00168451
v -0.01907826 -0.01160866 0.00246045
v -0.01864243 -0.01236717 0.00726518
v -0.01891683 -0.01110868 0.01828124
v -0.01803837 -0.01178490 -0.04119445
v -0.01798484 -0.01226339 -0.03983152
v -0.01821073 -0.01162216 -0.03700534
v -0.01802145 -0.01214418 -0.03261856
v -0.01818258 -0.01172551 -0.03032204
v -0.01922002 -0.01070070 -0.02773730
v -0.01889786 -0.01097811 -0.02203791
v -0.01789211 -0.01232869 -0.02346776
v -0.01811538 -0.01177981 -0.02083088
v -0.01907329 -0.00957235 -0.04174517
v -0.01884738 -0.00949608 0.01996380
v -0.01851459 -0.00962376 -0.04178489
v -0.01860969 -0.01057888 0.03325626
v -0.01770318 -0.00800235 -0.04716737
v -0.01896221 -0.00543923 0.02353073
v -0.01845362 -0.00458376 -0.04697632
v -0.01893725 -0.00380410 0.04302248
v -0.01829030 -0.00338866 0.02454575
v -0.01879887 -0.00497191 0.04303441
v -0.01896854 -0.00287333 0.04545826
v -0.01816669 -0.00095992 -0.04085998
v -0.01899538 -0.00118255 0.04590949
v -0.01864500 0.00075631 0.02485555
v -0.01945791 -0.00001896 0.04423482
v -0.01777943 0.00132109 -0.04090363
v -0.01894040 0.00315655 -0.04707515
v -0.01877742 0.00201507 0.04622820
v -0.01801493 0.00375343 0.02490118
v -0.01901348 0.00346891 0.04381268
v -0.01873992 0.00733956 -0.04709193
v -0.01886436 0.00619912 0.04130242
v -0.01900738 0.00691711 -0.04178766
v -0.01875456 0.00970483 0.02026376
v -0.01887891 0.01014103 0.03378729
v -0.01907826 0.00987268 0.03807713
v -0.01873585 0.01141643 -0.04717086
v -0.01895695 0.01044521 -0.04100857
v -0.01735030 0.01119646 -0.04166630
v -0.01794108 0.01223255 -0.03481249
v -0.01862988 0.01147248 -0.03197759
v -0.01897293 0.01097078 -0.02936726
v -0.01896053 0.01123567 -0.02650741
v -0.01907496 0.01106059 -0.02268400
v -0.01842093 0.01213533 -0.02121057
v -0.01736336 0.01411045 -0.01019858
v -0.01872691 0.01194120 -0.00635385
v -0.01827529 0.01267955 -0.00150620
v -0.01909149 0.01137197 0.00311491
v -0.01896575 0.01156913 0.00521558
v -0.01903372 0.01166978 0.01299307
v -0.01903305 0.01169809 0.01558336
v -0.01719518 0.01315652 0.03295216
v -0.01777525 0.01404770 -0.04726514
v -0.01785310 0.01400827 0.03204770
v -0.01836755 0.01502846 0.02790864
v -0.01813700 0.01488337 0.02925455
v -0.01765007 0.01831759 -0.04762091
v -0.01633024 0.02144068 -0.04676951
v -0.01632802 0.02184382 0.02271464
v -0.01844021 0.02137222 -0.01115118
v -0.01854391 0.02147970 0.01935711
v -0.01808093 -0.02184328 -0.04339143
v -0.01807367 -0.02186234 -0.03697361
v -0.01771656 -0.02199641 -0.02860317
v -0.01803583 -0.02178986 -0.01419593
v -0.01805189 -0.02187194 -0.00670428
v -0.01808935 -0.02183326 0.01059832
v -0.01777287 -0.02202528 0.01581895
v -0.01683722 -0.02109051 -0.04668586
v -0.01618925 -0.01788418 -0.04786972
v -0.01576326 -0.01628424 -0.04738790
v -0.01774183 -0.01512469 0.02907253
v -0.01747756 -0.01407558 0.00985306
v -0.01750921 -0.01337987 0.03248933
v -0.01746184 -0.01398356 -0.01710985
v -0.01798280 -0.01218527 -0.01935693
v -0.01738563 -0.01394547 -0.01274707
v -0.01761207 -0.01390882 -0.00799981
v -0.01742641 -0.01399303 -0.00377846
v -0.01746989 -0.01405117 0.00277657
v -0.01737066 -0.01393116 0.00478425
v -0.01737784 -0.01395395 0.01314612
v -0.01814587 -0.01284418 0.01603226
v -0.01765795 -0.01298002 0.01775252
v -0.01731008 -0.01234992 0.03299594
v -0.01779825 -0.01234417 -0.02983766
v -0.01744818 -0.01271203 0.03591356
v -0.01640395 -0.01287272 -0.04159264
v -0.01794575 -0.01145066 0.03389777
v -0.01822120 -0.01111573 0.03749806
v -0.01674772 -0.01225745 0.02096686
v -0.01773293 -0.00931748 0.04048679
v -0.01813184 -0.00915000 -0.04181519
v -0.01809639 -0.00910136 0.02266259
v -0.01782407 -0.00834407 0.02357696
v -0.01839088 -0.00759837 0.04087182
v -0.01780221 -0.00834626 0.04183894
v -0.01685617 -0.00664364 -0.04093111
v -0.01702055 -0.00683776 0.02498154
v -0.01793035 -0.00651813 0.04546520
v -0.01819287 -0.00438175 -0.04094059
v -0.01872678 -0.00397348 0.04579665
v -0.01784475 -0.00561046 0.04669462
v -0.01858144 -0.00316263 0.04660765
v -0.01810795 -0.00274865 0.04740064
v -0.01789319 -0.00201297 0.02554245
v -0.01788102 -0.00029017 -0.04657845
v -0.01820172 -0.00033129 0.02544508
v -0.01810153 0.00179871 0.04745056
v -0.01771252 0.00428248 -0.04090102
v -0.01876551 0.00374662 0.04563327
v -0.01833178 0.00372482 0.04684752
v -0.01716355 0.00634050 -0.04665411
v -0.01834894 0.00590748 0.04490466
v -0.01783767 0.00816328 0.02348005
v -0.01870193 0.00633252 0.04184317
v -0.01796259 0.00871379 0.04100339
v -0.01626201 0.01010441 -0.04705926
v -0.01690325 0.00971722 -0.04177999
v -0.01778509 0.01104330 0.03942823
v -0.01813000 0.01150406 0.03305684
v -0.01825747 0.01141108 0.03495744
v -0.01816638 0.01163523 0.03789192
v -0.01798702 0.01212225 -0.04002582
v -0.01800789 0.01211995 -0.02859213
v -0.01678938 0.01244442 0.02017831
v -0.01776808 0.01245746 0.03678733
v -0.01799159 0.01230667 -0.02413219
v -0.01743809 0.01399524 -0.01785262
v -0.01735010 0.01390706 -0.01274116
v -0.01745868 0.01404598 0.00262630
v -0.01740630 0.01395054 0.00480347
v -0.01746609 0.01403595 0.01557451
v -0.01745111 0.01308443 0.01819148
v -0.01752411 0.01393670 -0.01439513
v -0.01747657 0.01397593 -0.00528433
v -0.01819929 0.01316396 0.00721074
v -0.01744767 0.01399334 0.01397424
v -0.01700157 0.01749494 -0.04772327
v -0.01664401 0.02231488 -0.04541686
v -0.01808099 0.02182835 -0.04381651
v -0.01797241 0.02186031 -0.03714547
v -0.01781725 0.02192084 -0.03363988
v -0.01807528 0.02180991 -0.03148574
v -0.01801724 0.02175750 -0.02926961
v -0.01812307 0.02182166 -0.00834875
v -0.01785758 0.02200225 0.00050514
v -0.01811581 0.02182345 0.00877060
v -0.01802371 0.02176289 0.01374164
v -0.01641627 -0.02233244 -0.04544023
v -0.01601634 -0.02297564 -0.04423529
v -0.01654621 -0.02263818 -0.04020856
v -0.01614776 -0.02305397 -0.03726733
v -0.01626119 -0.02301529 -0.03125209
v -0.01668662 -0.02262556 -0.01155916
v -0.01656647 -0.02278699 -0.00758086
v -0.01656830 -0.02263861 -0.00555617
v -0.01678488 -0.02259808 0.00502766
v -0.01656653 -0.02276752 0.01889913
v -0.01702152 -0.02224331 0.02072128
v -0.01650215 -0.02147396 0.02290608
v -0.01557900 -0.02106348 0.02430994
v -0.01633240 -0.01725863 0.02746077
v -0.01574183 -0.01714966 0.03075472
v -0.01621850 -0.01615774 0.03147002
v -0.01661737 -0.01482266 0.03228895
v -0.01537935 -0.01550012 -0.04717856
v -0.01720875 -0.01375718 -0.01963308
v -0.01744332 -0.01399655 -0.01397709
v -0.01617067 -0.01509651 0.01335915
v -0.01738934 -0.01398141 0.01651088
v -0.01738432 -0.01312482 -0.04105944
v -0.01726087 -0.01382679 -0.03979879
v -0.01696357 -0.01388463 -0.03722413
v -0.01728469 -0.01384113 -0.03361947
v -0.01730807 -0.01380794 -0.02391121
v -0.01757935 -0.01278918 -0.02109564
v -0.01775187 -0.01234664 -0.03699106
v -0.01664588 -0.01347819 0.03698508
v -0.01678284 -0.01285914 0.03780882
v -0.01614144 -0.01190358 0.03980587
v -0.01699692 -0.01095743 0.02279303
v -0.01684396 -0.01051127 0.04075791
v -0.01722035 -0.00874189 0.04427568
v -0.01747672 -0.00752101 0.04605934
v -0.01653323 -0.00668311 -0.04658085
v -0.01699446 -0.00541344 0.02593265
v -0.01700222 -0.00570932 0.04750893
v -0.01739217 -0.00318651 -0.04656455
v -0.01656491 -0.00475332 -0.04059548
v -0.01739906 -0.00365817 0.02869533
v -0.01682544 -0.00413690 0.03058740
v -0.01732716 -0.00277757 0.04777686
v -0.01742223 -0.00240222 0.02671772
v -0.01759860 -0.00158621 0.02948426
v -0.01737022 -0.00200154 0.03070154
v -0.01755586 -0.00072716 0.02711044
v -0.01689351 0.00196177 -0.04064389
v -0.01744560 0.00144777 0.02790960
v -0.01740307 0.00160751 0.03071448
v -0.01657930 0.00451418 -0.04652138
v -0.01738330 0.00262532 0.02634746
v -0.01756080 0.00247066 0.02925842
v -0.01735814 0.00218803 0.04779456
v -0.01711798 0.00436998 0.02710448
v -0.01744697 0.00356191 0.02997580
v -0.01733116 0.00496752 0.02571866
v -0.01754361 0.00460912 0.04743677
v -0.01646020 0.00426405 0.04788039
v -0.01733212 0.00432117 0.02912601
v -0.01678931 0.00728356 0.02504601
v -0.01739341 0.00695825 0.04670697
v -0.01737526 0.00868501 0.04469371
v -0.01725335 0.00969685 0.04175898
v -0.01663271 0.01076201 0.02356064
v -0.01696555 0.01060471 0.04113083
v -0.01583318 0.01237929 0.02275700
v -0.01747687 0.01268170 -0.04100932
v -0.01649237 0.01321325 0.03911120
v -0.01734372 0.01383726 -0.03979199
v -0.01713853 0.01387328 -0.03708405
v -0.01746572 0.01349033 -0.03469106
v -0.01730681 0.01361780 -0.02889615
v -0.01734794 0.01385948 -0.02608668
v -0.01741035 0.01393582 -0.02109611
v -0.01735149 0.01397148 0.01676902
v -0.01676224 0.01342908 0.03416851
v -0.01738121 0.01388466 -0.03144935
v -0.01735764 0.01412130 -0.00221948
v -0.01702147 0.01450593 -0.01502929
v -0.01733917 0.01425449 0.00777900
v -0.01678338 0.01621541 -0.04734528
v -0.01613385 0.01665728 0.03143737
v -0.01616251 0.01735267 0.02815305
v -0.01642960 0.01686788 0.02963877
v -0.01636670 0.01680925 0.03069227
v -0.01629870 0.01860863 0.02642289
v -0.01682741 0.01946557 0.02513162
v -0.01640592 0.02295468 -0.04182860
v -0.01531576 0.02344017 -0.03955783
v -0.01624398 0.02297478 -0.02272171
v -0.01660135 0.02267105 -0.01075891
v -0.01528129 0.02382913 -0.00789870
v -0.01573447 0.02333366 -0.00554378
v -0.01661467 0.02268885 -0.00239785
v -0.01616752 0.02302564 0.00298868
v -0.01570173 0.02338311 0.00679679
v -0.01710177 0.02260596 0.00926564
v -0.01576353 0.02341082 0.01475965
v -0.01531598 0.02384001 0.01909581
v -0.01586053 0.02312390 0.02076093
v -0.01655092 -0.02263741 -0.03483194
v -0.01656474 -0.02264353 -0.02905872
v -0.01613875 -0.02302575 -0.02426824
v -0.01565570 -0.02337486 -0.01707892
v -0.01575743 -0.02336748 0.00213469
v -0.01582398 -0.02332373 0.00929292
v -0.01661229 -0.02268275 0.01394618
v -0.01546773 -0.02303677 0.02151673
v -0.01481691 -0.01933431 0.02669369
v -0.01595094 -0.01688197 0.02907782
v -0.01625042 -0.01515602 -0.04022526
v -0.01584563 -0.01561115 -0.03906000
v -0.01625795 -0.01520437 -0.03266089
v -0.01679147 -0.01427480 -0.03016394
v -0.01589149 -0.01559586 -0.01688644
v -0.01650645 -0.01464059 -0.01311887
v -0.01616083 -0.01512375 -0.01191452
v -0.01597091 -0.01555072 -0.00629301
v -0.01623399 -0.01514194 -0.00156310
v -0.01600150 -0.01529311 0.00399816
v -0.01590613 -0.01523418 0.00519771
v -0.01583538 -0.01559021 0.01228541
v -0.01608160 -0.01541628 0.01593363
v -0.01575323 -0.01545410 0.01710111
v -0.01613378 -0.01453456 -0.04115112
v -0.01677889 -0.01428650 -0.02162312
v -0.01574052 -0.01481923 0.01810336
v -0.01672985 -0.01318330 0.03358566
v -0.01590483 -0.01444793 0.03586607
v -0.01494842 -0.01312127 0.02352475
v -0.01505731 -0.01084283 -0.04098622
v -0.01535999 -0.00965187 0.02515619
v -0.01533241 -0.01159132 0.04421620
v -0.01608695 -0.01007310 0.04587176
v -0.01659357 -0.00844094 0.04676360
v -0.01683167 -0.00495166 0.02713144
v -0.01658355 -0.00536698 0.02962540
v -0.01656101 -0.00395392 0.04789639
v -0.01617001 -0.00317105 -0.04644436
v -0.01660786 -0.00231680 0.03281567
v -0.01616631 -0.00158205 -0.04050806
v -0.01681375 -0.00031459 0.03228098
v -0.01657306 -0.00044913 0.03483972
v -0.01663469 0.00356859 0.03180649
v -0.01649114 0.00185440 0.03409060
v -0.01546547 0.00613615 -0.04058955
v -0.01602783 0.00546136 0.03188094
v -0.01668775 0.00551821 0.02898858
v -0.01619420 0.00731509 0.04760666
v -0.01551743 0.00917903 0.02583199
v -0.01479892 0.00906389 -0.04071006
v -0.01602106 0.00855259 0.04743988
v -0.01659114 0.00898387 0.04658898
v -0.01575234 0.01146911 0.04425989
v -0.01558873 0.01232094 0.04143333
v -0.01619541 0.01227601 -0.04169473
v -0.01609652 0.01439072 -0.04135719
v -0.01620462 0.01430019 0.03787505
v -0.01653563 0.01437274 -0.04100665
v -0.01532499 0.01587902 0.01715247
v -0.01659988 0.01479177 -0.04026023
v -0.01617989 0.01509287 -0.03742617
v -0.01625117 0.01517201 -0.03621311
v -0.01666403 0.01479741 -0.03341215
v -0.01620505 0.01512038 -0.02926015
v -0.01663714 0.01478079 -0.02684105
v -0.01623117 0.01521843 -0.02304041
v -0.01638634 0.01490571 -0.01970739
v -0.01543100 0.01592387 -0.01671603
v -0.01612713 0.01506024 -0.01273793
v -0.01585272 0.01553886 -0.01073711
v -0.01423795 0.01712818 -0.00597074
v -0.01400851 0.01695700 -0.00367761
v -0.01586178 0.01555566 -0.00196144
v -0.01486340 0.01621886 0.00436880
v -0.01641500 0.01501164 0.01054432
v -0.01658598 0.01470467 0.01335616
v -0.01494912 0.01649551 0.01619628
v -0.01564399 0.01903727 -0.04779107
v -0.01425960 0.02189691 -0.04745633
v -0.01558283 0.02330804 -0.03627431
v -0.01568005 0.02336071 -0.03188027
v -0.01655121 0.02262872 -0.02607065
v -0.01568744 0.02331434 -0.01702313
v -0.01487118 0.02402356 -0.01148015
v -0.01580979 0.02343813 0.00040817
v -0.01579310 0.02345135 0.00917036
v -0.01540684 -0.02349335 -0.03956830
v -0.01424981 -0.02428353 -0.02188977
v -0.01428823 -0.02433434 -0.01429218
v -0.01436602 -0.02436942 -0.00807869
v -0.01452664 -0.02421065 -0.00345975
v -0.01481493 -0.02398432 0.02009701
v -0.01490782 -0.02263527 -0.04658140
v -0.01454960 -0.02026528 -0.04784485
v -0.01479286 -0.01810489 0.02826803
v -0.01497949 -0.01652699 0.03215073
v -0.01574705 -0.01548813 -0.03742173
v -0.01579206 -0.01556339 -0.03049020
v -0.01590112 -0.01562677 -0.02428955
v -0.01579754 -0.01553014 -0.02151408
v -0.01544950 -0.01595647 -0.01452818
v -0.01583902 -0.01561357 -0.00955978
v -0.01578629 -0.01551307 -0.00437321
v -0.01500800 -0.01636125 0.00677210
v -0.01495742 -0.01531546 0.03296230
v -0.01426837 -0.01570140 0.03385927
v -0.01523864 -0.01385644 0.02100598
v -0.01480067 -0.01331743 -0.04152773
v -0.01403333 -0.00987294 -0.04658462
v -0.01536434 -0.01049711 0.04673134
v -0.01532540 -0.00839116 -0.04097881
v -0.01538891 -0.00915917 0.04747734
v -0.01558807 -0.00827305 0.02635076
v -0.01579956 -0.00731007 0.02966587
v -0.01537472 -0.00715577 0.04781441
v -0.01539655 -0.00624346 0.03293091
v -0.01575812 -0.00476771 0.03405867
v -0.01580061 -0.00384755 0.03774242
v -0.01533381 -0.00586010 0.03543639
v -0.01577640 -0.00391885 0.04780170
v -0.01615874 -0.00238912 0.03625482
v -0.01572358 -0.00077544 0.04027518
v -0.01579548 0.00045924 0.04030535
v -0.01573610 0.00528133 0.04775633
v -0.01535178 0.00327013 -0.04647730
v -0.01434368 0.00043937 -0.04045280
v -0.01591922 0.00369988 0.03681478
v -0.01577648 0.00375417 0.03824144
v -0.01527719 0.00397823 -0.04047575
v -0.01562021 0.00569259 0.03343745
v -0.01556800 0.00729343 -0.04654528
v -0.01592324 0.00750228 0.02708652
v -0.01577916 0.00754315 0.03068576
v -0.01525836 0.01033169 0.02511149
v -0.01556580 0.01061549 0.04640383
v -0.01537175 0.01128594 -0.04134195
v -0.01427677 0.01438051 0.04042738
v -0.01419550 0.01429097 -0.04723281
v -0.01499099 0.01390235 -0.04180704
v -0.01548346 0.01439865 0.03905732
v -0.01481012 0.01670967 -0.04725367
v -0.01490991 0.01425655 0.02046109
v -0.01536605 0.01507783 0.03305003
v -0.01530944 0.01500451 0.03387179
v -0.01506578 0.01560334 0.03668617
v -0.01559489 0.01585942 -0.03984207
v -0.01504841 0.01585387 -0.04108049
v -0.01590680 0.01558849 -0.03147379
v -0.01542158 0.01593978 -0.00772342
v -0.01503267 0.01633415 0.00280110
v -0.01499157 0.01628590 0.01395948
v -0.01332973 0.02061744 0.02675617
v -0.01488806 0.02349843 -0.04537515
v -0.01553052 0.02338467 -0.02964691
v -0.01382019 -0.02428176 -0.04460830
v -0.01355371 -0.02462352 -0.04255302
v -0.01431816 -0.02427294 -0.03619047
v -0.01434294 -0.02427449 -0.02463056
v -0.01451368 -0.02427292 -0.01935755
v -0.01463516 -0.02427447 0.00058162
v -0.01453747 -0.02428728 0.01031615
v -0.01375532 -0.02386460 0.02210427
v -0.01276412 -0.02285242 -0.04721905
v -0.01415366 -0.01841952 0.03023446
v -0.01419110 -0.01706530 -0.04027046
v -0.01414525 -0.01710918 -0.03464519
v -0.01416984 -0.01710796 -0.03203911
v -0.01418259 -0.01709242 -0.02588312
v -0.01421460 -0.01709627 -0.02348641
v -0.01418203 -0.01710823 -0.01551465
v -0.01418505 -0.01710059 -0.01076226
v -0.01398517 -0.01693097 -0.01262393
v -0.01415263 -0.01707675 -0.00855012
v -0.01404136 -0.01689627 -0.00419267
v -0.01414832 -0.01707408 -0.00119570
v -0.01413409 -0.01710752 0.00282288
v -0.01456835 -0.01667978 0.01336229
v -0.01428417 -0.01717768 0.01514988
v -0.01424192 -0.01710997 0.01635675
v -0.01342076 -0.01711868 -0.04106297
v -0.01405802 -0.01687821 -0.03765341
v -0.01406409 -0.01695003 0.00453790
v -0.01472453 -0.01516869 0.03787680
v -0.01157734 -0.01510419 -0.04705732
v -0.01420690 -0.01154552 0.02510015
v -0.01462576 -0.01195683 0.04618992
v -0.01464046 -0.00970940 0.02733335
v -0.01389017 -0.00984152 0.04783726
v -0.01422214 -0.00993643 0.02987754
v -0.01502841 -0.00803921 0.03107769
v -0.01360221 -0.00754950 -0.04651715
v -0.01503260 -0.00684898 0.03620030
v -0.01499584 -0.00673827 0.03696009
v -0.01371127 -0.00843479 0.04775024
v -0.01491613 -0.00515053 0.04755086
v -0.01502521 -0.00354741 0.04061663
v -0.01319405 -0.00387300 -0.04654797
v -0.01503573 -0.00266791 0.04722448
v -0.01499985 -0.00244371 0.04234116
v -0.01395670 0.00001598 -0.04661482
v -0.01483963 -0.00057912 0.04684752
v -0.01498328 -0.00000971 0.04340313
v -0.01457472 0.00225881 0.04453394
v -0.01500666 0.00398277 0.04740675
v -0.01422248 0.00442754 0.04463350
v -0.01493524 0.00454331 0.03979255
v -0.01439403 0.00599893 0.03981290
v -0.01498013 0.00624876 0.03776797
v -0.01428513 0.00693521 -0.04651267
v -0.01450134 0.00670500 0.04769318
v -0.01484935 0.00816356 0.03249681
v -0.01485130 0.00753928 0.03434843
v -0.01421846 0.00845468 0.03709254
v -0.01494419 0.00937128 0.02937704
v -0.01439702 0.00871774 0.04787966
v -0.01488682 0.00976963 0.02699776
v -0.01437618 0.01057094 0.04758520
v -0.01499754 0.01280637 -0.04154066
v -0.01426672 0.01234621 0.04665594
v -0.01401521 0.01389491 0.02350988
v -0.01429853 0.01594031 -0.04137412
v -0.01338716 0.01706119 0.03788359
v -0.01387740 0.01701267 -0.03748979
v -0.01417270 0.01708301 -0.03483343
v -0.01418780 0.01709098 -0.03144730
v -0.01398993 0.01697276 -0.02886668
v -0.01416694 0.01701291 -0.02282022
v -0.01401926 0.01695894 -0.02049722
v -0.01416754 0.01709819 -0.01790413
v -0.01413944 0.01706378 -0.01391001
v -0.01507070 0.01638722 0.00798393
v -0.01452738 0.01698421 0.01099857
v -0.01263122 0.01952451 0.03167016
v -0.01428465 0.01883831 -0.04764664
v -0.01456641 0.01889014 0.02800111
v -0.01416294 0.02062805 -0.04778296
v -0.01341018 0.02228482 0.02468364
v -0.01445032 0.02297407 -0.04658841
v -0.01439994 0.02427180 -0.04347445
v -0.01433838 0.02434353 -0.04058962
v -0.01434018 0.02434222 -0.03724768
v -0.01439350 0.02437795 -0.03146393
v -0.01433220 0.02431492 -0.02530931
v -0.01441388 0.02438382 -0.02329606
v -0.01437214 0.02436714 -0.01772626
v -0.01423166 0.02441742 -0.00392407
v -0.01480081 0.02426785 0.00028179
v -0.01441140 0.02438102 0.00676985
v -0.01450861 0.02440324 0.00988738
v -0.01483254 0.02419695 0.01473322
v -0.01410368 0.02425281 0.02105818
v -0.01403044 -0.02440359 -0.03009940
v -0.01346059 -0.02482014 0.00063094
v -0.01277029 -0.02513416 0.00844810
v -0.01428583 -0.02443302 0.01815951
v -0.01321127 -0.02407493 -0.04587229
v -0.01280426 -0.02495441 -0.02743603
v -0.01262731 -0.02382779 0.02307524
v -0.01364715 -0.02208108 0.02454802
v -0.01131510 -0.02221765 -0.04776424
v -0.01302861 -0.02027473 -0.04780018
v -0.01373138 -0.01832558 0.03149761
v -0.01425957 -0.01715188 0.00641540
v -0.01422749 -0.01725868 0.01066188
v -0.01300800 -0.01747914 -0.04704807
v -0.01383121 -0.01707881 -0.03009560
v -0.01390841 -0.01698179 -0.02133899
v -0.01330628 -0.01520282 -0.04718909
v -0.01359114 -0.01570130 -0.04158011
v -0.01376251 -0.01551636 0.01974484
v -0.01304449 -0.01712641 0.03527682
v -0.01317543 -0.01709649 0.03637347
v -0.01277692 -0.01550299 0.02190666
v -0.01379932 -0.01429921 0.04021195
v -0.01360525 -0.01429545 0.02347311
v -0.01332254 -0.01438912 0.04125802
v -0.01345019 -0.01399647 0.04335380
v -0.01333627 -0.01387565 0.04508565
v -0.01162881 -0.01249286 -0.04667596
v -0.01332875 -0.01187407 0.04752452
v -0.01271346 -0.01122258 -0.04070341
v -0.01381490 -0.01112588 0.02622991
v -0.01231809 -0.00835075 -0.04065264
v -0.01422230 -0.00827493 0.03411036
v -0.01347538 -0.00924302 0.03700381
v -0.01420887 -0.00775495 0.03813737
v -0.01433812 -0.00598766 0.04031409
v -0.01416688 -0.00675634 0.04746965
v -0.01421807 -0.00490200 0.04672709
v -0.01162666 -0.00293731 -0.04036438
v -0.01422006 -0.00514294 0.04299492
v -0.01434280 -0.00382552 0.04604022
v -0.01445568 -0.00264705 0.04542195
v -0.01464614 -0.00081794 0.04442867
v -0.01455993 0.00002462 0.04582957
v -0.01445285 0.00395098 0.04621129
v -0.01381403 0.00555691 0.04620548
v -0.01383840 0.00700215 0.04743998
v -0.01338007 0.00997197 -0.04657500
v -0.01340833 0.01150708 0.02988098
v -0.01296433 0.01063482 0.03242975
v -0.01370287 0.01184487 -0.04688841
v -0.01390657 0.01163606 0.02559723
v -0.01383886 0.01118933 0.02670299
v -0.01382683 0.01120777 0.02872513
v -0.01343811 0.01233880 0.04746205
v -0.01346471 0.01354547 -0.04132792
v -0.01417340 0.01386036 0.04217799
v -0.01294810 0.01427726 0.04517935
v -0.01399432 0.01510531 -0.04162779
v -0.01311884 0.01662546 0.03903065
v -0.01326216 0.01717163 0.01827053
v -0.01266483 0.01747226 0.03301411
v -0.01304089 0.01703828 0.03427541
v -0.01251428 0.01779963 0.03665726
v -0.01414633 0.01706810 -0.03981567
v -0.01410491 0.01703678 -0.01035043
v -0.01423493 0.01716669 0.00114497
v -0.01381986 0.01750236 0.00479847
v -0.01392866 0.01751817 0.01400298
v -0.01422843 0.01710088 0.01713798
v -0.01268368 0.01871338 0.00677468
v -0.01335997 0.01945265 0.02866549
v -0.01339876 0.01946861 0.03071125
v -0.01318407 0.02381230 0.02278765
v -0.01380079 0.02464443 -0.01005880
v -0.01340198 0.02491665 -0.00774558
v -0.01387745 0.02474428 0.01696292
v -0.01140526 -0.02565437 -0.03921089
v -0.01280553 -0.02495362 -0.03474045
v -0.01253086 -0.02517011 -0.03191646
v -0.01298790 -0.02490146 -0.02154186
v -0.01288041 -0.02493425 -0.01658326
v -0.01241923 -0.02514704 -0.01239162
v -0.01271141 -0.02509363 -0.00750422
v -0.01262956 -0.02504178 -0.00317455
v -0.01264823 -0.02505182 0.00339842
v -0.01276010 -0.02506953 0.01204125
v -0.01200186 -0.02560059 0.01903908
v -0.01112011 -0.02588640 0.02033849
v -0.01216178 -0.02157712 0.02599029
v -0.01282755 -0.01950628 0.02871570
v -0.01261821 -0.01868521 0.01077291
v -0.01257811 -0.01871591 0.01474699
v -0.01255012 -0.01853955 0.01329832
v -0.01249239 -0.01842080 0.01602860
v -0.01310551 -0.01695010 0.03305770
v -0.01302010 -0.01741079 -0.02520624
v -0.01300788 -0.01743683 -0.01637712
v -0.01304029 -0.01738153 -0.00545459
v -0.01308830 -0.01734271 -0.00282902
v -0.01301167 -0.01745550 0.00330370
v -0.01248487 -0.01777823 0.00422122
v -0.01257419 -0.01783201 0.01714736
v -0.01249487 -0.01711335 0.03775717
v -0.01202893 -0.01375651 0.02515325
v -0.01261404 -0.01391401 0.04662036
v -0.01336169 -0.01125067 0.02760580
v -0.01271759 -0.01156733 0.03008163
v -0.01310599 -0.01059197 0.03164485
v -0.01182531 -0.00914580 -0.04642582
v -0.01286826 -0.01001854 0.03456745
v -0.01341700 -0.00910489 0.03785298
v -0.01231926 -0.00896213 0.04064690
v -0.01299726 -0.00767222 0.04226570
v -0.01333575 -0.00643461 0.04424273
v -0.01346497 -0.00641320 0.04631476
v -0.01178405 0.00043657 -0.04042760
v -0.01335859 0.00392012 -0.04673764
v -0.01203218 0.00595034 -0.04046472
v -0.01262368 0.00780475 0.04414447
v -0.01339791 0.00815135 -0.04043692
v -0.01309153 0.00827412 0.04032687
v -0.01259985 0.00910307 0.04746748
v -0.01296966 0.01032163 0.03425872
v -0.01303715 0.00957473 0.03838256
v -0.01277380 0.01021047 0.04776347
v -0.01301894 0.01035061 -0.04047079
v -0.01266486 0.01075256 0.03708850
v -0.01280159 0.01109967 0.04785799
v -0.01279345 0.01205053 -0.04074432
v -0.01195211 0.01381604 0.02542791
v -0.01349387 0.01321693 0.04662682
v -0.01182663 0.01508981 -0.04719610
v -0.01266467 0.01513952 -0.04156201
v -0.01261041 0.01542386 0.04103554
v -0.01215881 0.01551776 0.04322049
v -0.01250109 0.01608104 0.02114986
v -0.01222131 0.01587991 -0.04727513
v -0.01286483 0.01708583 -0.04112909
v -0.01201081 0.01923785 -0.04733730
v -0.01301990 0.01737425 -0.03978006
v -0.01283888 0.01743324 -0.03470129
v -0.01301335 0.01742658 -0.02453012
v -0.01275865 0.01751861 -0.00624044
v -0.01257765 0.01781162 -0.00009978
v -0.01323737 0.01802102 0.00166492
v -0.01262811 0.01867773 0.00238505
v -0.01267447 0.01871307 0.01085383
v -0.01264710 0.01869356 0.01635089
v -0.01250086 0.02123722 -0.04785104
v -0.01125113 0.02589267 -0.04378543
v -0.01290293 0.02503292 -0.04335226
v -0.01282453 0.02507982 -0.03693758
v -0.01262501 0.02523140 -0.03206846
v -0.01265914 0.02503208 -0.02746771
v -0.01262341 0.02520276 -0.02371574
v -0.01267727 0.02505137 -0.00197098
v -0.01262658 0.02526063 0.00061617
v -0.01268093 0.02510144 0.00394532
v -0.01277510 0.02518241 0.00850515
v -0.01262457 0.02513254 0.01167470
v -0.01230666 0.02545361 0.01993632
v -0.01138290 -0.02565327 -0.03083193
v -0.01271898 -0.02514295 0.01688404
v -0.01043228 -0.02587089 -0.04426604
v -0.01060905 -0.02463639 -0.04659050
v -0.01067939 -0.02075446 0.02821028
v -0.01103657 -0.02027515 -0.04737915
v -0.01220655 -0.01968146 0.03062598
v -0.01128964 -0.01983821 0.03149419
v -0.01258370 -0.01857997 0.00670934
v -0.01223637 -0.01757023 -0.04117345
v -0.01248398 -0.01778328 -0.03977931
v -0.01263758 -0.01750516 -0.03762807
v -0.01184071 -0.01790210 -0.03064580
v -0.01183624 -0.01789485 -0.02188463
v -0.01182183 -0.01788114 -0.01272657
v -0.01232743 -0.01755529 0.01875312
v -0.01195295 -0.01754956 0.03370430
v -0.01111091 -0.01835465 0.03547980
v -0.01021044 -0.01790543 0.02064239
v -0.01182375 -0.01630586 -0.04145165
v -0.01177027 -0.01546243 0.04104519
v -0.01095373 -0.01543034 -0.04099493
v -0.01110107 -0.01635130 0.02351621
v -0.01063809 -0.01429232 0.02626602
v -0.01244820 -0.00882520 0.04707430
v -0.01262277 -0.00755509 0.04581071
v -0.01261220 -0.00162163 -0.04659256
v -0.01263280 0.00241028 -0.04672531
v -0.01139276 0.00787342 -0.04670343
v -0.01202315 0.00849808 0.04526517
v -0.01273140 0.00786420 0.04659035
v -0.01264265 0.01149807 -0.04656345
v -0.01228980 0.01285198 0.02670357
v -0.01261439 0.01230728 0.02988982
v -0.01130040 0.01306664 0.04770594
v -0.01106179 0.01632365 0.02362566
v -0.01217446 0.01586378 0.02271918
v -0.01189227 0.01671997 -0.04151710
v -0.01221225 0.01616829 0.04029894
v -0.01122415 0.01748735 0.01999635
v -0.00960545 0.01807067 -0.04714532
v -0.01198760 0.01791014 -0.03998985
v -0.01184634 0.01787884 -0.02823415
v -0.01241178 0.01773756 -0.01748477
v -0.01186570 0.01787733 -0.01111879
v -0.01237199 0.01770477 -0.00144288
v -0.01247206 0.01859209 0.00475188
v -0.01256075 0.01863595 0.01438066
v -0.01150547 0.01892522 0.01764466
v -0.01220695 0.02034716 0.02836310
v -0.01179957 0.02314357 -0.04752038
v -0.01209487 0.02428586 -0.04661475
v -0.01071841 0.02586597 -0.04496610
v -0.01262729 0.02513165 -0.02098972
v -0.01267788 0.02503739 -0.01074072
v -0.01161010 0.02541331 0.02124513
v -0.01110761 -0.02590219 -0.04259638
v -0.01116250 -0.02570639 -0.03532696
v -0.01161020 -0.02555254 -0.02346377
v -0.01141795 -0.02563897 -0.01694677
v -0.01110677 -0.02587599 -0.01114142
v -0.01131650 -0.02585979 -0.00821378
v -0.01135254 -0.02573563 -0.00276362
v -0.01109872 -0.02594967 0.00131536
v -0.01083780 -0.02594023 0.00484139
v -0.01101339 -0.02601842 0.00835756
v -0.01126945 -0.02599593 0.01570497
v -0.01089997 -0.02548721 0.02154621
v -0.01061780 -0.02517630 -0.04577894
v -0.00977675 -0.02386614 0.02471654
v -0.01027682 -0.02068245 0.03070358
v -0.01094770 -0.01931156 0.01074731
v -0.01176243 -0.01891138 0.01502346
v -0.01019686 -0.01833099 -0.04707859
v -0.01196937 -0.01788658 -0.03733445
v -0.01206512 -0.01786355 -0.02351574
v -0.01167709 -0.01835915 -0.01522545
v -0.01203523 -0.01791792 -0.00595331
v -0.01187750 -0.01792431 -0.00335561
v -0.01142055 -0.01865721 0.00419993
v -0.01087391 -0.01825627 0.03299701
v -0.01030879 -0.01866856 0.03664275
v -0.01053409 -0.01799364 -0.04149025
v -0.00935969 -0.01852608 0.03825443
v -0.01062614 -0.01651728 0.04021896
v -0.01101104 -0.01569983 0.04470515
v -0.01075938 -0.01561641 0.04580566
v -0.01151354 -0.01386219 0.04750353
v -0.01026443 -0.01392910 0.02990437
v -0.01100846 -0.01308358 0.04792348
v -0.01129304 -0.01167419 0.03429881
v -0.01165430 -0.01118482 0.03673173
v -0.01095522 -0.01103611 0.03920869
v -0.01047092 -0.01096557 0.04103938
v -0.01137126 -0.00947227 0.04392260
v -0.01158742 -0.00933176 0.04628382
v -0.00945264 -0.00574215 -0.04638815
v -0.00984411 -0.00001269 -0.04631197
v -0.01170386 0.00437396 -0.04037226
v -0.01192743 0.00956214 0.04161285
v -0.01067768 0.01040392 0.04664400
v -0.01168267 0.01043556 0.03980971
v -0.01056923 0.00979714 -0.04031683
v -0.01046731 0.01170040 0.03986642
v -0.01126307 0.01231018 0.03302549
v -0.01072307 0.01272512 0.03627379
v -0.01045893 0.01449606 0.04751621
v -0.01084387 0.01666931 -0.04155554
v -0.00976070 0.01765777 0.02160589
v -0.01182301 0.01770995 -0.04100357
v -0.01181249 0.01785585 -0.03742665
v -0.01193354 0.01794294 -0.03441974
v -0.01196666 0.01799704 -0.02684248
v -0.01194862 0.01796499 -0.02446107
v -0.01192768 0.01794441 -0.02008204
v -0.01194961 0.01799338 -0.01509655
v -0.01201342 0.01790526 -0.00850583
v -0.01193135 0.01795772 -0.00275015
v -0.01142763 0.01806157 0.03390161
v -0.01086992 0.01851171 0.03822899
v -0.01092385 0.01911539 -0.01800880
v -0.01133899 0.01863944 -0.00634925
v -0.01106779 0.01898964 -0.00001049
v -0.01110448 0.01873860 0.03703933
v -0.01117051 0.01923767 0.00930187
v -0.01115340 0.01932297 0.01655791
v -0.01084821 0.01986729 0.03229070
v -0.01097165 0.02066443 0.03148995
v -0.01107959 0.02148041 -0.04782442
v -0.00973516 0.02143873 0.02908698
v -0.01077196 0.02104806 0.03042935
v -0.01054608 0.02158348 0.02756761
v -0.01144445 0.02516839 -0.04577671
v -0.01122123 0.02594205 -0.03755309
v -0.01124905 0.02594328 -0.03214898
v -0.01065380 0.02602549 -0.02757862
v -0.01112284 0.02597882 -0.02420600
v -0.01129750 0.02587429 -0.01767422
v -0.01111560 0.02596834 -0.01144371
v -0.01126028 0.02595677 -0.00794136
v -0.01117288 0.02590646 -0.00198047
v -0.01112309 0.02602783 0.00209371
v -0.01132808 0.02597961 0.00911378
v -0.01102300 0.02613614 0.01643183
v -0.01042749 -0.02601028 -0.02667023
v -0.00984562 -0.02621511 -0.02230860
v -0.01002430 -0.02620230 -0.01435463
v -0.00862741 -0.02152221 0.02912228
v -0.00870489 -0.02039823 0.03227807
v -0.01107000 -0.01874366 -0.04113406
v -0.00926896 -0.02023186 -0.04018098
v -0.00937134 -0.02021278 -0.03941925
v -0.01107663 -0.01878448 -0.03746167
v -0.01109537 -0.01875522 -0.03070201
v -0.01112731 -0.01883207 -0.02525379
v -0.01066093 -0.01911734 -0.02171656
v -0.01066943 -0.01911186 -0.01268517
v -0.01073192 -0.01923489 -0.00640770
v -0.01025843 -0.01949211 -0.00437454
v -0.01049247 -0.01942491 0.00575103
v -0.01068532 -0.01930274 0.01326988
v -0.01105517 -0.01869690 0.01874011
v -0.01030039 -0.01721027 0.02233184
v -0.00892430 -0.01632616 0.04667112
v -0.00970048 -0.01448143 -0.04080268
v -0.01012119 -0.01433098 0.02741386
v -0.00981377 -0.01361006 0.03210980
v -0.00984931 -0.01314077 0.04787189
v -0.00943123 -0.01226810 -0.04659399
v -0.01051067 -0.01133792 0.04744588
v -0.00982970 -0.01110146 0.04667661
v -0.00935474 -0.00844970 -0.04057957
v -0.00945882 0.00123951 -0.03985204
v -0.00908805 0.00718187 -0.04004937
v -0.01022971 0.01070098 0.04581739
v -0.00908442 0.01122232 -0.04669385
v -0.01011118 0.01216985 0.04754360
v -0.01013969 0.01359669 -0.04682077
v -0.00948348 0.01391213 -0.04060813
v -0.00963786 0.01500451 0.02673529
v -0.01086556 0.01402142 0.02793241
v -0.01029096 0.01433220 0.02948041
v -0.01078157 0.01551599 0.04638709
v -0.01012943 0.01677083 0.04166421
v -0.01037350 0.01634135 0.04483747
v -0.00993200 0.01744881 0.04030406
v -0.01028203 0.01953079 -0.03700916
v -0.01032314 0.01959146 -0.02914616
v -0.01039418 0.01963160 -0.02308467
v -0.01036953 0.01958686 -0.01353875
v -0.01041342 0.01965205 -0.00815038
v -0.00947413 0.02027384 -0.00397140
v -0.01024001 0.01865943 0.01952055
v -0.01020962 0.01910712 0.03303251
v -0.01088306 0.01934119 0.00253693
v -0.01080422 0.01929030 0.00571027
v -0.01059827 0.01943941 0.01300643
v -0.00988134 0.02150324 0.02829352
v -0.01053517 0.02302181 -0.04777785
v -0.00954865 0.02505676 0.02352603
v -0.00990940 0.02417858 -0.04745399
v -0.01045791 0.02629620 0.01994614
v -0.00832328 -0.02646127 -0.04436829
v -0.01003771 -0.02618327 -0.04098061
v -0.00847871 -0.02658379 -0.03662556
v -0.00786544 -0.02661389 -0.02826969
v -0.01024214 -0.02625963 -0.00794337
v -0.01024045 -0.02626463 0.00144916
v -0.00947247 -0.02651077 0.01366901
v -0.00977275 -0.02648181 0.01934766
v -0.00871810 -0.02593241 -0.04584665
v -0.00807008 -0.02591027 0.02273018
v -0.00898120 -0.02383174 -0.04754269
v -0.00869329 -0.02307832 0.02615583
v -0.00838729 -0.02245914 -0.04784098
v -0.00870498 -0.02186311 0.02788197
v -0.00629038 -0.02103660 -0.04725274
v -0.00926881 -0.01997598 -0.03748653
v -0.01032837 -0.01952861 -0.03463915
v -0.01016511 -0.01943526 -0.03064671
v -0.01034203 -0.01952608 -0.02348165
v -0.00941925 -0.02020071 -0.01516420
v -0.00945367 -0.02026838 -0.00595831
v -0.01032667 -0.01954108 -0.00277785
v -0.00946885 -0.02027577 0.00240262
v -0.00923811 -0.02015163 0.00478383
v -0.00946706 -0.02027347 0.01096784
v -0.00943155 -0.02028295 0.01595447
v -0.00864669 -0.02026343 -0.04101249
v -0.00861464 -0.02029289 0.01777523
v -0.00986701 -0.01919421 0.01872868
v -0.00928389 -0.01892448 0.03395025
v -0.00985531 -0.01695451 0.02351120
v -0.00911377 -0.01592270 0.02508007
v -0.00957569 -0.01662934 0.04377782
v -0.00945374 -0.01470672 0.02909395
v -0.00912784 -0.01355135 0.03420678
v -0.00941554 -0.01311211 0.03708181
v -0.00945371 -0.01192502 -0.04060098
v -0.01007526 -0.01068635 0.04409760
v -0.00807032 -0.00999010 -0.04638604
v -0.00868576 0.00748415 -0.04642376
v -0.00871772 0.01027971 -0.04016629
v -0.00894415 0.01193961 0.04318075
v -0.00940104 0.01267281 0.03957325
v -0.00965510 0.01346641 0.03451547
v -0.00865563 0.01483188 0.03195525
v -0.00953581 0.01540495 -0.04090701
v -0.00825909 0.01639421 0.02533989
v -0.00940376 0.01625377 0.04658563
v -0.00944116 0.01786883 -0.04180841
v -0.01000781 0.01928979 -0.04117576
v -0.00926119 0.01916664 0.03386309
v -0.00930883 0.01933736 0.03484693
v -0.00958502 0.02029634 -0.04025403
v -0.00946807 0.02026751 -0.02070065
v -0.00860189 0.01985238 0.03703230
v -0.00959916 0.02029657 -0.03908455
v -0.00942664 0.02025680 -0.02866313
v -0.00957044 0.02031538 0.00011620
v -0.00946567 0.02026433 0.00439315
v -0.00973987 0.02025483 0.00920705
v -0.00951567 0.02033102 0.01712866
v -0.00912454 0.02143714 -0.04747931
v -0.00881672 0.02191143 0.03064246
v -0.00860195 0.02661180 -0.04419502
v -0.00869053 0.02661111 -0.04061057
v -0.00963834 0.02648588 -0.03819937
v -0.00906773 0.02663151 -0.03239191
v -0.00984488 0.02640397 -0.02311317
v -0.01024821 0.02632130 -0.01433201
v -0.00986666 0.02640868 -0.00797191
v -0.01024036 0.02626086 -0.00240672
v -0.01024347 0.02633206 0.00319195
v -0.00983874 0.02649287 0.00967378
v -0.00983848 0.02651852 0.01846834
v -0.00836069 0.02658977 0.02131222
v -0.00789817 -0.02663065 -0.03386858
v -0.00779085 -0.02683172 -0.03124804
v -0.00838142 -0.02661305 -0.01285706
v -0.00858763 -0.02659560 -0.00118138
v -0.00874761 -0.02666066 0.00199649
v -0.00860967 -0.02659965 0.00499850
v -0.00877642 -0.02663481 0.01124240
v -0.00828323 -0.02668970 0.02073757
v -0.00868358 -0.02110535 0.03157904
v -0.00837527 -0.01985267 -0.04131564
v -0.00871414 -0.02029675 -0.03272336
v -0.00905953 -0.01998601 -0.02977973
v -0.00869207 -0.02028452 -0.02457043
v -0.00894908 -0.02020688 -0.02021954
v -0.00923413 -0.02014019 -0.01274773
v -0.00936411 -0.02022069 -0.00959262
v -0.00927103 -0.02016603 -0.00377642
v -0.00943381 -0.02026849 -0.00197723
v -0.00945740 -0.02027548 0.00678702
v -0.00922400 -0.02021792 0.01363022
v -0.00830158 -0.01938818 0.03305712
v -0.00800619 -0.01802096 0.03980479
v -0.00838375 -0.01763323 0.02327623
v -0.00902986 -0.01721465 0.04101707
v -0.00798103 -0.01716698 0.04584056
v -0.00708943 -0.01679083 -0.04690136
v -0.00727302 -0.01587423 0.04756293
v -0.00910740 -0.01227459 0.04043000
v -0.00816908 -0.00979071 -0.04050988
v -0.00791930 -0.01241898 0.04221393
v -0.00823679 -0.00361044 -0.04035191
v -0.00785035 -0.00194867 -0.04024026
v -0.00945343 0.00400568 -0.03976625
v -0.00827349 0.00875801 -0.03996056
v -0.00883357 0.01189593 0.04583879
v -0.00956261 0.01163305 0.04661171
v -0.00889477 0.01233275 0.04169954
v -0.00785482 0.01467425 0.03627418
v -0.00868577 0.01432302 0.04778979
v -0.00755215 0.01523800 -0.04672788
v -0.00780190 0.01601918 0.02673217
v -0.00867088 0.01550338 0.02909165
v -0.00836187 0.01596970 0.04743933
v -0.00848440 0.01748240 0.04414949
v -0.00872832 0.01705585 0.04546093
v -0.00817255 0.01784102 0.02357785
v -0.00883106 0.01897815 -0.04160874
v -0.00832665 0.01899477 0.02038574
v -0.00780417 0.01837785 0.04069265
v -0.00869632 0.02025620 0.01848525
v -0.00795623 0.02063800 -0.04716422
v -0.00937407 0.02023564 -0.03744294
v -0.00957590 0.02032353 -0.03069711
v -0.00955419 0.02031529 -0.02391911
v -0.00951238 0.02029673 -0.01394384
v -0.00954210 0.02030942 -0.00906304
v -0.00951143 0.02031330 0.01314233
v -0.00858278 0.02261339 -0.04778499
v -0.00801935 0.02251275 0.02791999
v -0.00843282 0.02342055 -0.04783692
v -0.00833733 0.02400857 0.02570350
v -0.00738299 0.02590381 -0.04661545
v -0.00881653 0.02612653 -0.04562259
v -0.00860314 0.02657418 -0.03502517
v -0.00851560 0.02659949 -0.02742088
v -0.00871882 0.02663239 -0.01511911
v -0.00860636 0.02658349 -0.01233020
v -0.00867401 0.02660628 -0.00575883
v -0.00851232 0.02659875 -0.00182399
v -0.00895148 0.02662123 0.00348085
v -0.00900249 0.02661915 0.01262370
v -0.00746302 -0.02729533 0.01873951
v -0.00697606 -0.02741072 0.01953207
v -0.00776178 -0.02679365 -0.04301190
v -0.00783867 -0.02660798 -0.03902027
v -0.00799447 -0.02663528 -0.02395933
v -0.00813011 -0.02663010 -0.01699832
v -0.00757929 -0.02575374 -0.04653019
v -0.00639190 -0.02485787 0.02504457
v -0.00685100 -0.02106488 -0.03986297
v -0.00707003 -0.02109530 -0.03462907
v -0.00712043 -0.02109201 -0.00525321
v -0.00709185 -0.02112179 0.00277303
v -0.00722923 -0.02112418 0.00702995
v -0.00798018 -0.02063337 0.01595482
v -0.00744242 -0.01929252 -0.04154426
v -0.00816918 -0.01864837 0.02066452
v -0.00784563 -0.01948600 0.03779241
v -0.00747640 -0.01867990 -0.04143861
v -0.00748418 -0.01596227 0.02703757
v -0.00752009 -0.01547106 0.03006687
v -0.00840967 -0.01472522 0.03132483
v -0.00834475 -0.01354355 0.03787200
v -0.00828937 -0.01346703 0.04756400
v -0.00810058 -0.01250864 0.04665720
v -0.00629267 -0.00695787 -0.04063025
v -0.00727953 -0.00712000 -0.04608119
v -0.00788749 -0.00040466 -0.04578453
v -0.00731245 0.00158136 -0.04586970
v -0.00826772 0.00367721 -0.03968485
v -0.00789891 0.01386151 0.04762867
v -0.00872317 0.01393135 0.03787741
v -0.00770307 0.01479223 0.03427572
v -0.00727275 0.01589897 0.04769245
v -0.00589125 0.01711176 -0.04099712
v -0.00811219 0.01782738 -0.04151672
v -0.00770355 0.01809505 0.04183138
v -0.00728006 0.01866526 -0.04711841
v -0.00717451 0.01886410 0.02177190
v -0.00806359 0.02004284 0.03322318
v -0.00829564 0.01947202 0.03875759
v -0.00870293 0.02037819 -0.04112706
v -0.00868099 0.02102868 0.03225680
v -0.00782699 0.02027025 0.03624797
v -0.00714372 0.02027581 0.03789558
v -0.00709796 0.02106652 -0.03064963
v -0.00669336 0.02095729 -0.02850716
v -0.00718983 0.02107681 -0.02667671
v -0.00702146 0.02103240 -0.02366802
v -0.00672444 0.02099186 -0.02008678
v -0.00714881 0.02107568 -0.01750874
v -0.00680030 0.02106183 -0.01302091
v -0.00711518 0.02107219 -0.00516638
v -0.00828237 0.02071250 -0.00017427
v -0.00726909 0.02086945 0.00484506
v -0.00716428 0.02108108 0.00679541
v -0.00699806 0.02101016 0.01376431
v -0.00734851 0.02089622 0.01537337
v -0.00631007 0.02576905 0.02420540
v -0.00865892 0.02660559 -0.02188804
v -0.00706118 0.02741480 0.00123338
v -0.00745814 0.02719275 0.00678723
v -0.00728834 0.02744870 0.00950421
v -0.00699645 0.02737220 0.01207408
v -0.00629015 -0.02724334 -0.03280241
v -0.00707780 -0.02709269 -0.01619487
v -0.00707050 -0.02715253 -0.00960950
v -0.00707929 -0.02724426 0.00162721
v -0.00707504 -0.02720928 0.00790133
v -0.00786261 -0.02709679 0.01308963
v -0.00704521 -0.02492405 -0.04743490
v -0.00667483 -0.02383692 -0.04784125
v -0.00711628 -0.02249599 0.02793485
v -0.00619718 -0.02197915 -0.04742785
v -0.00717977 -0.02184023 0.03111809
v -0.00630164 -0.02106957 -0.03743926
v -0.00594616 -0.02103461 -0.03288165
v -0.00669693 -0.02056664 -0.03122783
v -0.00708726 -0.02040927 -0.02824088
v -0.00767601 -0.02069130 -0.02149785
v -0.00717015 -0.02110390 -0.01739270
v -0.00700812 -0.02104444 -0.01273215
v -0.00643515 -0.02110926 0.00461261
v -0.00706329 -0.02105823 0.01316067
v -0.00710533 -0.02107153 0.01506061
v -0.00474793 -0.02107035 0.01756806
v -0.00629187 -0.02026872 0.01953366
v -0.00756808 -0.01959267 0.03385252
v -0.00691572 -0.02021122 0.03548589
v -0.00713198 -0.01790988 0.04104792
v -0.00707530 -0.01711269 0.04663944
v -0.00747933 -0.01391333 -0.04074865
v -0.00667882 -0.01511145 0.04773154
v -0.00487383 -0.01626833 -0.04656727
v -0.00682936 -0.01472190 0.03417768
v -0.00648877 -0.01469006 0.03690660
v -0.00728912 -0.01344123 0.04011460
v -0.00619495 -0.01221679 -0.04643080
v -0.00783262 -0.01230030 0.04462917
v -0.00676389 -0.01289326 0.04542198
v -0.00658852 -0.01172714 -0.04054083
v -0.00678206 -0.00171010 -0.03983928
v -0.00674377 0.00522781 -0.04582582
v -0.00510910 0.00594880 -0.03988235
v -0.00656796 0.00954405 -0.04633807
v -0.00567083 0.01350357 -0.04677221
v -0.00672637 0.01341100 0.04662398
v -0.00721120 0.01470912 0.03788002
v -0.00707754 0.01627236 -0.04668446
v -0.00620167 0.01628311 0.03063398
v -0.00708278 0.01786927 0.02431509
v -0.00720979 0.01713942 0.04675849
v -0.00613642 0.01857877 0.04404713
v -0.00668133 0.01868147 -0.04159622
v -0.00653436 0.02025842 -0.04146617
v -0.00628693 0.02025546 0.02029787
v -0.00651309 0.02102423 -0.03762202
v -0.00713037 0.02107646 -0.03520525
v -0.00716476 0.02107914 -0.00914078
v -0.00657496 0.02105336 -0.00275568
v -0.00710938 0.02108550 0.00184031
v -0.00608019 0.02245897 0.03149252
v -0.00701266 0.02245633 0.02928510
v -0.00639285 0.02424905 -0.04775051
v -0.00685244 0.02535410 -0.04724000
v -0.00740415 0.02707241 -0.01136914
v -0.00655059 0.02668130 0.02233816
v -0.00685605 0.02738561 -0.04265972
v -0.00747292 0.02715218 -0.03962252
v -0.00722515 0.02727044 -0.03473819
v -0.00709622 0.02729702 -0.03065542
v -0.00659234 0.02743763 -0.02244879
v -0.00748359 0.02712852 -0.01615613
v -0.00718292 0.02745349 0.01873082
v -0.00629600 -0.02742247 -0.04220563
v -0.00619911 -0.02731734 -0.03998012
v -0.00668073 -0.02705750 -0.02832272
v -0.00702949 -0.02738848 0.01526049
v -0.00510869 -0.02718840 0.02158915
v -0.00591031 -0.02237495 0.02913167
v -0.00617893 -0.02132583 0.03226062
v -0.00655164 -0.02071469 -0.04106077
v -0.00670303 -0.02059325 -0.02552869
v -0.00560640 -0.02109615 -0.02266738
v -0.00682604 -0.02013324 0.03297799
v -0.00589811 -0.01947385 -0.04720855
v -0.00603577 -0.01931780 0.02118076
v -0.00636110 -0.02006556 0.03389986
v -0.00631997 -0.02026470 0.03705287
v -0.00649252 -0.01956467 0.03865057
v -0.00630185 -0.01869359 0.02276201
v -0.00609107 -0.01750405 -0.04083672
v -0.00629014 -0.01788937 0.02431851
v -0.00556991 -0.01720898 0.02548208
v -0.00460872 -0.01855429 0.04446220
v -0.00550250 -0.01629848 -0.04054497
v -0.00508348 -0.01545939 0.03358445
v -0.00629300 -0.01399809 0.04735812
v -0.00655924 -0.01323729 0.04658461
v -0.00645611 -0.00604316 -0.04579132
v -0.00513625 -0.00716481 -0.04059701
v -0.00500000 0.00256355 -0.03965787
v -0.00635803 0.00756129 -0.04575523
v -0.00629535 0.00893660 -0.03997047
v -0.00412348 0.01204945 -0.04020087
v -0.00611671 0.01346557 0.04545152
v -0.00608468 0.01423929 0.04008610
v -0.00612157 0.01438847 0.04750110
v -0.00667942 0.01552470 0.03305315
v -0.00624036 0.01546641 0.03466410
v -0.00541860 0.01591294 0.04781543
v -0.00550458 0.01714291 0.04748279
v -0.00630149 0.01794228 0.04598281
v -0.00591889 0.01948301 -0.04168800
v -0.00633116 0.01924292 0.04011098
v -0.00644839 0.02048232 0.03395718
v -0.00713821 0.02108181 -0.04024186
v -0.00538992 0.02106587 0.01845429
v -0.00656577 0.02080960 0.03289620
v -0.00610940 0.02077032 0.03663560
v -0.00601676 0.02143833 -0.04717354
v -0.00471065 0.02262394 -0.04737758
v -0.00631045 0.02270976 0.03028924
v -0.00640019 0.02331040 0.02752806
v -0.00554841 0.02743807 -0.04505767
v -0.00638146 0.02743106 -0.04421771
v -0.00667471 0.02724823 -0.02566712
v -0.00692078 0.02738522 -0.00761675
v -0.00641843 0.02745928 -0.00177466
v -0.00469101 0.02792873 0.02031883
v -0.00560741 -0.02745299 -0.04360555
v -0.00608721 -0.02729549 -0.02362113
v -0.00610097 -0.02733962 -0.01483704
v -0.00596971 -0.02740197 -0.00795510
v -0.00590668 -0.02739366 -0.00263214
v -0.00556125 -0.02744946 0.00233957
v -0.00557600 -0.02743354 0.00677219
v -0.00549293 -0.02757239 0.00866620
v -0.00548188 -0.02750187 0.01110647
v -0.00380273 -0.02661979 -0.04640230
v -0.00499853 -0.02602447 0.02374365
v -0.00501113 -0.02385095 -0.04783686
v -0.00470462 -0.02282311 0.02830796
v -0.00487406 -0.02250936 0.03070372
v -0.00549684 -0.02206574 0.03165255
v -0.00549809 -0.02122423 -0.03463972
v -0.00628901 -0.02123989 -0.01513609
v -0.00572345 -0.02114682 -0.01251230
v -0.00629661 -0.02122953 -0.00845782
v -0.00492496 -0.02114871 -0.00395886
v -0.00590055 -0.02123336 -0.00171617
v -0.00629049 -0.02123233 0.00239158
v -0.00629552 -0.02124007 0.00936239
v -0.00492245 -0.02117905 0.01336554
v -0.00461240 -0.02023318 -0.04146006
v -0.00511861 -0.01949542 -0.04154721
v -0.00469829 -0.01897727 0.04026488
v -0.00588761 -0.01837951 0.04163810
v -0.00490876 -0.01351455 -0.04040603
v -0.00539922 -0.01629550 0.02978611
v -0.00427654 -0.01501589 0.04749488
v -0.00520666 -0.01410690 0.04085505
v -0.00463169 -0.01390638 0.04305326
v -0.00510564 -0.00953982 -0.04071670
v -0.00352907 -0.00534880 -0.03977885
v -0.00589710 -0.00237701 -0.04568791
v -0.00397569 -0.00281386 -0.03952316
v -0.00473037 0.00157748 -0.04594491
v -0.00624934 0.00422837 -0.04581731
v -0.00589950 0.01390700 0.04213151
v -0.00628027 0.01548538 0.03626667
v -0.00571279 0.01658694 0.02941767
v -0.00533113 0.01744217 0.02555039
v -0.00522747 0.01695244 0.02712314
v -0.00552873 0.02021582 0.03892039
v -0.00549716 0.02112252 0.00516403
v -0.00356933 0.02133145 -0.03978873
v -0.00431136 0.02126700 -0.03454020
v -0.00470936 0.02111870 -0.02867817
v -0.00470123 0.02120156 -0.02628544
v -0.00470730 0.02110144 -0.01990411
v -0.00431272 0.02126390 -0.01730640
v -0.00510088 0.02117898 -0.00280498
v -0.00510775 0.02136302 0.01086281
v -0.00550082 0.02118177 0.01352624
v -0.00428380 0.02240514 0.03214268
v -0.00549484 0.02314196 0.02880125
v -0.00523379 0.02551880 -0.04744541
v -0.00616880 0.02748789 -0.03811690
v -0.00620653 0.02751071 -0.03455058
v -0.00570647 0.02748259 -0.02891128
v -0.00612095 0.02748068 -0.01742223
v -0.00631332 0.02741050 -0.01233334
v -0.00487126 0.02767246 0.00576504
v -0.00550094 0.02764150 0.00873411
v -0.00491154 0.02775296 0.01493434
v -0.00510383 0.02795350 0.01953299
v -0.00508257 -0.02745752 -0.01758644
v -0.00539950 -0.02744812 -0.01055554
v -0.00391922 -0.02796478 0.01475620
v -0.00352697 -0.02801301 0.01794644
v -0.00509374 -0.02785088 0.01913303
v -0.00508051 -0.02748019 -0.03703413
v -0.00484659 -0.02745026 -0.03312459
v -0.00463086 -0.02739850 -0.02945718
v -0.00324139 -0.02138716 -0.04001343
v -0.00282415 -0.02114594 -0.04111502
v -0.00352482 -0.02124330 -0.03698828
v -0.00513019 -0.02105119 -0.03011699
v -0.00392608 -0.02127483 -0.00692912
v -0.00352621 -0.02131528 0.01000378
v -0.00469702 -0.02127999 0.01554972
v -0.00273662 -0.02104677 0.01865687
v -0.00548777 -0.02015282 0.03293533
v -0.00374753 -0.02058922 0.03385061
v -0.00468644 -0.02069897 0.03666468
v -0.00453887 -0.02031990 0.03813677
v -0.00273632 -0.01986953 -0.04700389
v -0.00074851 -0.01788364 -0.04061415
v -0.00456303 -0.01874867 0.04140372
v -0.00463801 -0.01787468 0.04656573
v -0.00486326 -0.01688578 0.02707076
v -0.00440935 -0.01654808 0.04753575
v -0.00203446 -0.01593516 0.03402854
v -0.00462923 -0.01549558 0.03628476
v -0.00478475 -0.01471773 0.03949814
v -0.00347337 -0.00814995 -0.04577278
v -0.00471683 -0.00599528 -0.04032383
v -0.00391616 0.00474263 -0.04597355
v -0.00473976 0.00848769 -0.04585595
v -0.00115493 0.00992356 -0.03970766
v -0.00481229 0.01411702 0.04631198
v -0.00448568 0.01621846 -0.04089908
v -0.00458630 0.01443485 0.04185618
v -0.00404841 0.01597146 0.03543828
v -0.00391333 0.01946654 -0.04718229
v -0.00483985 0.01889843 0.04450380
v -0.00440114 0.01982923 0.02204363
v -0.00532038 0.01912001 0.04142898
v -0.00233311 0.02024703 -0.04150838
v -0.00319866 0.02104094 -0.04104621
v -0.00490263 0.02078884 0.03404561
v -0.00360934 0.02128699 -0.03737160
v -0.00470596 0.02111363 -0.01115125
v -0.00431551 0.02128584 -0.00874023
v -0.00491484 0.02137969 0.01633352
v -0.00272556 0.02343167 -0.04780007
v -0.00429598 0.02331090 0.03068023
v -0.00421930 0.02501280 -0.04776484
v -0.00420041 0.02454494 0.02628733
v -0.00469051 0.02669281 -0.04664514
v -0.00391857 0.02792588 -0.04340782
v -0.00229080 0.02798358 -0.03324277
v -0.00352453 0.02789555 -0.01372495
v -0.00313052 0.02786264 -0.00994058
v -0.00367296 0.02781189 -0.00143631
v -0.00352450 0.02790666 0.00121214
v -0.00314679 -0.02745129 -0.04506080
v -0.00289253 -0.02789203 -0.04220494
v -0.00466416 -0.02740985 -0.02473847
v -0.00381894 -0.02774924 -0.02329174
v -0.00370018 -0.02786912 -0.01570950
v -0.00313079 -0.02786387 -0.01053795
v -0.00392127 -0.02788730 -0.00575461
v -0.00298293 -0.02792198 -0.00057991
v -0.00421739 -0.02781323 0.00360062
v -0.00372248 -0.02787264 0.01196154
v -0.00430997 -0.02562822 -0.04728189
v -0.00113123 -0.02502426 -0.04769827
v -0.00412492 -0.02340321 0.02753030
v -0.00353436 -0.02305269 -0.04750142
v -0.00389886 -0.02263178 0.02905304
v -0.00235817 -0.02198727 0.03234707
v -0.00332820 -0.02137721 -0.03321273
v -0.00312844 -0.02138521 -0.02384881
v -0.00312726 -0.02127115 -0.02144555
v -0.00352666 -0.02132588 -0.01539034
v -0.00352659 -0.02129648 0.00074397
v -0.00417302 -0.02103178 0.03268365
v -0.00373152 -0.02087439 0.03546793
v -0.00392192 -0.01947574 0.02192305
v -0.00388449 -0.01874739 0.02356881
v -0.00337793 -0.01837266 0.04623042
v -0.00353226 -0.01709758 0.02869803
v -0.00114505 -0.01470136 -0.04601476
v -0.00395087 -0.01402897 0.04583429
v -0.00336446 -0.00616082 -0.04574677
v -0.00435819 -0.00126905 -0.04584573
v -0.00350799 0.01073383 -0.04634960
v -0.00179147 0.01463462 -0.04054641
v -0.00254180 0.01541024 0.04037057
v -0.00388100 0.01426578 0.04544891
v -0.00293863 0.01431529 -0.04679682
v -0.00410521 0.01547475 0.04771712
v -0.00371425 0.01668260 -0.04675182
v -0.00320191 0.01631171 0.03626475
v -0.00477752 0.01717664 0.02908658
v -0.00393494 0.01707351 0.03061531
v -0.00312617 0.01948370 0.02355436
v -0.00232342 0.01866901 0.04658740
v -0.00381492 0.01944176 0.04064539
v -0.00392325 0.01929386 0.04342863
v -0.00143411 0.02203897 -0.04735180
v -0.00304408 0.02118139 0.03308197
v -0.00392810 0.02104769 0.03706544
v -0.00284140 0.02107270 0.03819644
v -0.00471071 0.02126984 0.00440298
v -0.00393338 0.02152442 0.00600831
v -0.00350479 0.02348231 0.02831799
v -0.00224112 0.02630263 0.02422518
v -0.00299608 0.02705638 0.02273121
v -0.00254340 0.02793041 0.02110334
v -0.00312953 0.02789453 -0.04061066
v -0.00322521 0.02787389 -0.02648420
v -0.00313097 0.02795132 -0.00396541
v -0.00293364 0.02798824 0.00738626
v -0.00174742 -0.02803059 -0.03862021
v -0.00234028 -0.02806408 -0.03543202
v -0.00248545 -0.02798003 -0.02952882
v -0.00313091 -0.02802666 0.00957705
v -0.00195641 -0.02816697 0.01958573
v -0.00271530 -0.02802958 0.02033787
v -0.00352384 -0.02184335 -0.04712934
v -0.00348443 -0.02249401 0.03145279
v -0.00312593 -0.02124795 -0.01228298
v -0.00312608 -0.02123980 0.00484302
v -0.00192541 -0.02131990 0.01696652
v -0.00266521 -0.02033437 0.02057863
v -0.00359604 -0.02072619 0.03309476
v -0.00203647 -0.02099602 0.03668074
v -0.00245151 -0.01953765 0.03955456
v -0.00292981 -0.01708571 -0.04060425
v -0.00256130 -0.01737106 0.02669712
v -0.00331417 -0.01569314 0.03664596
v -0.00350516 -0.01550003 0.03780129
v -0.00331192 -0.01443702 0.04672957
v -0.00313025 -0.01232257 -0.04624769
v -0.00315590 -0.00918868 -0.04030954
v -0.00220865 -0.00263773 -0.04579116
v -0.00367010 -0.00071509 -0.03943047
v -0.00358483 0.00197040 -0.04584365
v -0.00315131 0.00757306 -0.04585654
v -0.00367309 0.01489393 0.04726994
v -0.00268566 0.01631588 0.03392019
v -0.00195650 0.01784668 0.02587131
v -0.00215402 0.01746597 0.02710938
v -0.00392755 0.01729882 0.02747327
v -0.00313611 0.01748517 0.02946433
v -0.00112421 0.01802311 0.04758102
v -0.00278783 0.01948001 -0.04159273
v -0.00207250 0.02092901 0.02048828
v -0.00263512 0.01977173 0.04027008
v -0.00121896 0.02115864 0.03427714
v -0.00353479 0.02138429 -0.02966257
v -0.00351956 0.02143303 -0.02636491
v -0.00355250 0.02130423 -0.01990458
v -0.00352038 0.02141175 -0.01364798
v -0.00352178 0.02130234 -0.01152982
v -0.00314930 0.02161155 -0.00868588
v -0.00313468 0.02165995 -0.00311071
v -0.00379431 0.02156784 -0.00042742
v -0.00317302 0.02185923 0.00499828
v -0.00387892 0.02182635 0.01199729
v -0.00310845 0.02199098 0.01691665
v -0.00280082 0.02183960 0.01832848
v -0.00126835 0.02264747 0.03205387
v -0.00388683 0.02340120 0.02948184
v -0.00387996 0.02307758 0.03146366
v -0.00170767 0.02452744 0.02689577
v -0.00202427 0.02749867 -0.04591394
v -0.00163799 0.02787289 -0.04497263
v -0.00273530 0.02800619 -0.02348389
v -0.00194529 0.02799983 -0.01641391
v -0.00313112 0.02794595 0.01236542
v -0.00392616 0.02813660 0.01954087
v -0.00194447 -0.02803013 -0.02438209
v -0.00293362 -0.02802373 -0.00565882
v -0.00313202 -0.02800832 0.00619105
v -0.00113450 -0.02796546 0.02112682
v -0.00064348 -0.02746591 0.02251978
v -0.00181170 -0.02624606 0.02414519
v 0.00025775 -0.02575377 -0.04736936
v -0.00035844 -0.02424574 -0.04786228
v -0.00247046 -0.02427443 0.02651679
v -0.00291363 -0.02304720 0.02950857
v -0.00151456 -0.02327736 0.03072946
v -0.00312768 -0.02128973 -0.02921732
v -0.00274138 -0.02149432 -0.00652286
v -0.00312760 -0.02122444 -0.00391313
v -0.00313064 -0.02124308 0.01279907
v -0.00073683 -0.02092156 0.03785673
v -0.00156552 -0.01947832 0.02351251
v -0.00235039 -0.01783393 0.02552963
v -0.00074408 -0.01914032 0.04403556
v -0.00169268 -0.01784912 0.04740067
v -0.00151391 -0.01708088 0.04776254
v -0.00241970 -0.01657704 0.03088433
v -0.00095626 -0.01432063 0.04303641
v -0.00310553 -0.01419390 0.04580194
v 0.00002171 -0.00042919 -0.04498819
v -0.00174502 -0.00256033 -0.03894276
v -0.00191924 0.00169891 -0.03898501
v -0.00226763 0.00366858 -0.03924724
v -0.00059088 0.00572513 -0.04584252
v -0.00223381 0.00643904 -0.03958134
v -0.00186422 0.00634952 -0.04592930
v -0.00228991 0.00876482 -0.04579162
v -0.00205173 0.01480155 0.04308491
v 0.00002154 0.01482826 0.04662571
v -0.00235161 0.01708176 -0.04658283
v -0.00116364 0.01628825 0.04797133
v -0.00099950 0.01628583 -0.04103703
v -0.00075844 0.01709716 0.03223702
v -0.00226954 0.01848213 0.02480730
v 0.00039340 0.01967619 0.04105268
v -0.00074507 0.01918960 0.04583043
v -0.00232914 0.02167600 -0.03941191
v -0.00310196 0.02155102 -0.03504238
v -0.00257644 0.02176842 -0.01656432
v -0.00199693 0.02219234 0.00309867
v -0.00135593 0.02714405 -0.04657385
v -0.00274427 0.02803802 -0.04339890
v -0.00081415 -0.02741728 -0.04564775
v -0.00096791 -0.02804596 -0.04300089
v -0.00155073 -0.02806007 -0.03105279
v -0.00184740 -0.02801129 -0.01840535
v -0.00234143 -0.02807510 -0.01511960
v -0.00033517 -0.02811851 0.01714123
v -0.00046163 -0.02666901 -0.04662834
v -0.00053344 -0.02457660 0.02642177
v -0.00096315 -0.02259904 -0.04735434
v -0.00030705 -0.02354361 0.02872304
v 0.00003222 -0.02345649 0.03071014
v -0.00214728 -0.02168949 -0.03582393
v -0.00236130 -0.02164921 -0.03200533
v -0.00235600 -0.02159848 -0.02365303
v -0.00236048 -0.02149001 -0.02127305
v -0.00202200 -0.02177683 -0.01726247
v -0.00236637 -0.02147925 -0.01250685
v -0.00238012 -0.02146264 -0.00413301
v -0.00202689 -0.02176342 0.00235529
v -0.00235699 -0.02147907 0.00501928
v -0.00194861 -0.02181788 0.00738583
v -0.00232121 -0.02149026 0.01405610
v -0.00197254 -0.02152939 0.01592299
v 0.00012942 -0.02028920 -0.04150547
v -0.00102759 -0.01946594 -0.04125756
v -0.00096933 -0.01937808 0.04017743
v -0.00076815 -0.01923489 0.04144262
v -0.00035880 -0.01860602 0.04640094
v -0.00113159 -0.01691621 -0.04656911
v -0.00144408 -0.01734604 0.02868879
v -0.00108557 -0.01548213 0.03906953
v -0.00155198 -0.01232753 -0.04026537
v -0.00104224 -0.01121289 -0.04577999
v -0.00154604 -0.01068920 -0.03984104
v -0.00035971 -0.00976227 -0.04566898
v 0.00000823 -0.00517103 -0.04598071
v -0.00067434 -0.00610124 -0.03951266
v -0.00132895 0.01385370 -0.04667576
v -0.00154681 0.01468503 -0.04670557
v -0.00043175 0.01480919 0.04383889
v 0.00000578 0.01466965 0.04583145
v -0.00098940 0.01548910 0.04769841
v -0.00081963 0.01627394 0.03808382
v -0.00145887 0.01557856 0.04019025
v -0.00116300 0.01649694 0.03425325
v -0.00145804 0.01697383 0.04797258
v 0.00111512 0.01985540 -0.04713643
v 0.00042065 0.02105617 0.03859208
v -0.00231690 0.02166928 -0.03660576
v -0.00216284 0.02196464 -0.03214498
v -0.00122142 0.02237666 -0.02877474
v -0.00243099 0.02187477 -0.02666689
v -0.00138188 0.02229039 -0.02187385
v -0.00230903 0.02181372 -0.02027216
v -0.00194765 0.02200097 -0.01147021
v -0.00113239 0.02144822 0.03625799
v -0.00082334 0.02271149 -0.00992844
v -0.00160431 0.02236749 -0.00443973
v -0.00080187 0.02262939 0.00819164
v -0.00144179 0.02241850 0.01246018
v 0.00002539 0.02243958 0.01713802
v 0.00234179 0.02347204 0.02844281
v -0.00029716 0.02541745 -0.04785102
v 0.00001833 0.02649631 -0.04733360
v -0.00095739 0.02810853 -0.03593201
v -0.00075949 0.02813302 0.00957624
v -0.00047576 0.02822822 0.01906821
v -0.00084555 0.02811033 0.02070053
v 0.00010547 -0.02780568 -0.04459126
v 0.00007997 -0.02807807 -0.00966763
v 0.00042585 -0.02807074 -0.00177582
v 0.00052466 -0.02811160 0.01037279
v 0.00174928 -0.02344823 -0.04780540
v 0.00042283 -0.02261923 0.03231792
v -0.00074872 -0.02233802 -0.03896831
v -0.00111055 -0.02197560 -0.04020202
v -0.00075108 -0.02230615 -0.03703739
v -0.00072359 -0.02239913 -0.02875562
v -0.00076764 -0.02252860 -0.01488864
v -0.00154917 -0.02207693 -0.00597971
v -0.00057497 -0.02261412 -0.00137616
v -0.00074923 -0.02236932 0.00498462
v -0.00071476 -0.02244660 0.01172396
v -0.00057718 -0.02243124 0.01484873
v -0.00075502 -0.02027430 -0.04710653
v 0.00016792 -0.02176962 -0.04103441
v 0.00020939 -0.02046180 0.02044767
v -0.00115313 -0.02028924 0.02119122
v 0.00005504 -0.02107394 0.03541648
v 0.00008468 -0.02055982 0.03864247
v -0.00038608 -0.01715367 0.02997601
v -0.00057281 -0.01629822 0.04787137
v -0.00090300 -0.01525596 0.04759111
v 0.00293217 -0.01456759 0.04683068
v -0.00001038 -0.01444696 0.04224262
v -0.00076219 -0.00913958 -0.03957602
v 0.00021717 -0.00737670 -0.04572834
v 0.00002188 0.00205334 -0.04498926
v -0.00079067 0.00325274 -0.04528963
v 0.00023836 0.00792799 -0.04575069
v -0.00054481 0.01189884 -0.03986653
v -0.00037447 0.01712929 -0.04661055
v -0.00033462 0.01787260 -0.04116070
v -0.00056574 0.01736620 0.02949414
v -0.00060910 0.01880971 0.04682928
v -0.00024446 0.02107112 -0.04127309
v -0.00000279 0.02166779 -0.04086218
v -0.00113702 0.02191092 -0.04026439
v -0.00073527 0.02238924 -0.03703725
v 0.00041042 0.02166885 0.03293586
v -0.00073190 0.02142269 0.03744614
v -0.00034263 0.02232218 -0.03958295
v -0.00087145 0.02268454 -0.03545043
v -0.00082016 0.02267541 -0.03064285
v -0.00097326 0.02267178 -0.02672279
v -0.00082562 0.02268001 -0.02306629
v -0.00086381 0.02268423 -0.02035513
v -0.00149728 0.02253739 -0.01861055
v -0.00083793 0.02268464 -0.01510095
v -0.00078589 0.02259220 -0.01190128
v -0.00086200 0.02268645 -0.00015673
v -0.00075436 0.02252755 0.01634710
v 0.00239275 0.02337703 0.03069983
v -0.00076411 0.02741308 0.02269514
v -0.00026590 0.02807039 -0.02749248
v -0.00026585 0.02811762 -0.02223967
v -0.00026595 0.02804392 -0.01840584
v -0.00056230 0.02812307 -0.01233141
v -0.00056230 0.02810261 -0.00147727
v 0.00106782 0.02810300 0.00713656
v -0.00009308 0.02805079 0.01383323
v -0.00046370 -0.02811788 -0.03304433
v 0.00180914 -0.02803871 -0.02931007
v 0.00022821 -0.02811404 -0.02504005
v 0.00042571 -0.02814067 -0.01581676
v -0.00044270 -0.02665173 0.02381627
v -0.00072275 -0.02251471 -0.03306427
v -0.00074527 -0.02248596 -0.02645747
v -0.00071318 -0.02244171 -0.02303000
v -0.00071435 -0.02245903 -0.01948423
v -0.00070203 -0.02242916 -0.01150498
v -0.00060169 -0.02260027 -0.00747086
v -0.00032902 -0.02251276 -0.00360545
v -0.00052917 -0.02256707 0.00282034
v -0.00055785 -0.02260558 0.00937782
v 0.00003045 -0.02188750 0.01718140
v 0.00145380 -0.02106704 -0.04143354
v 0.00005533 -0.02127872 0.01832235
v 0.00109601 -0.02096319 0.03298071
v 0.00096507 -0.01858399 0.02451849
v 0.00122846 -0.01781254 0.02560496
v 0.00006833 -0.01786034 0.04742994
v -0.00016153 -0.01709391 -0.04048179
v 0.00026250 -0.01661701 0.03110270
v 0.00199176 -0.01631067 0.03213306
v 0.00149933 -0.01593536 0.03403405
v 0.00063667 -0.01597991 0.03625400
v 0.00083901 -0.01432948 0.04582401
v -0.00075838 -0.01030975 -0.03968770
v 0.00023246 -0.00397635 -0.03895781
v -0.00076185 -0.00239028 -0.03879742
v -0.00016186 0.00323563 -0.03885834
v -0.00036872 0.00537186 -0.03910642
v 0.00062622 0.00695679 -0.03945066
v 0.00082868 0.00988630 -0.04577905
v 0.00085831 0.01557201 0.04028912
v 0.00042054 0.01646510 0.03468378
v 0.00102904 0.01628707 0.03803158
v 0.00169794 0.01747307 0.02711021
v -0.00035571 0.01962608 0.02352266
v 0.00128491 0.01997446 0.04012475
v 0.00036373 0.02180217 0.01888046
v 0.00077070 0.02112223 0.03404769
v -0.00076202 0.02264557 -0.00479776
v -0.00037073 0.02255625 0.00549373
v 0.00043633 0.02422958 -0.04796354
v 0.00036033 0.02661192 0.02404807
v 0.00057458 0.02808647 -0.04220623
v 0.00042585 0.02809279 -0.03145076
v 0.00105383 -0.02813655 0.02035729
v 0.00041152 -0.02806215 -0.04289922
v 0.00240336 -0.02812045 -0.03543435
v 0.00200596 -0.02797973 -0.03304266
v 0.00200664 -0.02806363 -0.01887935
v 0.00082077 -0.02815786 -0.00416596
v 0.00121634 -0.02816770 0.00439773
v 0.00201724 -0.02422230 0.02666493
v 0.00001176 -0.02257433 -0.03472909
v 0.00007477 -0.02263259 -0.03181385
v -0.00003369 -0.02253951 -0.02813320
v 0.00045672 -0.02252845 -0.02425770
v 0.00006505 -0.02255750 -0.02215239
v 0.00014333 -0.02268427 -0.01879960
v 0.00043063 -0.02252953 -0.01253300
v -0.00000183 -0.02263051 -0.01112520
v 0.00005248 -0.02264059 -0.00549848
v 0.00017411 -0.02269031 0.00251512
v 0.00000970 -0.02258327 0.00622514
v 0.00006845 -0.02262211 0.01110449
v 0.00049776 -0.02226901 -0.03981410
v 0.00042856 -0.02235719 -0.03777712
v 0.00007508 -0.02242076 0.01557415
v 0.00170372 -0.02101681 0.03711050
v 0.00181814 -0.01830336 -0.04085501
v 0.00004739 -0.01907075 0.04465054
v 0.00236300 -0.01746795 0.02650851
v 0.00233403 -0.01724556 0.02905995
v 0.00321330 -0.01714561 0.04748469
v 0.00043596 -0.01539523 0.03927411
v 0.00193338 -0.01537441 0.04752396
v 0.00220756 -0.01469968 -0.04604222
v 0.00044852 -0.01245184 -0.04581671
v 0.00098763 -0.01232252 -0.04029571
v 0.00404797 -0.00716810 -0.03966967
v 0.00045059 0.00358125 -0.04523908
v 0.00274504 0.00833947 -0.03962675
v 0.00161427 0.01111431 -0.03972997
v 0.00160514 0.01369921 -0.04036464
v 0.00156400 0.01456348 0.04444439
v 0.00131886 0.01648949 0.03404845
v 0.00029347 0.01747504 0.04784463
v 0.00238967 0.01782079 0.02587445
v 0.00159628 0.01709688 0.03119455
v 0.00294324 0.01830586 -0.04692872
v 0.00258151 0.02020207 -0.04156846
v 0.00217329 0.01785882 0.04744426
v 0.00038538 0.01923367 0.04541550
v 0.00119446 0.01889725 0.04632617
v 0.00234256 0.02003852 0.02225305
v 0.00114933 0.02135799 0.03745081
v 0.00005027 0.02248009 -0.03700113
v 0.00007084 0.02269575 -0.03628674
v 0.00003514 0.02263972 -0.02906062
v 0.00002160 0.02264721 -0.02126617
v 0.00005109 0.02264979 -0.01234108
v 0.00015400 0.02267527 0.00123853
v 0.00008478 0.02266192 0.00754539
v 0.00005830 0.02262335 0.01223311
v 0.00042742 0.02251105 0.01614909
v 0.00215368 0.02384672 -0.04782214
v 0.00011658 0.02269249 -0.03224968
v 0.00023168 0.02269921 -0.01773457
v 0.00007519 0.02265970 -0.00399928
v 0.00104991 0.02753136 -0.04597813
v 0.00082078 0.02814187 -0.03623056
v 0.00279684 0.02805101 -0.03125159
v 0.00111718 0.02804817 -0.00954320
v 0.00214164 0.02816544 0.01956411
v 0.00209577 0.02781007 0.02133581
v 0.00241072 -0.02813095 0.01916768
v 0.00205574 -0.02804800 0.01460484
v 0.00230243 -0.02800444 0.01674594
v 0.00381393 -0.02766461 0.02114218
v 0.00254602 -0.02725670 0.02226396
v 0.00111527 -0.02350959 0.02828926
v 0.00082739 -0.02254794 -0.00897015
v 0.00076596 -0.02267591 -0.00076652
v 0.00053900 -0.02256815 0.00940029
v 0.00107324 -0.02306158 0.03153315
v 0.00077075 -0.02232654 -0.03829954
v 0.00080017 -0.02237900 -0.03238833
v 0.00075459 -0.02237713 -0.02739816
v 0.00081380 -0.02243972 -0.01413013
v 0.00120980 -0.02223800 -0.00436212
v 0.00119218 -0.02231790 0.00260886
v 0.00078244 -0.02232024 0.00519734
v 0.00080476 -0.02225348 0.01533567
v 0.00172878 -0.02113371 0.01808243
v 0.00319564 -0.02097400 0.03546731
v 0.00264082 -0.01952392 -0.04150506
v 0.00241825 -0.01948351 0.02267572
v 0.00277329 -0.01943110 0.03944857
v 0.00404847 -0.01885255 0.04100408
v 0.00165342 -0.01898105 0.04302728
v 0.00158282 -0.01861103 0.04589884
v 0.00239980 -0.01662618 -0.04654050
v 0.00281221 -0.01424008 0.04583271
v 0.00162756 -0.01274828 -0.04596134
v 0.00315691 -0.00476924 -0.04609503
v 0.00130865 -0.00043911 -0.04497963
v 0.00308222 -0.00358282 -0.03893496
v 0.00183183 0.00595073 -0.04593092
v 0.00220742 0.00533705 -0.03910174
v 0.00204694 0.01588586 0.04780758
v 0.00200470 0.01750610 0.02910144
v 0.00240372 0.01834120 0.02500198
v 0.00249650 0.01948153 0.04298273
v 0.00159758 0.02267761 -0.04735004
v 0.00184918 0.02122892 -0.04107702
v 0.00119433 0.02181502 -0.04032440
v 0.00160389 0.02131103 0.03668102
v 0.00074742 0.02229878 -0.03906778
v 0.00122738 0.02208536 -0.03258963
v 0.00154087 0.02175585 -0.02909068
v 0.00064274 0.02256475 -0.02593119
v 0.00123021 0.02210351 -0.01989936
v 0.00161343 0.02183093 -0.01312560
v 0.00231413 0.02194928 -0.00868057
v 0.00068786 0.02261344 -0.00871506
v 0.00081687 0.02253666 -0.00082212
v 0.00240128 0.02207833 0.00922746
v 0.00189328 0.02267115 0.03206982
v 0.00303892 0.02306618 0.03146242
v 0.00129730 0.02488576 0.02637290
v 0.00359612 0.02501565 -0.04781913
v 0.00214423 0.02609493 0.02443200
v 0.00261351 0.02681207 -0.04677229
v 0.00200304 0.02795629 -0.04458334
v 0.00279697 0.02804785 -0.01312839
v 0.00279665 0.02798948 -0.00496339
v 0.00121612 0.02809516 0.00190851
v 0.00200652 0.02800699 0.01296121
v 0.00417521 -0.02697858 -0.04578409
v 0.00332909 -0.02779320 -0.04280279
v 0.00259913 -0.02787843 -0.03961656
v 0.00249976 -0.02791485 -0.02534868
v 0.00240135 -0.02794647 -0.01004078
v 0.00259904 -0.02794636 -0.00078085
v 0.00200565 -0.02804575 0.00738513
v 0.00319813 -0.02659217 -0.04658623
v 0.00296409 -0.02559406 -0.04743310
v 0.00300853 -0.02563442 0.02471577
v 0.00331630 -0.02287225 0.03067889
v 0.00348269 -0.02245351 0.03158610
v 0.00222070 -0.02159631 -0.04059133
v 0.00247729 -0.02141341 -0.03739519
v 0.00243567 -0.02145890 -0.02054258
v 0.00201184 -0.02184483 -0.01562478
v 0.00241827 -0.02150434 -0.01254859
v 0.00240600 -0.02168668 -0.00185948
v 0.00242213 -0.02149403 0.00496780
v 0.00241940 -0.02163712 0.00934054
v 0.00242251 -0.02147578 0.01291980
v 0.00237432 -0.02150318 0.01531489
v 0.00236283 -0.02084674 0.03773386
v 0.00349227 -0.02026446 0.03861247
v 0.00467623 -0.01891620 0.04028830
v 0.00348709 -0.01669665 -0.04054870
v 0.00317982 -0.01633148 0.04761186
v 0.00198576 -0.01581323 0.03703659
v 0.00358220 -0.01470872 0.03984462
v 0.00496424 -0.01221331 -0.04031228
v 0.00180319 0.00376443 -0.03889413
v 0.00247721 0.00873301 -0.04582849
v 0.00474548 0.01325343 -0.04685040
v 0.00222293 0.01485479 0.04718898
v 0.00285261 0.01503511 0.04160331
v 0.00274331 0.01626285 0.03590355
v 0.00401056 0.01776671 -0.04124387
v 0.00352206 0.01854988 0.04622961
v 0.00357567 0.01951171 0.02353599
v 0.00254884 0.01952032 0.04090671
v 0.00237772 0.02151926 -0.03943805
v 0.00153321 0.02175634 -0.03783573
v 0.00201557 0.02166250 -0.03564060
v 0.00204124 0.02167134 -0.02668328
v 0.00286386 0.02186960 0.01757712
v 0.00276464 0.02121279 0.03326325
v 0.00242999 0.02146742 -0.03132336
v 0.00227908 0.02162814 -0.01802885
v 0.00379361 0.02142558 -0.00183741
v 0.00282139 0.02173737 0.00119227
v 0.00399092 0.02140327 0.00517932
v 0.00256198 0.02197786 0.01429862
v 0.00279496 0.02791542 -0.02666019
v 0.00200698 0.02808961 -0.02293715
v 0.00264797 0.02792417 -0.01984904
v 0.00328887 0.02795068 0.00082028
v 0.00319435 -0.02797058 -0.03703251
v 0.00309301 -0.02789013 -0.02034310
v 0.00299353 -0.02795731 -0.00376872
v 0.00358299 -0.02793718 0.00419943
v 0.00476992 -0.02583673 0.02427180
v 0.00296674 -0.02337118 0.02797752
v 0.00351538 -0.02280138 0.02925102
v 0.00241926 -0.02161276 -0.00818969
v 0.00240535 -0.02164039 0.00294609
v 0.00274854 -0.02200657 0.03229000
v 0.00549275 -0.02189771 -0.04732119
v 0.00332938 -0.02144876 -0.03959298
v 0.00243377 -0.02145403 -0.02958885
v 0.00280446 -0.02126963 0.01669672
v 0.00409695 -0.02102091 0.03270277
v 0.00515676 -0.01828776 -0.04700020
v 0.00432255 -0.02019645 -0.04157066
v 0.00398699 -0.02107865 0.01798520
v 0.00354022 -0.02068730 0.03351205
v 0.00464807 -0.01670154 -0.04675486
v 0.00388033 -0.01843346 0.04570642
v 0.00310118 -0.01639140 0.03074235
v 0.00378965 -0.01550614 0.03620186
v 0.00336142 -0.01553786 0.03708604
v 0.00399748 -0.01391779 0.04264728
v 0.00407935 -0.00985442 -0.04578573
v 0.00380661 -0.00794836 -0.04581019
v 0.00432100 -0.00532042 -0.03942995
v 0.00478359 -0.00189588 -0.04574309
v 0.00318797 0.00078391 -0.04523078
v 0.00526544 0.00137241 -0.03899085
v 0.00353824 0.00440000 -0.04573385
v 0.00411146 0.01357909 -0.04042043
v 0.00438236 0.01429329 -0.04687307
v 0.00388373 0.01427845 0.04664739
v 0.00442214 0.01555531 -0.04098419
v 0.00295919 0.01611417 0.03723290
v 0.00580643 0.01548665 0.03712006
v 0.00334373 0.01669951 0.04782926
v 0.00355304 0.01946070 -0.04174837
v 0.00362590 0.02058700 0.02061828
v 0.00399636 0.02098441 0.03300834
v 0.00324080 0.02097096 0.03524651
v 0.00407527 0.02110400 0.03790863
v 0.00281958 0.02136243 -0.03981917
v 0.00281771 0.02131205 -0.02854889
v 0.00339075 0.02149794 -0.00936810
v 0.00395586 0.02184089 0.01074374
v 0.00332477 0.02466816 0.02635112
v 0.00296129 0.02741536 -0.04583921
v 0.00348638 0.02792044 -0.03480982
v 0.00378105 0.02790578 -0.02386996
v 0.00437438 0.02785552 -0.01210448
v 0.00358690 0.02790555 0.00703659
v 0.00516574 0.02776740 0.01079972
v 0.00516599 0.02768000 0.01398545
v 0.00398176 0.02796291 0.01634894
v 0.00484057 -0.02745618 -0.04434644
v 0.00358280 -0.02790065 -0.03523397
v 0.00368545 -0.02777688 -0.02895251
v 0.00318986 -0.02790112 -0.01313410
v 0.00479906 -0.02762068 -0.00619497
v 0.00438232 -0.02766709 0.00719980
v 0.00457500 -0.02767900 0.00979318
v 0.00427229 -0.02790875 0.01990846
v 0.00496760 -0.02502035 -0.04754091
v 0.00455122 -0.02422573 -0.04786696
v 0.00320023 -0.02121542 -0.03703805
v 0.00318848 -0.02136136 -0.03288404
v 0.00319594 -0.02125710 -0.02991734
v 0.00319035 -0.02128204 -0.02084287
v 0.00358816 -0.02121878 -0.01325431
v 0.00358785 -0.02131424 -0.00658090
v 0.00359033 -0.02121301 -0.00399453
v 0.00319424 -0.02134673 0.00158275
v 0.00318777 -0.02126430 0.00475244
v 0.00358805 -0.02135639 0.01034537
v 0.00319746 -0.02127911 0.01430204
v 0.00482301 -0.01870387 0.02365826
v 0.00392786 -0.01804313 0.04666415
v 0.00440071 -0.01710223 0.02633356
v 0.00325307 -0.01713571 0.02851552
v 0.00501152 -0.01552284 0.03267104
v 0.00395763 -0.01550104 0.03466779
v 0.00388639 -0.01016559 -0.03983647
v 0.00505916 -0.00219333 -0.03908706
v 0.00477430 0.00477272 -0.04584463
v 0.00696203 0.00357095 -0.03933883
v 0.00618152 0.00615051 -0.03959099
v 0.00477147 0.00754852 -0.04564994
v 0.00478713 0.00873128 -0.04576655
v 0.00455694 0.01052752 -0.03991759
v 0.00397394 0.01404602 0.04538652
v 0.00452562 0.01468918 0.04072109
v 0.00467504 0.01599657 -0.04670489
v 0.00557765 0.01549935 0.03466411
v 0.00357844 0.01716987 0.03006578
v 0.00440681 0.01729537 0.02666865
v 0.00403178 0.01727826 0.02870706
v 0.00490234 0.01910756 0.04129638
v 0.00390364 0.01908950 0.04414507
v 0.00612386 0.01926485 0.04006138
v 0.00392244 0.02030421 0.03935939
v 0.00318993 0.02130956 -0.03375194
v 0.00319486 0.02134023 -0.02588801
v 0.00339041 0.02133986 -0.01851523
v 0.00319409 0.02134946 -0.01174871
v 0.00361064 0.02143079 -0.00545576
v 0.00508213 0.02094030 0.03688920
v 0.00715470 0.02194860 -0.04733858
v 0.00462840 0.02328287 0.02823407
v 0.00415427 0.02603417 0.02445988
v 0.00552754 0.02571204 -0.04734588
v 0.00401839 0.02768525 -0.04462006
v 0.00319339 0.02799512 -0.04340357
v 0.00555043 0.02760729 -0.00972343
v 0.00556631 0.02767529 -0.00751969
v 0.00588869 0.02750315 -0.00280416
v 0.00636215 0.02740856 0.00319719
v 0.00419971 0.02791025 0.02034547
v 0.00631853 -0.02741346 -0.04216371
v 0.00481846 -0.02744758 -0.03981105
v 0.00560541 -0.02743698 -0.03143531
v 0.00595219 -0.02742721 -0.02141606
v 0.00479984 -0.02740644 -0.01946631
v 0.00674649 -0.02715066 -0.01265809
v 0.00674843 -0.02716210 -0.00891726
v 0.00713356 -0.02716706 -0.00001120
v 0.00475311 -0.02760257 0.01375872
v 0.00635359 -0.02582948 -0.04658569
v 0.00505890 -0.02359096 0.02717603
v 0.00708506 -0.02264369 -0.04775920
v 0.00557595 -0.02265662 0.02845988
v 0.00476224 -0.02115317 -0.04106436
v 0.00639310 -0.02108373 -0.03542554
v 0.00479351 -0.02119960 -0.03037188
v 0.00498413 -0.02123465 -0.02502979
v 0.00517782 -0.02117614 -0.02147703
v 0.00478011 -0.02123507 -0.01532527
v 0.00398594 -0.02123717 -0.00159956
v 0.00398329 -0.02124190 0.00238463
v 0.00480137 -0.02117196 0.01353622
v 0.00636565 -0.02107370 0.01717238
v 0.00637729 -0.02029593 0.01918318
v 0.00516655 -0.02021048 0.03389515
v 0.00459527 -0.02072626 0.03668597
v 0.00507718 -0.01973007 0.02070878
v 0.00580068 -0.01876301 0.02250023
v 0.00404840 -0.01871548 0.04428791
v 0.00607112 -0.01803383 -0.04112548
v 0.00486927 -0.01757796 0.02512929
v 0.00714458 -0.01593719 0.04752168
v 0.00551642 -0.01529913 0.04765384
v 0.00474598 -0.01470215 0.03856702
v 0.00431608 -0.01469573 0.04729761
v 0.00398290 -0.01391391 0.04582802
v 0.00519420 -0.01359214 0.04665328
v 0.00641932 -0.00445772 -0.04579640
v 0.00646713 0.00922258 -0.04621951
v 0.00477963 0.01480428 0.04757633
v 0.00714325 0.01468731 0.03784864
v 0.00608434 0.01550961 0.03349423
v 0.00622425 0.01541677 0.03632181
v 0.00511960 0.01668381 0.04773980
v 0.00424840 0.01783873 0.04721755
v 0.00477053 0.01787769 0.02512302
v 0.00496572 0.02023019 -0.04162261
v 0.00554181 0.02108695 -0.04106189
v 0.00443432 0.02094008 0.01900027
v 0.00534018 0.02063250 0.03429814
v 0.00496903 0.02118085 -0.03742376
v 0.00516734 0.02130075 -0.03461047
v 0.00526507 0.02119128 -0.02949475
v 0.00486892 0.02120868 -0.02079174
v 0.00635038 0.02105390 -0.01153656
v 0.00456523 0.02153999 0.00858322
v 0.00516779 0.02130559 0.01397135
v 0.00521068 0.02126626 0.01711421
v 0.00476339 0.02269817 0.03163861
v 0.00530021 0.02291386 0.03069035
v 0.00536127 0.02652392 -0.04651385
v 0.00642580 0.02745542 -0.04340037
v 0.00468924 0.02770351 -0.03016293
v 0.00495615 0.02752328 -0.02650404
v 0.00593745 0.02737104 -0.02103457
v 0.00437320 0.02799039 0.01954478
v 0.00624777 -0.02723952 -0.03813572
v 0.00487781 -0.02746270 -0.03400921
v 0.00478999 -0.02742179 -0.02863801
v 0.00544103 -0.02741523 -0.02667576
v 0.00655692 -0.02720562 -0.02324013
v 0.00665466 -0.02720311 0.00509195
v 0.00520185 -0.02784063 0.01873944
v 0.00676392 -0.02175027 0.03152635
v 0.00574125 -0.02109113 -0.03749704
v 0.00641314 -0.02110196 -0.01391032
v 0.00516410 -0.02120466 -0.01033920
v 0.00601453 -0.02101589 -0.00391499
v 0.00602998 -0.02101529 0.00462666
v 0.00649668 -0.02112878 0.03232107
v 0.00652260 -0.02062440 -0.04708916
v 0.00472205 -0.02017516 0.03299704
v 0.00631777 -0.02028599 0.03543488
v 0.00573789 -0.01946380 -0.04153270
v 0.00643751 -0.01945670 0.03900778
v 0.00690468 -0.01782917 0.04127365
v 0.00572925 -0.01710721 -0.04069923
v 0.00608195 -0.01471260 -0.04629948
v 0.00721406 -0.01548161 0.02956423
v 0.00742386 -0.01432229 0.03352824
v 0.00593957 -0.01212459 -0.04592039
v 0.00542078 -0.01328107 0.04555592
v 0.00557077 -0.01002791 -0.04005926
v 0.00517017 0.00118399 -0.04562787
v 0.00514386 0.01388468 0.04421994
v 0.00749423 0.01621460 -0.04105388
v 0.00573392 0.01662656 -0.04665467
v 0.00532004 0.01703905 0.02715704
v 0.00554185 0.01881444 0.02347802
v 0.00558814 0.01814832 0.04559271
v 0.00548414 0.01786907 0.04661027
v 0.00655157 0.01906137 -0.04712000
v 0.00608270 0.01874603 -0.04181107
v 0.00527640 0.01872828 0.04359765
v 0.00619679 0.02022039 0.01995337
v 0.00607776 0.02071357 0.03304851
v 0.00530796 0.02054795 0.03860724
v 0.00556575 0.02126708 -0.02623765
v 0.00596138 0.02115487 -0.01908677
v 0.00643424 0.02111606 -0.01668204
v 0.00476860 0.02119717 -0.00276203
v 0.00686235 0.02090442 0.00575027
v 0.00643972 0.02107764 0.01716666
v 0.00713048 0.02383019 -0.04793254
v 0.00598118 0.02339431 0.02750953
v 0.00510689 0.02659509 0.02331895
v 0.00480349 0.02749074 0.02140106
v 0.00651394 0.02747585 -0.03701704
v 0.00712970 0.02715958 -0.03259725
v 0.00675611 0.02726855 -0.01969198
v 0.00665115 0.02738983 -0.00617256
v 0.00556592 0.02774177 0.00046335
v 0.00664402 -0.02713246 -0.00359414
v 0.00713555 -0.02718993 0.00914558
v 0.00631369 -0.02717915 0.02088158
v 0.00714524 -0.02662332 -0.04499195
v 0.00634403 -0.02714277 -0.03466661
v 0.00756237 -0.02604278 0.02253801
v 0.00731617 -0.02342791 -0.04786449
v 0.00636097 -0.02107300 -0.04022440
v 0.00638627 -0.02111209 -0.02661980
v 0.00641237 -0.02110357 -0.00513952
v 0.00729659 -0.02034896 -0.04110568
v 0.00620303 -0.02007159 0.03304716
v 0.00597117 -0.02030056 0.03750194
v 0.00652106 -0.01818280 0.04025277
v 0.00619612 -0.01783418 0.04501785
v 0.00738274 -0.01621586 0.02569739
v 0.00701604 -0.01711183 0.04650703
v 0.00656912 -0.01599552 0.02710112
v 0.00753799 -0.01431625 -0.04032322
v 0.00624410 -0.01378994 0.04746548
v 0.00652274 -0.01282429 0.04218301
v 0.00713673 -0.01247319 0.04425535
v 0.00939148 -0.00669132 -0.04568602
v 0.00657420 -0.00731505 -0.04002166
v 0.00782981 0.00366188 -0.04591836
v 0.00644929 0.00932115 -0.03979720
v 0.00768298 0.01382298 -0.04073796
v 0.00598672 0.01319404 0.04578489
v 0.00727491 0.01331905 0.04745124
v 0.00641996 0.01397500 0.04058856
v 0.00774315 0.01411023 0.04786316
v 0.00614285 0.01627766 0.02992571
v 0.00713867 0.01952645 -0.04189429
v 0.00636235 0.02112496 -0.04001367
v 0.00639925 0.02107376 -0.00317347
v 0.00635777 0.02115478 0.00026761
v 0.00670710 0.02106359 0.00802731
v 0.00682921 0.02218055 0.03142887
v 0.00752780 0.02224030 0.02901816
v 0.00636397 0.02553043 0.02458901
v 0.00631180 0.02736411 -0.04425737
v 0.00714557 0.02712013 -0.02445939
v 0.00679951 0.02728124 -0.01436088
v 0.00664698 0.02731537 -0.01111217
v 0.00667958 0.02743365 0.01410836
v 0.00671727 -0.02727730 0.01360355
v 0.00714615 -0.02724347 0.01811586
v 0.00756587 -0.02702285 0.02002698
v 0.00749247 -0.02679695 -0.02970953
v 0.00720025 -0.02697375 -0.01703382
v 0.00736972 -0.02398758 0.02584461
v 0.00720224 -0.02215649 0.02900950
v 0.00690635 -0.02201397 0.03073222
v 0.00640874 -0.02110087 -0.03859776
v 0.00622994 -0.02104775 -0.02906127
v 0.00648147 -0.02108945 -0.02312236
v 0.00619697 -0.02104892 -0.02151120
v 0.00649546 -0.02093818 -0.01249061
v 0.00643397 -0.02109279 -0.00183723
v 0.00643769 -0.02109498 0.00294503
v 0.00654666 -0.02107698 0.01149619
v 0.00706648 -0.02108363 0.01633531
v 0.00798636 -0.01905245 -0.04703686
v 0.00822546 -0.01848230 -0.04133448
v 0.00717002 -0.01789329 0.02352875
v 0.00782654 -0.01706417 0.04581472
v 0.00761691 -0.01569750 -0.04051262
v 0.00721838 -0.01397884 0.03705652
v 0.00800867 -0.01278707 0.03944781
v 0.00762935 -0.01052143 -0.04038218
v 0.00817017 -0.01000793 -0.04596127
v 0.00796169 -0.00274508 -0.03947176
v 0.00906367 0.00210344 -0.04569881
v 0.00713531 0.00576348 -0.04576627
v 0.00949251 0.00564689 -0.04587693
v 0.00887728 0.01026250 -0.04025653
v 0.00884026 0.00912393 -0.04658714
v 0.00711911 0.01272519 0.04651995
v 0.00780776 0.01439641 -0.04672611
v 0.00807072 0.01467891 0.03313623
v 0.00831378 0.01478813 0.04778532
v 0.00678208 0.01679141 0.02588600
v 0.00756890 0.01715263 0.04623834
v 0.00673604 0.01856129 0.04102233
v 0.00675534 0.01950038 0.02105863
v 0.00733422 0.02063352 -0.04715375
v 0.00708785 0.02040895 -0.04120605
v 0.00694527 0.02081796 -0.02884112
v 0.00681337 0.02016318 0.03383519
v 0.00743773 0.02012227 0.03542080
v 0.00722197 0.02031350 0.03790528
v 0.00695350 0.02086036 -0.03741473
v 0.00645129 0.02112419 -0.03302384
v 0.00635365 0.02115964 -0.02643441
v 0.00690322 0.02104694 0.01245922
v 0.00746655 0.02255950 0.02814489
v 0.00816078 0.02476756 -0.04752557
v 0.00974791 0.02586684 -0.04576832
v 0.00954637 0.02511309 0.02354100
v 0.00672987 0.02719107 -0.02934876
v 0.00647887 0.02743189 0.02036162
v 0.00685248 0.02737543 0.00859900
v 0.00708810 0.02741301 0.01753920
v 0.00880117 -0.02654263 -0.03673176
v 0.00789919 -0.02661660 -0.03503095
v 0.00877849 -0.02652883 -0.03185948
v 0.00713089 -0.02708908 -0.02191479
v 0.00715093 -0.02579936 -0.04658580
v 0.00758431 -0.02237897 0.02808049
v 0.00879930 -0.02099683 -0.04729149
v 0.00878716 -0.02029430 0.00699421
v 0.00780538 -0.02060614 -0.03877716
v 0.00752747 -0.02067592 -0.03335387
v 0.00874601 -0.02028358 -0.01471353
v 0.00857140 -0.02020122 -0.01202742
v 0.00897464 -0.02016402 -0.00844016
v 0.00878725 -0.02029237 -0.00235362
v 0.00896277 -0.02027162 0.00191350
v 0.00875445 -0.02028478 0.00998218
v 0.00793138 -0.02043944 0.01337875
v 0.00890094 -0.01916728 0.03310572
v 0.00771866 -0.01945427 0.03390055
v 0.00833592 -0.01855107 0.02035244
v 0.00850280 -0.01674541 -0.04100574
v 0.00869551 -0.01410376 0.04771500
v 0.00827325 -0.01344912 -0.04648958
v 0.00872924 -0.01232900 0.04741747
v 0.00813159 -0.01177618 0.04587237
v 0.00753103 -0.01243266 0.04669032
v 0.00716916 -0.00870824 -0.04030467
v 0.00947236 -0.00791015 -0.04578238
v 0.00795463 -0.00439836 -0.04590551
v 0.00873137 -0.00479935 -0.03980735
v 0.00833338 0.00325123 -0.03949910
v 0.00952902 0.01072436 -0.04682932
v 0.00757106 0.01271813 0.04383790
v 0.00819037 0.01182851 0.04580386
v 0.00837484 0.01339976 0.03922256
v 0.00815707 0.01268109 0.04134307
v 0.00795380 0.01549221 0.02989241
v 0.00821388 0.01416977 0.03584667
v 0.00890252 0.01515992 -0.04685203
v 0.00901499 0.01532435 0.04743823
v 0.00961499 0.01705060 -0.04181464
v 0.00794215 0.01788192 0.02352108
v 0.00835553 0.01814743 0.04026146
v 0.00886037 0.01744640 0.04174213
v 0.00761907 0.02020180 0.03300294
v 0.00844998 0.01942486 0.03866796
v 0.00793699 0.02063025 -0.03307599
v 0.00754357 0.02064502 -0.02047223
v 0.00773990 0.02065803 -0.01225797
v 0.00794396 0.02061329 -0.00871493
v 0.00774209 0.02063599 -0.00314501
v 0.00793671 0.02062189 0.00128348
v 0.00931720 0.02016038 0.01466213
v 0.00772165 0.02065841 0.01714301
v 0.00779745 0.02021426 0.03711778
v 0.00871567 0.02184851 0.03069212
v 0.00799637 0.02587589 -0.04664003
v 0.00892239 0.02603681 0.02210135
v 0.00874771 0.02662863 -0.04340719
v 0.00750705 0.02713783 -0.03745691
v 0.00738167 0.02708504 -0.00330498
v 0.00752145 0.02706911 0.00333739
v 0.00829492 -0.02658690 -0.04347396
v 0.00816597 -0.02662539 -0.03871508
v 0.00804726 -0.02664224 -0.02281263
v 0.00887775 -0.02650776 -0.01302262
v 0.00828106 -0.02663732 -0.00798688
v 0.00950272 -0.02630690 -0.00199325
v 0.00827531 -0.02673577 0.00012883
v 0.00978948 -0.02620762 0.00394143
v 0.00831318 -0.02670128 0.00827439
v 0.00878611 -0.02663046 0.01436076
v 0.00875614 -0.02663755 0.01955463
v 0.01082123 -0.02575880 0.02075791
v 0.00916045 -0.02469048 0.02410381
v 0.00920842 -0.02387538 -0.04762099
v 0.00953191 -0.02228558 -0.04789510
v 0.00915670 -0.02024618 -0.04026124
v 0.00861988 -0.02027736 -0.03702764
v 0.00895750 -0.02027310 -0.03274146
v 0.00855068 -0.02019555 -0.02915366
v 0.00872743 -0.02027494 -0.02388164
v 0.00848649 -0.02019185 -0.02132075
v 0.00866789 -0.02021261 -0.00394369
v 0.00871405 -0.02026337 0.01594982
v 0.00798313 -0.02033109 0.01807083
v 0.00951623 -0.01947640 -0.04101346
v 0.00878582 -0.01930312 0.03603099
v 0.01031567 -0.01867549 0.03708138
v 0.00897495 -0.01910083 0.03790921
v 0.00969036 -0.01831586 0.03874551
v 0.00904607 -0.01771588 0.03952333
v 0.01014131 -0.01719260 -0.04705182
v 0.00853211 -0.01726645 0.04067487
v 0.00908657 -0.01486406 0.02675757
v 0.00928579 -0.01435354 0.02915786
v 0.00895848 -0.01317625 0.03515907
v 0.00954844 -0.01235734 0.03786740
v 0.00897759 -0.01143616 0.04144501
v 0.00928759 -0.01089006 0.04303197
v 0.00933844 -0.00729217 -0.04038077
v 0.00890640 0.01149078 0.04657773
v 0.00945637 0.01563307 0.02547024
v 0.01020599 0.01737157 -0.04724941
v 0.00945481 0.01703064 0.02325611
v 0.00873205 0.02030515 -0.04106612
v 0.00884939 0.01894858 0.02004489
v 0.00835657 0.02030089 0.01835823
v 0.01003409 0.01868862 0.03374187
v 0.00954285 0.02037534 -0.04732555
v 0.00952529 0.02029420 -0.04024236
v 0.00794521 0.02063952 -0.02624202
v 0.00916661 0.02024914 0.00459021
v 0.00938934 0.02026842 0.01245437
v 0.00994729 0.02184827 -0.04785811
v 0.00908203 0.02429636 0.02506751
v 0.00888915 0.02643437 -0.04476079
v 0.00874847 0.02661044 -0.03224414
v 0.00794460 0.02660094 -0.02866363
v 0.00912955 0.02651942 -0.02336432
v 0.00872351 0.02653663 -0.01636053
v 0.00881619 0.02662549 -0.01390842
v 0.00835856 0.02661100 -0.01069521
v 0.00860025 0.02656571 -0.00682205
v 0.00859333 0.02656166 -0.00264453
v 0.00873611 0.02660864 0.00041555
v 0.00871290 0.02660091 0.00897214
v 0.00864887 0.02656570 0.01075660
v 0.00873669 0.02675668 0.01937166
v 0.00937174 -0.02585417 -0.04577663
v 0.00907470 -0.02633577 -0.04459294
v 0.01054267 -0.02603977 -0.04044217
v 0.01145570 -0.02563619 -0.03442904
v 0.01128012 -0.02571344 -0.02213935
v 0.01008616 -0.02613547 -0.01550698
v 0.01046607 -0.02597872 -0.00882229
v 0.01009244 -0.02616700 -0.00408006
v 0.01032974 -0.02264616 0.02593243
v 0.01001149 -0.02100385 0.02914689
v 0.00911980 -0.02110863 0.03112279
v 0.00866494 -0.02016164 0.00484555
v 0.00983796 -0.02003101 0.03226894
v 0.00964862 -0.01953464 0.01387111
v 0.01034406 -0.01869229 0.01875643
v 0.00994998 -0.01843705 0.03384655
v 0.00988932 -0.01668348 0.02311570
v 0.00911568 -0.01669592 0.02395314
v 0.00932783 -0.01670813 0.04335893
v 0.00969518 -0.01632978 0.04454967
v 0.01014947 -0.01525967 0.04663455
v 0.00959361 -0.01461451 -0.04666145
v 0.00920703 -0.01391670 -0.04042145
v 0.00877732 -0.01396949 0.03224440
v 0.00947377 -0.01291989 0.04775390
v 0.01060168 -0.01143730 -0.04032883
v 0.00936036 -0.01096300 0.04663224
v 0.00951390 -0.00588629 -0.04026346
v 0.01026361 -0.00324573 -0.04581453
v 0.01149120 0.00138299 -0.03953580
v 0.01067936 0.00753011 -0.04641053
v 0.01030793 0.00673842 -0.03971818
v 0.00924384 0.01189909 0.04742374
v 0.00964820 0.01275325 -0.04658703
v 0.00932743 0.01357766 0.03424472
v 0.00952162 0.01301952 0.03764361
v 0.00992053 0.01355078 0.03308023
v 0.00992534 0.01430970 0.02929399
v 0.00921677 0.01508854 0.02729850
v 0.00991422 0.01584498 -0.04129950
v 0.00930566 0.01707032 0.04354112
v 0.01113147 0.01711583 -0.04182398
v 0.00925173 0.01907706 0.03464991
v 0.00998265 0.01890183 0.03310491
v 0.01083902 0.01867884 0.03677427
v 0.00912249 0.02025120 -0.03745016
v 0.00951214 0.02025349 -0.03543826
v 0.00945851 0.02026513 -0.03064791
v 0.00921465 0.02019276 -0.02877686
v 0.00945485 0.02026357 -0.02358109
v 0.00917248 0.02025775 -0.01971422
v 0.00947705 0.02025265 -0.01752968
v 0.00948653 0.02023772 -0.01355542
v 0.00928299 0.02020829 -0.01065536
v 0.00948476 0.02026782 -0.00912512
v 0.00941268 0.02020447 -0.00464917
v 0.00948441 0.02027970 0.00002929
v 0.00946981 0.02026371 0.00769093
v 0.00955235 0.02033948 0.03230303
v 0.00958559 0.02115705 0.03154532
v 0.00928406 0.02184012 0.02822740
v 0.00987708 0.02302693 -0.04791063
v 0.00969884 0.02630474 -0.04021847
v 0.00881542 0.02663442 -0.03782821
v 0.00863341 0.02657634 -0.03542662
v 0.00873314 0.02659096 0.01704107
v 0.00949687 -0.02636379 -0.04343413
v 0.01030655 -0.02610827 -0.02430139
v 0.01022515 -0.02623470 0.01940579
v 0.01044668 -0.02467556 -0.04664514
v 0.01109910 -0.02349719 -0.04745358
v 0.00952469 -0.02030884 -0.03941305
v 0.01053917 -0.02027146 0.03163141
v 0.00980658 -0.01963111 -0.03748335
v 0.01018225 -0.01946611 -0.03382728
v 0.00981105 -0.01953590 -0.02918724
v 0.01011471 -0.01948406 -0.02356411
v 0.00972860 -0.01956248 -0.02141307
v 0.00979541 -0.01951540 -0.01249971
v 0.01028200 -0.01943115 -0.00595895
v 0.01037869 -0.01907070 -0.00397073
v 0.01012525 -0.01946911 -0.00030721
v 0.00979158 -0.01953657 0.00480858
v 0.01110263 -0.01868744 0.00678071
v 0.01013369 -0.01852455 0.03506100
v 0.01021835 -0.01722165 0.02075798
v 0.01106704 -0.01628037 -0.04128051
v 0.01071198 -0.01612360 0.04029576
v 0.01034590 -0.01504507 -0.04094929
v 0.01064295 -0.01484606 0.02494179
v 0.01040842 -0.01411824 0.02635488
v 0.01189863 -0.01316002 0.04750466
v 0.01354425 -0.01229570 -0.04655057
v 0.01094007 -0.00985468 0.04096630
v 0.01000794 -0.01036016 0.04499204
v 0.01112496 -0.00923843 0.04585635
v 0.01128556 -0.00974496 -0.04632282
v 0.01069267 -0.00319684 -0.03961948
v 0.01069415 0.00113554 -0.04568025
v 0.01069893 0.00514612 -0.03956634
v 0.01000354 0.01117053 0.04145284
v 0.01006766 0.01047507 0.04563328
v 0.00989547 0.01389823 -0.04657228
v 0.01013054 0.01277010 0.03520817
v 0.01089802 0.01287389 0.04790883
v 0.01208384 0.01548560 -0.04725779
v 0.01177985 0.01373581 0.02549875
v 0.01030536 0.01548767 0.04662377
v 0.01055142 0.01655275 0.04095495
v 0.01102586 0.01547651 0.04579711
v 0.01188115 0.01824485 -0.04718069
v 0.00993019 0.01909104 0.01874915
v 0.01042668 0.01880388 0.03785487
v 0.00949777 0.02027183 -0.02669866
v 0.00949187 0.02006552 0.00501873
v 0.00943682 0.02026886 0.01639317
v 0.01123322 0.01845349 0.01792912
v 0.01068345 0.02120889 0.02827009
v 0.01193983 0.02386386 0.02384374
v 0.01000148 0.02619396 -0.03526271
v 0.01049298 0.02606677 -0.01939336
v 0.01011340 0.02617156 -0.00976497
v 0.01032056 0.02626868 -0.00672133
v 0.01016019 0.02615801 -0.00424954
v 0.01029930 0.02616033 0.00363010
v 0.00990727 0.02631838 0.01020203
v 0.01030313 0.02641003 0.01600678
v 0.01092412 0.02584366 0.02097024
v 0.01137408 -0.02565010 -0.02609819
v 0.01109318 -0.02583217 0.00041525
v 0.01166680 -0.02547970 0.00552585
v 0.01138419 -0.02568218 0.00892710
v 0.01046500 -0.02607279 0.01352400
v 0.01145430 -0.02503658 0.02205075
v 0.01189989 -0.02382676 0.02368675
v 0.01106044 -0.02222419 -0.04789709
v 0.01119644 -0.02068013 -0.04772800
v 0.01099327 -0.02085398 0.02831152
v 0.01189996 -0.01772064 -0.04017352
v 0.01020462 -0.01941423 -0.01515407
v 0.01112252 -0.01869309 0.00279412
v 0.01110631 -0.01868397 0.01156276
v 0.01098052 -0.01857852 -0.03741942
v 0.01105806 -0.01864929 -0.02744136
v 0.01105669 -0.01869696 -0.01116605
v 0.01113059 -0.01869731 -0.00597130
v 0.01109498 -0.01868113 -0.00197843
v 0.01097342 -0.01858184 0.01356127
v 0.01125561 -0.01848902 0.01752968
v 0.01190462 -0.01714077 0.03868794
v 0.01134250 -0.01535215 0.04268328
v 0.01094321 -0.01519776 0.04585522
v 0.01157848 -0.01212860 -0.04045037
v 0.01172145 -0.01253841 0.02837112
v 0.01118621 -0.01150708 0.03385592
v 0.01138075 -0.01108691 0.03669325
v 0.01148109 -0.01061263 0.04772300
v 0.01136529 -0.00974419 0.04734214
v 0.01078404 -0.00960217 0.04241984
v 0.01168829 -0.00894770 -0.04028014
v 0.01207236 -0.00585627 -0.04030210
v 0.01105448 0.00985914 0.04363849
v 0.01075501 0.00998606 0.04658408
v 0.01327398 0.00971437 0.04786261
v 0.01151761 0.01036642 0.03946672
v 0.01308838 0.01348421 -0.04127019
v 0.01111704 0.01316651 0.02987590
v 0.01195700 0.01555105 0.02273072
v 0.01176872 0.01542664 0.04424992
v 0.01244936 0.01551007 0.04025527
v 0.01231627 0.01649430 0.01989831
v 0.01186511 0.01753053 -0.04107084
v 0.01108199 0.01786898 0.03386506
v 0.01188577 0.01786889 -0.04021403
v 0.01112668 0.01871646 -0.03936320
v 0.01114579 0.01841547 -0.03738217
v 0.01117617 0.01866987 -0.03546943
v 0.01114591 0.01841569 -0.02861867
v 0.01191293 0.01786822 -0.02188545
v 0.01053156 0.01908909 -0.01959321
v 0.01187388 0.01784595 -0.01552157
v 0.01195722 0.01787506 -0.01311331
v 0.01185362 0.01771401 -0.01233026
v 0.01187244 0.01785381 -0.00556999
v 0.01089321 0.01888425 -0.00096341
v 0.01199645 0.01786842 0.00899294
v 0.01178438 0.01816022 0.01191763
v 0.01194937 0.01786336 0.01475577
v 0.01148248 0.02039705 0.03067015
v 0.01273994 0.02222131 -0.04770226
v 0.01064289 0.02604845 -0.04395180
v 0.01084594 0.02607830 -0.04242282
v 0.01091474 0.02596247 -0.03733789
v 0.01029613 0.02620901 -0.03262828
v 0.01109217 0.02582075 -0.02790364
v 0.01070497 0.02597424 -0.01481149
v 0.01280034 -0.02512386 -0.04302656
v 0.01154202 -0.02573296 -0.04170339
v 0.01239131 -0.02529232 -0.04015398
v 0.01215492 -0.02524945 -0.01559785
v 0.01187386 -0.02553330 0.01690613
v 0.01365329 -0.02427736 -0.04501329
v 0.01245199 -0.02510978 -0.00177188
v 0.01118697 -0.02035642 0.03070113
v 0.01188343 -0.01943158 -0.04738316
v 0.01113076 -0.01869741 -0.03284950
v 0.01101214 -0.01860596 -0.02149881
v 0.01111636 -0.01868312 -0.01608868
v 0.01098866 -0.01859157 -0.01272875
v 0.01177778 -0.01779373 0.00476468
v 0.01186944 -0.01876448 0.03238372
v 0.01188212 -0.01709877 -0.04101878
v 0.01192912 -0.01754603 0.01856506
v 0.01198202 -0.01746941 0.03309706
v 0.01236058 -0.01705955 0.03411231
v 0.01165340 -0.01765634 0.03799247
v 0.01296986 -0.01443532 -0.04694540
v 0.01151619 -0.01533865 0.02358981
v 0.01200162 -0.01498451 0.04118204
v 0.01276588 -0.01394848 0.04584171
v 0.01231463 -0.01307003 -0.04092004
v 0.01198172 -0.01396252 0.04676585
v 0.01234502 -0.01113980 0.03125334
v 0.01210623 -0.01114458 0.04782822
v 0.01155627 -0.01036510 0.03868638
v 0.01181436 -0.00853650 0.04658922
v 0.01175809 -0.00620755 -0.04600435
v 0.01145275 -0.00436472 -0.03984879
v 0.01213539 -0.00288819 -0.04593880
v 0.01174213 0.00172889 -0.04583406
v 0.01228395 0.00555376 -0.04634109
v 0.01168043 0.00814836 -0.04027935
v 0.01133400 0.00910274 0.04577592
v 0.01228661 0.01051724 -0.04667346
v 0.01188897 0.01071069 -0.04052543
v 0.01196310 0.00914297 0.04088538
v 0.01169569 0.00914998 0.04353102
v 0.01273189 0.00997355 0.03708048
v 0.01350387 0.00995656 0.03309101
v 0.01225129 0.01058210 0.03500705
v 0.01221650 0.01161608 0.03111239
v 0.01181076 0.01276054 -0.04662025
v 0.01222634 0.01262380 0.02709948
v 0.01258167 0.01301620 0.04745574
v 0.01150575 0.01627873 -0.04174011
v 0.01237122 0.01526559 0.04097090
v 0.01178932 0.01757618 0.03860159
v 0.01191299 0.01786721 -0.03064814
v 0.01191094 0.01785143 -0.02685950
v 0.01188033 0.01784413 -0.00843710
v 0.01185424 0.01783965 0.00497533
v 0.01307859 0.01697175 0.03780020
v 0.01228463 0.01782754 0.01676486
v 0.01254495 0.01933637 -0.04738067
v 0.01295282 0.01963066 0.02923508
v 0.01264616 0.02144189 -0.04786859
v 0.01190037 0.02242545 0.02570247
v 0.01211533 0.02421981 -0.04671411
v 0.01185336 0.02501062 -0.04576749
v 0.01145393 0.02565108 -0.02209368
v 0.01213591 0.02543515 -0.03986880
v 0.01229059 0.02543648 -0.01958967
v 0.01168065 0.02585544 -0.00783777
v 0.01190508 0.02551149 -0.00391614
v 0.01135132 0.02591100 0.00018911
v 0.01153200 0.02572663 0.00378886
v 0.01129444 0.02592353 0.01112005
v 0.01106324 0.02619197 0.01619158
v 0.01121678 0.02594913 0.01990517
v 0.01384149 -0.02444513 -0.00794674
v 0.01284323 -0.02489058 0.02074665
v 0.01288796 -0.02079933 0.02670171
v 0.01247850 -0.02065536 -0.04777083
v 0.01261240 -0.01994208 0.02833559
v 0.01391308 -0.01879470 0.02917707
v 0.01225673 -0.01929594 0.03157115
v 0.01189662 -0.01788641 -0.03943255
v 0.01177131 -0.01778901 -0.03686067
v 0.01179840 -0.01779307 -0.02888163
v 0.01188414 -0.01786902 -0.02707264
v 0.01183353 -0.01782702 -0.02229819
v 0.01192152 -0.01788295 -0.01652043
v 0.01185690 -0.01784603 -0.01402426
v 0.01183336 -0.01783702 -0.01155712
v 0.01185747 -0.01784675 -0.00526023
v 0.01183194 -0.01783699 -0.00279424
v 0.01190044 -0.01789946 0.00279739
v 0.01194018 -0.01786766 0.00677600
v 0.01189303 -0.01789383 0.01156569
v 0.01177709 -0.01779509 0.01352781
v 0.01191215 -0.01790737 0.01713298
v 0.01205795 -0.01631490 0.01980657
v 0.01258389 -0.01538507 0.02092868
v 0.01274430 -0.01472217 0.02354813
v 0.01225002 -0.01506306 0.04022919
v 0.01290562 -0.01413041 -0.04138532
v 0.01273770 -0.01280175 0.02553573
v 0.01328316 -0.01149114 0.02672586
v 0.01247326 -0.00797968 0.04112615
v 0.01186166 -0.00834049 0.04344090
v 0.01259510 -0.00719337 0.04573566
v 0.01204930 0.00849109 0.04657096
v 0.01254691 0.00889384 0.04746996
v 0.01346869 0.00916734 0.03466173
v 0.01346909 0.01359632 -0.04710206
v 0.01338266 0.01385218 0.02351786
v 0.01184953 0.01687468 -0.04156814
v 0.01190519 0.01784346 -0.03575788
v 0.01224112 0.01760901 -0.03018747
v 0.01188803 0.01773992 -0.02108824
v 0.01186435 0.01781700 -0.01794283
v 0.01189646 0.01774208 -0.00674199
v 0.01190332 0.01779882 -0.00021853
v 0.01228864 0.01746132 0.03300673
v 0.01246914 0.01700129 0.03425841
v 0.01248796 0.01751560 0.03676253
v 0.01252190 0.01866728 0.03225383
v 0.01355708 0.01875615 0.03152381
v 0.01307867 0.02025588 -0.04781811
v 0.01273395 0.02007661 0.02823813
v 0.01483557 0.02186291 -0.04733239
v 0.01297596 0.02384747 0.02306797
v 0.01425436 0.02446109 -0.04275860
v 0.01275506 0.02513289 -0.03492798
v 0.01312364 0.02494055 -0.01077049
v 0.01325771 0.02499041 0.01022562
v 0.01434046 -0.02432287 -0.03845455
v 0.01411531 -0.02432183 -0.03475069
v 0.01307949 -0.02486205 -0.03014703
v 0.01274445 -0.02508715 -0.02384892
v 0.01422757 -0.02422990 -0.01870706
v 0.01358663 -0.02446533 -0.01070915
v 0.01424227 -0.02413747 -0.00560184
v 0.01294138 -0.02498378 0.00085508
v 0.01345926 -0.02456887 0.00641815
v 0.01490246 -0.02386164 0.00871111
v 0.01385120 -0.02433366 0.01156791
v 0.01309194 -0.02490085 0.01545743
v 0.01333226 -0.02481329 0.01866058
v 0.01368572 -0.02109574 -0.04757936
v 0.01408094 -0.01697973 -0.04023357
v 0.01269946 -0.01739652 -0.03760879
v 0.01289805 -0.01742472 -0.03081637
v 0.01309198 -0.01737713 -0.02665481
v 0.01285580 -0.01743319 -0.02277007
v 0.01309791 -0.01739320 -0.01447190
v 0.01268401 -0.01739325 -0.01234504
v 0.01307346 -0.01737911 -0.01049738
v 0.01291366 -0.01740429 -0.00521843
v 0.01306709 -0.01734683 -0.00246893
v 0.01267118 -0.01745814 0.00494710
v 0.01309627 -0.01738861 0.01043151
v 0.01266773 -0.01740653 0.01354972
v 0.01312560 -0.01739122 0.01617172
v 0.01426078 -0.01631399 -0.04102707
v 0.01370020 -0.01550581 0.03880285
v 0.01309539 -0.01551961 -0.04143188
v 0.01406565 -0.01526797 0.01915237
v 0.01325543 -0.01361620 0.02440452
v 0.01343102 -0.01385810 0.04262944
v 0.01359455 -0.01259967 0.04665236
v 0.01360885 -0.01128069 -0.04072646
v 0.01313688 -0.01199616 0.04754664
v 0.01458883 -0.01096039 -0.04657576
v 0.01388428 -0.00961082 -0.04052539
v 0.01273812 -0.00998861 0.03382587
v 0.01271804 -0.00918832 0.03866660
v 0.01307010 -0.00794494 0.04746581
v 0.01321334 -0.00399368 -0.04024095
v 0.01287293 0.00127545 -0.03976718
v 0.01467607 0.00238704 -0.04025397
v 0.01344610 0.00634346 -0.04651031
v 0.01396520 0.00714395 -0.04057980
v 0.01273933 0.00763311 0.04417839
v 0.01333341 0.00689724 0.04147098
v 0.01305506 0.00872326 0.03904918
v 0.01423928 0.00638115 0.03963166
v 0.01345703 0.01100723 0.02885934
v 0.01424097 0.00914966 0.03145563
v 0.01415581 0.01042816 0.04760579
v 0.01346704 0.01151539 -0.04100956
v 0.01336347 0.01216464 0.04745733
v 0.01434869 0.01089392 0.02552678
v 0.01304158 0.01349065 0.04661965
v 0.01381065 0.01315571 0.04572578
v 0.01347194 0.01418060 0.04323677
v 0.01458387 0.01644613 -0.04730434
v 0.01307340 0.01586975 -0.04176992
v 0.01345010 0.01711863 -0.04105432
v 0.01335746 0.01706793 0.01783919
v 0.01341974 0.01654167 0.03592323
v 0.01304756 0.01738503 -0.03971666
v 0.01286934 0.01739234 -0.03605694
v 0.01268434 0.01738738 -0.02822862
v 0.01306307 0.01739519 -0.02509405
v 0.01306135 0.01736921 -0.01769305
v 0.01279990 0.01746188 -0.01374462
v 0.01305974 0.01739398 -0.00792030
v 0.01270575 0.01744621 -0.00311086
v 0.01305209 0.01739709 -0.00016327
v 0.01322588 0.01730144 0.00470444
v 0.01308266 0.01745678 0.00737025
v 0.01287309 0.01752396 0.01130302
v 0.01506958 0.02267683 -0.04667460
v 0.01347431 0.02273577 0.02434229
v 0.01417990 0.02379269 -0.04576624
v 0.01316723 0.02493361 -0.04377529
v 0.01367230 0.02461169 0.01975060
v 0.01345437 0.02425129 0.02158562
v 0.01328913 0.02495523 -0.03775724
v 0.01330076 0.02489107 -0.02839870
v 0.01320482 0.02497148 -0.02102285
v 0.01322273 0.02495814 -0.01406928
v 0.01387137 0.02452486 -0.00487995
v 0.01301281 0.02515855 -0.00016105
v 0.01331372 0.02492046 0.00357884
v 0.01428900 0.02436898 0.01410611
v 0.01451818 -0.02409396 -0.04380733
v 0.01539859 -0.02342774 -0.02205993
v 0.01495960 -0.02340898 0.02131936
v 0.01492231 -0.02306621 -0.04572902
v 0.01502035 -0.02264380 0.02262640
v 0.01504481 -0.02211006 -0.04658619
v 0.01430768 -0.01911577 -0.04771543
v 0.01394873 -0.01831758 0.03148506
v 0.01446383 -0.01695235 0.03242328
v 0.01428728 -0.01712539 -0.03944432
v 0.01414046 -0.01693047 -0.03710230
v 0.01410820 -0.01702910 -0.02845238
v 0.01421383 -0.01707475 -0.02236563
v 0.01420247 -0.01710418 -0.01850686
v 0.01432818 -0.01715159 -0.01470005
v 0.01393037 -0.01708166 -0.01284133
v 0.01432966 -0.01715847 -0.00672023
v 0.01409324 -0.01699450 -0.00394750
v 0.01432848 -0.01714229 0.00279527
v 0.01405248 -0.01697701 0.00483365
v 0.01425821 -0.01711517 0.00649333
v 0.01409155 -0.01698187 0.01337901
v 0.01425602 -0.01709181 0.01634879
v 0.01511643 -0.01707292 -0.04734114
v 0.01425393 -0.01549923 0.03307170
v 0.01542747 -0.01421335 0.03386715
v 0.01395240 -0.01609785 0.03674179
v 0.01397255 -0.01595050 0.03789402
v 0.01447242 -0.01405308 0.02074116
v 0.01400095 -0.01359857 0.02360182
v 0.01366393 -0.01379115 0.04067183
v 0.01396306 -0.01277692 0.04587101
v 0.01352152 -0.01030073 0.02968263
v 0.01408266 -0.00919885 0.04776782
v 0.01386208 -0.00898966 0.03190535
v 0.01473450 -0.00771628 -0.04046906
v 0.01421310 -0.00747367 0.03549874
v 0.01386535 -0.00775732 0.03771821
v 0.01349494 -0.00719167 0.03986428
v 0.01422207 -0.00405047 0.04242267
v 0.01352535 -0.00569532 0.04656544
v 0.01587190 -0.00835299 -0.04657943
v 0.01353363 -0.00574351 0.04362969
v 0.01604986 -0.00456497 -0.04652571
v 0.01467739 -0.00102648 -0.04025420
v 0.01536433 -0.00084409 -0.04635444
v 0.01425732 0.00277396 -0.04648505
v 0.01364946 0.00568753 0.04622552
v 0.01345762 0.00629081 0.04448547
v 0.01384183 0.00643577 0.04738675
v 0.01485141 0.00684267 0.04791120
v 0.01428258 0.00923471 -0.04657598
v 0.01420820 0.01066650 -0.04686708
v 0.01416218 0.01047121 0.02675917
v 0.01508757 0.01320580 -0.04171174
v 0.01420124 0.01424689 0.02100663
v 0.01376306 0.01418803 0.04024792
v 0.01370056 0.01398522 0.04110658
v 0.01501639 0.01449076 0.03390207
v 0.01460254 0.01490657 0.03464679
v 0.01389248 0.01591520 0.03866941
v 0.01432166 0.01588235 0.03306432
v 0.01406961 0.01695446 -0.03739613
v 0.01426411 0.01708335 -0.03244459
v 0.01418337 0.01702703 -0.02936258
v 0.01417073 0.01707416 -0.01889407
v 0.01416888 0.01704555 -0.01181292
v 0.01427569 0.01710570 0.01177746
v 0.01428577 0.01711151 0.01635620
v 0.01459931 0.01823168 0.03067444
v 0.01455618 0.02386878 -0.04493814
v 0.01435844 0.02430816 -0.03391313
v 0.01427235 0.02424242 -0.02546987
v 0.01424296 0.02447371 -0.00849954
v 0.01385298 0.02467298 0.01794056
v 0.01613207 -0.02325616 -0.03977017
v 0.01463909 -0.02393720 -0.03024448
v 0.01492666 -0.02385644 -0.00046109
v 0.01605682 -0.02297400 0.00322205
v 0.01504944 -0.02386077 0.01950453
v 0.01489978 -0.02387539 0.02025119
v 0.01601849 -0.02299477 0.00664509
v 0.01479511 -0.01812758 0.02871490
v 0.01505710 -0.01790767 0.03071835
v 0.01424688 -0.01708535 -0.03525696
v 0.01431739 -0.01715120 -0.03241379
v 0.01423750 -0.01710145 -0.01042353
v 0.01424452 -0.01714667 -0.00138178
v 0.01430989 -0.01713996 0.01158452
v 0.01588559 -0.01275487 -0.04708061
v 0.01465520 -0.01429358 -0.04143588
v 0.01540778 -0.01411851 0.03862885
v 0.01463321 -0.01311391 -0.04140692
v 0.01536774 -0.01174065 0.04368544
v 0.01502652 -0.01072042 -0.04102238
v 0.01447857 -0.01175415 0.02473852
v 0.01465225 -0.01006539 0.02607292
v 0.01429802 -0.01081793 0.04753252
v 0.01479122 -0.00865457 0.02925881
v 0.01506432 -0.00677963 0.03307424
v 0.01425480 -0.00659710 0.03849665
v 0.01438230 -0.00547320 0.04748136
v 0.01544266 -0.00557783 -0.04028085
v 0.01426931 -0.00442452 0.04104997
v 0.01410387 -0.00457349 0.04441103
v 0.01408041 -0.00381360 0.04579009
v 0.01434912 -0.00313699 0.04661484
v 0.01416594 0.00405549 0.04591595
v 0.01428462 0.00440323 0.04364396
v 0.01433043 0.00391625 0.04659461
v 0.01421834 0.00503673 0.04147824
v 0.01429673 0.00753035 0.03741076
v 0.01496841 0.00666654 0.03468233
v 0.01505467 0.00827442 0.04793863
v 0.01456011 0.00932921 0.02913196
v 0.01534515 0.01003235 -0.04115824
v 0.01463397 0.01160529 0.04664537
v 0.01528019 0.01202430 0.04382901
v 0.01458960 0.01620181 -0.04114775
v 0.01534589 0.01500511 0.03706851
v 0.01429280 0.01714190 -0.04023583
v 0.01430604 0.01713626 -0.03542244
v 0.01431191 0.01713008 -0.02586661
v 0.01425161 0.01708855 -0.02207996
v 0.01423722 0.01712449 -0.00914981
v 0.01425184 0.01709598 -0.00552612
v 0.01430119 0.01712022 0.00041921
v 0.01425399 0.01700394 0.00384853
v 0.01429211 0.01715599 0.00798325
v 0.01417775 0.01697077 0.01375489
v 0.01586839 0.01707193 -0.04774735
v 0.01427919 0.01709986 -0.01511648
v 0.01568539 0.01616865 0.03229983
v 0.01597420 0.01713694 0.02910481
v 0.01476105 0.02247568 0.02340212
v 0.01588656 0.02268152 0.02147336
v 0.01431928 0.02429855 -0.04018292
v 0.01430432 0.02435576 -0.02929527
v 0.01473310 0.02390427 -0.02168090
v 0.01432007 0.02435988 -0.01813811
v 0.01506014 0.02370594 -0.01320333
v 0.01434826 0.02429830 -0.01149979
v 0.01443506 0.02436163 0.00042964
v 0.01431789 0.02440304 0.00687776
v 0.01601061 -0.02347474 -0.04148258
v 0.01583006 -0.02305241 -0.02570209
v 0.01656098 -0.02261534 -0.01634036
v 0.01600759 -0.02302215 -0.01146420
v 0.01802094 -0.02188179 -0.00768470
v 0.01655084 -0.02260337 -0.00519858
v 0.01659464 -0.02263245 0.01354836
v 0.01654080 -0.02107646 0.02344164
v 0.01716855 -0.01942625 -0.04743238
v 0.01578958 -0.01904785 -0.04777597
v 0.01646872 -0.01721030 0.02798163
v 0.01632913 -0.01663157 -0.04759112
v 0.01598147 -0.01598803 0.03219851
v 0.01584785 -0.01551374 -0.04021246
v 0.01597685 -0.01552179 -0.03945446
v 0.01592217 -0.01555997 -0.03167317
v 0.01592690 -0.01559042 -0.02665986
v 0.01588865 -0.01555902 -0.02270733
v 0.01583085 -0.01545660 -0.01989780
v 0.01590949 -0.01557644 -0.01474093
v 0.01582914 -0.01545473 -0.01230984
v 0.01588780 -0.01559702 -0.00555891
v 0.01583023 -0.01546123 -0.00355162
v 0.01593966 -0.01557786 0.00275733
v 0.01599464 -0.01548846 0.00675744
v 0.01585250 -0.01553036 0.00758086
v 0.01581354 -0.01547375 0.01356877
v 0.01589860 -0.01557387 0.01633218
v 0.01586554 -0.01481914 -0.04110165
v 0.01539591 -0.01476260 0.03308554
v 0.01616351 -0.01378890 0.03793368
v 0.01588606 -0.01392016 0.01875815
v 0.01541646 -0.01281955 0.02173187
v 0.01520659 -0.01251210 0.04027367
v 0.01597309 -0.01132476 0.02333986
v 0.01538846 -0.01190130 0.04091727
v 0.01510900 -0.01158383 0.04592917
v 0.01583734 -0.00756214 0.02670083
v 0.01544946 -0.00670552 0.04773674
v 0.01534366 -0.00659272 0.03107436
v 0.01519174 -0.00538009 0.03510018
v 0.01507391 -0.00523943 0.03706327
v 0.01662455 -0.00480826 -0.04037726
v 0.01505135 -0.00278919 0.04742629
v 0.01528487 -0.00080310 0.04043585
v 0.01482460 -0.00180926 0.04221378
v 0.01475826 -0.00079381 0.04582699
v 0.01492396 -0.00100580 0.04675703
v 0.01484383 0.00156563 0.04263493
v 0.01492803 0.00038199 0.04373107
v 0.01456857 0.00219782 0.04583420
v 0.01490367 0.00222375 0.04683900
v 0.01518454 0.00123345 0.04095721
v 0.01485529 0.00297906 0.04145753
v 0.01583130 0.00593318 -0.04057643
v 0.01534428 0.00335995 0.04753563
v 0.01539227 0.00237265 0.03987018
v 0.01506814 0.00595347 0.03730711
v 0.01673432 0.00600861 -0.04657631
v 0.01505089 0.00752486 0.03188830
v 0.01554813 0.00717260 0.02960277
v 0.01575116 0.00785557 0.02678472
v 0.01623126 0.00934411 -0.04696686
v 0.01582836 0.00870727 0.02552372
v 0.01707218 0.01056373 -0.04717483
v 0.01663916 0.01002085 0.02358992
v 0.01494489 0.01176917 0.04591203
v 0.01668675 0.01073896 0.02276796
v 0.01522905 0.01264961 0.04029466
v 0.01656623 0.01058564 0.04264484
v 0.01542660 0.01401978 -0.04174818
v 0.01589145 0.01391828 0.03873172
v 0.01589941 0.01414404 0.01891955
v 0.01702154 0.01348867 -0.04720191
v 0.01605495 0.01384973 0.03590021
v 0.01535074 0.01494525 0.03782335
v 0.01595258 0.01555213 -0.02662076
v 0.01585267 0.01549698 -0.00366618
v 0.01587958 0.01553627 0.00222537
v 0.01588440 0.01551566 0.00641223
v 0.01545110 0.01588461 0.00878172
v 0.01590323 0.01554719 0.01636866
v 0.01588188 0.01547515 -0.03841021
v 0.01590676 0.01559089 -0.03340341
v 0.01589457 0.01557757 -0.02387764
v 0.01583556 0.01547885 -0.01989728
v 0.01592431 0.01555489 -0.01614056
v 0.01586730 0.01563645 -0.01277819
v 0.01589031 0.01554720 -0.00832435
v 0.01679539 0.01568472 0.03155052
v 0.01670381 0.01669744 0.02832660
v 0.01663444 0.01960429 0.02519368
v 0.01640779 0.01925045 -0.04783357
v 0.01573741 0.02337651 -0.04296697
v 0.01546673 0.02343410 -0.03767652
v 0.01542191 0.02343247 -0.03169893
v 0.01523451 0.02344805 -0.02728381
v 0.01548404 0.02339215 -0.02392809
v 0.01551855 0.02336501 -0.01752895
v 0.01544417 0.02338290 -0.00923681
v 0.01514627 0.02350908 -0.00553389
v 0.01613658 0.02304622 -0.00073167
v 0.01536461 0.02342959 0.00536497
v 0.01561971 0.02338745 0.00887360
v 0.01554232 0.02338544 0.01419534
v 0.01539595 0.02348284 0.01990479
v 0.01659841 -0.02261548 0.01792662
v 0.01687452 -0.02258585 0.00087853
v 0.01704460 -0.02244121 0.00933132
v 0.01686840 -0.01734434 -0.04776704
v 0.01674146 -0.01584016 0.03141678
v 0.01614341 -0.01495093 -0.03640459
v 0.01587348 -0.01554954 -0.03541083
v 0.01580816 -0.01546641 -0.02865693
v 0.01578540 -0.01545973 0.00480629
v 0.01744255 -0.01412025 0.03241495
v 0.01633570 -0.01377615 0.03712055
v 0.01632428 -0.01282433 -0.04130819
v 0.01625715 -0.01065965 -0.04134695
v 0.01668896 -0.00953372 0.04548386
v 0.01595032 -0.00905455 -0.04112656
v 0.01610668 -0.00857145 0.02513312
v 0.01677395 -0.00878451 0.04641794
v 0.01781452 -0.00833703 -0.04713209
v 0.01588472 -0.00839036 0.04750732
v 0.01660464 -0.00634685 -0.04052912
v 0.01626766 -0.00699662 0.02629401
v 0.01584131 -0.00677166 0.02910252
v 0.01581874 -0.00462970 0.03313106
v 0.01581056 -0.00348616 0.04779835
v 0.01585878 -0.00282185 0.03631915
v 0.01569602 -0.00028683 0.04755347
v 0.01701957 -0.00021595 -0.04061201
v 0.01585218 0.00054441 0.03905951
v 0.01752153 0.00274432 -0.04654312
v 0.01587714 0.00198556 0.03876048
v 0.01584658 0.00358295 0.03707222
v 0.01589485 0.00348345 0.03501001
v 0.01662692 0.00354523 0.04781794
v 0.01584050 0.00513847 0.03307889
v 0.01539004 0.00572240 0.03426599
v 0.01620973 0.00433655 0.03118783
v 0.01655320 0.00559127 0.02774235
v 0.01622950 0.00598826 0.04777962
v 0.01586009 0.00895803 0.04744740
v 0.01666464 0.00898160 0.04658210
v 0.01664967 0.01042979 0.04111068
v 0.01741660 0.01175218 0.01994893
v 0.01619185 0.01465830 -0.04106573
v 0.01621952 0.01399064 0.03304394
v 0.01594780 0.01556368 -0.04023178
v 0.01587088 0.01548077 -0.03654025
v 0.01582708 0.01546822 -0.02865730
v 0.01582784 0.01545653 -0.01113238
v 0.01621328 0.01495970 0.01431656
v 0.01589846 0.01556729 0.01275699
v 0.01702531 0.01587469 0.03070097
v 0.01761282 0.01687921 -0.04792349
v 0.01749023 0.02030293 0.02362552
v 0.01663003 0.02025997 -0.04739098
v 0.01784508 0.02039092 -0.04660593
v 0.01757611 0.02190157 -0.04501442
v 0.01663521 0.02264284 -0.03980930
v 0.01658210 0.02262785 -0.03503358
v 0.01658598 0.02262060 -0.02946019
v 0.01690025 0.02250970 -0.02557268
v 0.01654178 0.02260163 -0.02069671
v 0.01658583 0.02262370 -0.01252805
v 0.01654198 0.02260361 -0.00376619
v 0.01651319 0.02259765 0.00202377
v 0.01649632 0.02263559 0.00604798
v 0.01659974 0.02261998 0.01853602
v 0.01701928 -0.02257855 -0.04382832
v 0.01802458 -0.02183255 -0.03572571
v 0.01704540 -0.02247172 -0.03333665
v 0.01813233 -0.02183789 -0.02348776
v 0.01773125 -0.02198660 -0.02153799
v 0.01816345 -0.02144421 0.02041652
v 0.01732685 -0.02109295 0.02255894
v 0.01713129 -0.01888522 0.02555001
v 0.01753541 -0.01562212 0.02911764
v 0.01900061 -0.01311293 -0.04738065
v 0.01655503 -0.01439249 -0.03978870
v 0.01701548 -0.01381353 -0.03057587
v 0.01663557 -0.01410212 -0.02860514
v 0.01690304 -0.01388274 -0.02679113
v 0.01742437 -0.01274725 -0.01490715
v 0.01741315 -0.01242829 -0.01267788
v 0.01736693 -0.01276241 -0.00857791
v 0.01684714 -0.01354818 -0.00447141
v 0.01740028 -0.01255949 -0.00220849
v 0.01752079 -0.01250087 0.00303457
v 0.01741279 -0.01250799 0.00509332
v 0.01666496 -0.01425977 0.00933766
v 0.01738749 -0.01305846 0.01160096
v 0.01647497 -0.01440258 0.01351985
v 0.01699599 -0.01318212 -0.04104241
v 0.01660228 -0.01420779 -0.03764747
v 0.01678527 -0.01330996 -0.01987025
v 0.01692488 -0.01297281 0.01824776
v 0.01713979 -0.01227656 0.03421194
v 0.01697790 -0.01317593 0.03307993
v 0.01682663 -0.01246323 0.03863603
v 0.01698981 -0.01106013 0.02110893
v 0.01686836 -0.01026996 0.04023117
v 0.01746684 -0.00868811 0.04261599
v 0.01705667 -0.00851128 0.02423224
v 0.01732292 -0.00902718 0.04100145
v 0.01634467 -0.00561531 0.02854082
v 0.01744859 -0.00472354 0.04748910
v 0.01800835 -0.00558432 -0.04700343
v 0.01666669 -0.00289343 0.03069465
v 0.01660915 -0.00296389 0.04785913
v 0.01626860 -0.00277668 0.03296061
v 0.01608331 -0.00150772 0.03486777
v 0.01815301 -0.00237866 -0.04659307
v 0.01665891 -0.00121052 0.03311359
v 0.01601076 -0.00038097 0.03746483
v 0.01639489 0.00061100 0.03417647
v 0.01606458 0.00148746 0.03646986
v 0.01701224 0.00247229 -0.04055236
v 0.01663659 0.00178798 0.03302427
v 0.01664298 0.00272345 0.03113659
v 0.01708094 0.00356522 0.02864001
v 0.01706870 0.00617737 0.02555007
v 0.01860558 0.00594876 -0.04709258
v 0.01708711 0.00570351 0.04745534
v 0.01743150 0.01055275 -0.04171299
v 0.01646462 0.01111218 0.04023575
v 0.01666448 0.01029022 0.04402852
v 0.01700069 0.01241123 0.03391411
v 0.01760082 0.01224817 0.03316659
v 0.01709406 0.01232797 0.03488369
v 0.01698873 0.01371843 0.01732745
v 0.01693168 0.01310936 0.03789749
v 0.01690838 0.01400281 -0.03996157
v 0.01665203 0.01407029 -0.03749458
v 0.01661537 0.01431498 -0.03483927
v 0.01666092 0.01435339 -0.03115849
v 0.01663622 0.01408700 -0.02871991
v 0.01704360 0.01375084 -0.02641929
v 0.01668838 0.01426419 -0.02344896
v 0.01672994 0.01404235 -0.02008292
v 0.01678967 0.01412567 -0.01665136
v 0.01706985 0.01365591 -0.01231931
v 0.01660079 0.01428978 -0.00907377
v 0.01661961 0.01424012 -0.00293814
v 0.01650566 0.01451614 0.00094051
v 0.01705679 0.01378909 0.00359865
v 0.01658232 0.01463652 0.00757145
v 0.01650168 0.01458472 0.01035304
v 0.01651118 0.01449886 0.01630587
v 0.01904374 0.01238469 0.03240062
v 0.01824464 0.01394662 -0.04736190
v 0.01750141 0.01393606 0.01278137
v 0.01713312 0.02241488 -0.03150936
v 0.01740831 0.02231623 -0.00894277
v 0.01683607 0.02255619 0.01612926
v 0.01762018 0.02183741 0.02041191
v 0.01811871 0.02181871 -0.03976439
v 0.01819362 0.02181791 -0.01811919
v 0.01811734 0.02188114 -0.01546645
v 0.01819846 0.02183673 0.00759030
v 0.01777927 -0.02218024 -0.04316626
v 0.01762191 -0.02232337 -0.04005429
v 0.01801845 -0.02184110 -0.02932414
v 0.01807196 -0.02179322 -0.01789844
v 0.01810149 -0.02174809 -0.01208083
v 0.01790596 -0.02181495 -0.00488568
v 0.01814315 -0.02171337 0.01634999
v 0.01819308 -0.02106711 -0.04542699
v 0.01795368 -0.01997283 -0.04667259
v 0.01770724 -0.01579168 0.02829586
v 0.01947774 -0.01044497 -0.04718929
v 0.01825496 -0.01240561 -0.03582347
v 0.01826346 -0.01235957 -0.04024797
v 0.01825108 -0.01244121 -0.03936972
v 0.01746533 -0.01316731 -0.03301518
v 0.01818014 -0.01222899 -0.02847509
v 0.01737491 -0.01228222 -0.02226407
v 0.01729225 -0.01286756 0.01650346
v 0.01732381 -0.01220670 -0.01986531
v 0.01741829 -0.01242252 -0.00508815
v 0.01820715 -0.01152538 0.01795368
v 0.01800931 -0.01141875 0.03674468
v 0.01795592 -0.01141188 0.03784378
v 0.01862440 -0.01035537 -0.04108918
v 0.01779023 -0.00883126 -0.04123421
v 0.01739632 -0.00948877 0.02305902
v 0.01792605 -0.00761717 0.04460420
v 0.01756939 -0.00716544 -0.04105681
v 0.01741991 -0.00687002 0.04677551
v 0.01711306 -0.00616415 0.02551837
v 0.01820717 -0.00594814 0.02431482
v 0.01731061 -0.00511507 -0.04056217
v 0.01730516 -0.00436872 0.02628454
v 0.01738749 -0.00284410 0.02670097
v 0.01714511 -0.00356973 0.02829911
v 0.01742624 -0.00242519 0.04772738
v 0.01747113 -0.00120331 0.02841759
v 0.01676749 -0.00138085 0.03108362
v 0.01739561 0.00164608 0.04771441
v 0.01742657 0.00200262 0.02832620
v 0.01741634 0.00058875 0.02669592
v 0.01742957 0.00322546 0.02609473
v 0.01758159 0.00562801 -0.04097664
v 0.01732128 0.00712324 0.04665663
v 0.01909503 0.00703784 -0.04160018
v 0.01808850 0.00660865 0.04542281
v 0.01837840 0.00703808 0.04379112
v 0.01795270 0.00745201 0.02355525
v 0.01762435 0.00877978 0.04102706
v 0.01736304 0.00977652 0.02254969
v 0.01822748 0.00816248 0.04027835
v 0.01739526 0.01310546 -0.04114493
v 0.01781768 0.01097774 0.03390961
v 0.01822830 0.01153155 0.03664640
v 0.01810812 0.01223332 -0.02860911
v 0.01824363 0.01235847 -0.03065736
v 0.01821436 0.01231425 -0.01989523
v 0.01824969 0.01236227 -0.01729276
v 0.01819940 0.01227899 -0.01114395
v 0.01819537 0.01252376 -0.00904067
v 0.01824974 0.01247268 -0.00503164
v 0.01819578 0.01261038 -0.00012611
v 0.01819936 0.01250926 0.00413256
v 0.01787375 0.01313550 0.01410774
v 0.01848785 0.01427788 0.02910695
v 0.01782331 0.02063442 0.02268711
v 0.01810131 0.02185509 -0.04376102
v 0.01787857 0.02192256 -0.03540501
v 0.01807894 0.02176468 -0.01271312
v 0.01786200 0.02189574 -0.00295759
v 0.01814282 0.02191938 0.00044946
v 0.01784858 0.02188500 0.00233091
v 0.01812779 0.02180263 0.01388357
v 0.01847973 -0.02137926 -0.02527017
v 0.01812666 -0.02181805 0.00118159
v 0.01892944 -0.02098780 0.00320482
v 0.01810044 -0.02179300 0.00897416
v 0.01898219 -0.02103799 -0.04422091
v 0.01877269 -0.02116696 0.01868245
v 0.01824458 -0.01949597 0.02372274
v 0.01856746 -0.01624204 -0.04779163
v 0.01910631 -0.01472223 0.02771499
v 0.01864886 -0.01476952 -0.04771493
v 0.01856367 -0.01421873 0.03069727
v 0.01872620 -0.01359095 0.03155503
v 0.01820564 -0.01227765 -0.03742403
v 0.01822759 -0.01237591 -0.03105503
v 0.01826133 -0.01199576 -0.02623595
v 0.01826425 -0.01153690 -0.01747160
v 0.01898854 -0.01072123 -0.01432200
v 0.01822557 -0.01160021 0.00996421
v 0.01880825 -0.01094748 -0.02518925
v 0.01820880 -0.01155291 -0.02230564
v 0.01977890 -0.00961600 -0.01101428
v 0.01892844 -0.01064806 -0.00234781
v 0.01879230 -0.01090903 0.00302076
v 0.01890558 -0.01065736 0.00519188
v 0.01894322 -0.01067839 0.01417283
v 0.01864367 -0.01114448 0.01632325
v 0.01909354 -0.00990412 0.03309040
v 0.01828916 -0.01042969 0.03380175
v 0.01883219 -0.00927520 0.03512416
v 0.01829620 -0.01023364 0.03861148
v 0.01888540 -0.00894350 0.02005595
v 0.01817818 -0.00721097 0.02359701
v 0.01826841 -0.00785614 0.04008065
v 0.01844202 -0.00669197 0.04118414
v 0.01855268 -0.00674961 0.04340423
v 0.01828425 -0.00610830 0.04584883
v 0.01823829 -0.00468248 0.04672873
v 0.01897216 -0.00438145 -0.04124256
v 0.01797254 -0.00197953 0.02549639
v 0.01815249 -0.00201563 0.04741051
v 0.01862580 -0.00044016 -0.04110228
v 0.01813872 0.00149746 0.02504259
v 0.01900794 0.00099834 -0.04699041
v 0.01820253 0.00118055 0.04743473
v 0.01830495 0.00437303 0.04671169
v 0.01798276 0.00487444 0.02475823
v 0.01838646 0.00718177 0.04124886
v 0.01901311 0.00891787 0.02026185
v 0.01862915 0.01003199 0.03865673
v 0.01934291 0.00819154 -0.04151646
v 0.01870636 0.01073089 -0.04112690
v 0.01818846 0.01150815 0.01866143
v 0.01868135 0.01030236 0.03319214
v 0.01834286 0.01038655 0.03491354
v 0.01904934 0.01004331 0.03791172
v 0.01831603 0.01237073 -0.04021148
v 0.01819202 0.01219960 -0.03742497
v 0.01821518 0.01232956 -0.03562937
v 0.01821447 0.01233965 -0.02707466
v 0.01839939 0.01181132 0.01733558
v 0.01826010 0.01240408 -0.01315382
v 0.01830105 0.01236173 -0.00217243
v 0.01814713 0.01300373 0.00739996
v 0.01822143 0.01288991 0.01201276
v 0.01820919 0.01253058 0.01622191
v 0.01886810 0.01424586 0.02832835
v 0.02178050 0.01346237 -0.04771590
v 0.02148922 0.01495301 -0.04742611
v 0.01983979 0.01792943 0.02365835
v 0.01878898 0.02036280 -0.04573433
v 0.01896270 0.02099052 0.01955825
v 0.01815859 0.02182281 -0.03197112
v 0.01806650 0.02176676 -0.02126746
v 0.01818630 0.02182945 -0.00993336
v 0.01809328 0.02179060 0.01877702
v 0.01925922 -0.02072303 -0.03702834
v 0.01956843 -0.02044647 -0.03165243
v 0.02035237 -0.01964012 -0.02348120
v 0.01897103 -0.02104033 -0.01831209
v 0.01889020 -0.02102727 -0.01357511
v 0.01895523 -0.02101556 -0.00700389
v 0.01897108 -0.02103566 0.00041197
v 0.01895546 -0.02101508 0.00837701
v 0.01887154 -0.02102969 0.01349617
v 0.01981636 -0.01918360 -0.04570968
v 0.01987749 -0.01952372 0.02115947
v 0.02000975 -0.01807477 0.02309862
v 0.01962744 -0.01135427 0.03232199
v 0.01880298 -0.01114217 -0.04006706
v 0.01881368 -0.01114831 -0.03560775
v 0.01894355 -0.01067610 -0.02825172
v 0.01892058 -0.01064324 -0.03777622
v 0.01901796 -0.01077479 -0.03184071
v 0.01983845 -0.00994072 -0.02329321
v 0.01969344 -0.00975659 -0.01974097
v 0.01987819 -0.00995141 -0.01793142
v 0.01900877 -0.01073618 -0.00876085
v 0.01980945 -0.00994137 0.00817113
v 0.01919951 -0.01017616 0.01746007
v 0.01979925 -0.00837709 0.03705936
v 0.01940900 -0.00889108 0.03782317
v 0.02117502 -0.00642121 -0.04721696
v 0.01925711 -0.00846938 0.03383417
v 0.01984107 -0.00752878 0.03861201
v 0.01960699 -0.00498396 -0.04133854
v 0.01912726 -0.00658678 0.02152802
v 0.01935836 -0.00482378 0.04021647
v 0.01939536 -0.00278664 -0.04693161
v 0.01901560 -0.00517657 0.02352502
v 0.01904968 -0.00529733 0.04262488
v 0.01885953 -0.00513827 0.04506179
v 0.01909790 -0.00478655 0.04104096
v 0.01900394 -0.00199841 0.02430296
v 0.01886284 -0.00211398 0.04620016
v 0.01897634 0.00120811 0.02425155
v 0.01891997 0.00059414 0.04641134
v 0.01979360 0.00317504 -0.04153497
v 0.01883308 0.00193229 0.04635551
v 0.01898391 0.00512235 0.02350084
v 0.01978838 0.00118145 -0.04714655
v 0.01870073 0.00454424 0.04561490
v 0.01904524 0.00496797 0.04099277
v 0.01893256 0.00564143 0.04350757
v 0.01932760 0.00500411 0.04031307
v 0.01935906 0.00801586 0.03393663
v 0.01929979 0.00817544 0.03473040
v 0.02065259 0.00914340 -0.04733288
v 0.01902003 0.01019597 0.03656054
v 0.01882458 0.01113104 -0.03994349
v 0.01894575 0.01066377 -0.03724772
v 0.01902901 0.01076797 -0.03465010
v 0.01901277 0.01074270 -0.03027008
v 0.01890224 0.01063020 -0.02869664
v 0.01905393 0.01079033 -0.02628787
v 0.01895689 0.01063304 -0.01991458
v 0.01900004 0.01080597 -0.02191780
v 0.02020865 0.00844475 0.01797592
v 0.01904335 0.01080040 -0.01594369
v 0.01906221 0.01077418 -0.01232320
v 0.01900638 0.01072467 -0.00674645
v 0.01980239 0.01002099 -0.00357174
v 0.01901215 0.01102170 0.00181204
v 0.01897877 0.01125388 0.00684109
v 0.01885261 0.01168709 0.01107006
v 0.01982747 0.00996491 0.01636375
v 0.01981208 0.01228882 0.03146783
v 0.01910008 0.01350598 0.03089137
v 0.02048679 0.01320762 -0.04780082
v 0.01979026 0.01663868 0.02512130
v 0.02010024 0.01822963 -0.04659621
v 0.01994899 0.01876146 0.02230548
v 0.01900118 0.02102786 -0.04419864
v 0.01956461 0.02045346 -0.04119925
v 0.01902759 0.02111078 -0.03700558
v 0.01896024 0.02101332 -0.03503152
v 0.01901980 0.02104395 -0.03006837
v 0.01898598 0.02103497 -0.02477734
v 0.01904177 0.02108952 -0.01747640
v 0.01931655 0.02056696 -0.01193704
v 0.01899642 0.02104388 -0.00874734
v 0.01896188 0.02100446 -0.00316916
v 0.01897056 0.02101708 0.00131495
v 0.01897313 0.02101556 0.00638955
v 0.01976873 0.02010107 0.01358341
v 0.01898832 0.02104190 0.01724703
v 0.01902315 0.02115584 -0.03145519
v 0.02086404 -0.01898758 -0.04383510
v 0.02194176 -0.01789978 -0.04127794
v 0.02136143 -0.01866859 -0.03782057
v 0.02130099 -0.01858175 -0.01112296
v 0.02115316 -0.01850715 0.01164311
v 0.01975187 -0.02022384 0.01635955
v 0.02010285 -0.01968988 0.01998815
v 0.02145519 -0.01793019 -0.04499195
v 0.02014312 -0.01573880 -0.04750745
v 0.02107731 -0.01524248 0.02465879
v 0.02035443 -0.01368457 -0.04772494
v 0.02064062 -0.01188802 -0.04757351
v 0.02039488 -0.01238766 0.02822290
v 0.01991931 -0.01267213 0.02908039
v 0.01980740 -0.01230711 0.03141355
v 0.01973136 -0.00983442 -0.04021610
v 0.01981762 -0.00994114 -0.03900995
v 0.01976903 -0.00957165 -0.03768201
v 0.01982766 -0.00997501 -0.03544817
v 0.01981972 -0.00999204 -0.03107117
v 0.01970464 -0.00979838 -0.02887243
v 0.01980264 -0.00995620 -0.01313667
v 0.01989360 -0.00995517 -0.00917893
v 0.01978531 -0.00991724 -0.00352872
v 0.01979532 -0.00992527 0.00121507
v 0.01989846 -0.00997475 0.00197084
v 0.01977494 -0.00965701 0.00491481
v 0.01973173 -0.00981559 0.01396086
v 0.01981230 -0.00990733 0.01635249
v 0.01960989 -0.00810634 -0.04109744
v 0.01999281 -0.00841371 -0.04051716
v 0.01974954 -0.00914092 0.01779155
v 0.02014295 -0.00756888 0.01841681
v 0.02030900 -0.00679052 0.03307241
v 0.01978370 -0.00677536 0.03384896
v 0.01992262 -0.00532473 0.02060901
v 0.02041805 -0.00559000 0.03539569
v 0.01947214 -0.00338576 0.02312267
v 0.01925667 -0.00329996 0.04372983
v 0.02008930 -0.00081853 0.04021816
v 0.01978846 -0.00070380 0.02332890
v 0.01974505 -0.00121050 0.04097097
v 0.01966444 -0.00079219 0.04384088
v 0.01939830 -0.00001897 0.04523307
v 0.01986356 0.00040036 0.04103111
v 0.01953355 0.00120424 0.04436096
v 0.02052709 0.00147795 0.02141176
v 0.02001893 0.00093862 0.04038530
v 0.01943088 0.00305249 0.04283019
v 0.02041164 0.00518528 0.03864109
v 0.01968863 0.00528997 0.02151868
v 0.02076784 0.00350854 -0.04161715
v 0.02057794 0.00553919 -0.04714977
v 0.02018828 0.00723860 0.01918124
v 0.01984512 0.00755467 0.03872681
v 0.01976707 0.00804370 0.03318869
v 0.01983245 0.00911986 -0.04106498
v 0.02054016 0.00918267 0.03246563
v 0.01995866 0.00814340 0.03706784
v 0.01981872 0.00995414 -0.03981753
v 0.01968099 0.00976734 -0.03761879
v 0.01979751 0.00992845 -0.03501487
v 0.01979037 0.00988576 -0.03043236
v 0.01974235 0.00968787 -0.02892094
v 0.01975816 0.00969436 -0.01995764
v 0.01981228 0.00995424 -0.02396857
v 0.01983055 0.00992836 -0.01729458
v 0.01979703 0.00986411 -0.01471995
v 0.01978682 0.00988403 -0.01029161
v 0.01978826 0.00991030 -0.00615711
v 0.01980128 0.00993775 0.00241491
v 0.01984192 0.00999901 0.00628671
v 0.01977538 0.01023861 0.01068950
v 0.02040529 0.01189075 0.02833243
v 0.01968115 0.01285152 0.02972518
v 0.02059670 0.01561954 0.02518700
v 0.02216374 0.01782874 -0.04341950
v 0.02212471 0.01782056 -0.03744355
v 0.02235519 0.01741278 -0.03428507
v 0.02132556 0.01860053 -0.02510244
v 0.02014370 0.01981431 -0.01691950
v 0.02137750 0.01827026 0.01015622
v 0.02053874 0.01942332 0.01872526
v 0.02211092 -0.01773990 -0.03582859
v 0.02134631 -0.01863084 -0.02884377
v 0.02127776 -0.01857244 -0.02587492
v 0.02131718 -0.01860371 -0.01788889
v 0.02130778 -0.01859194 0.00003513
v 0.02120444 -0.01846985 0.00330996
v 0.02165820 -0.01795915 0.01945238
v 0.02125656 -0.01855070 -0.00565730
v 0.02228214 -0.01723452 0.00921153
v 0.02153677 -0.01607994 -0.04662377
v 0.02134085 -0.00908150 -0.04731104
v 0.02142555 -0.00917378 0.03151635
v 0.02009835 -0.00875422 -0.03217770
v 0.02014722 -0.00841667 -0.02871544
v 0.02006947 -0.00877045 -0.02317974
v 0.02030530 -0.00791238 -0.01990080
v 0.02012178 -0.00862085 -0.01651215
v 0.02012031 -0.00872889 -0.01366616
v 0.02010753 -0.00836426 -0.01152340
v 0.02009303 -0.00874643 -0.00667621
v 0.02038760 -0.00797459 -0.00122902
v 0.02011991 -0.00860897 0.00733015
v 0.02015275 -0.00874851 0.01100731
v 0.02076118 -0.00900333 0.03238554
v 0.02066757 -0.00761841 -0.04023814
v 0.02040846 -0.00795977 -0.03592804
v 0.02052323 -0.00749910 0.00461616
v 0.02029464 -0.00832673 0.01624596
v 0.02074437 -0.00712600 -0.03742158
v 0.02082123 -0.00713457 -0.03169411
v 0.02065394 -0.00737988 -0.02845824
v 0.02080308 -0.00714858 -0.02164493
v 0.02058022 -0.00756078 -0.01711061
v 0.02102935 -0.00696350 -0.01385717
v 0.02044589 -0.00754872 -0.01156524
v 0.02057423 -0.00757906 -0.00834944
v 0.02085210 -0.00715377 -0.00510926
v 0.02050652 -0.00747527 -0.00236080
v 0.02057735 -0.00755332 0.00639179
v 0.02065330 -0.00767908 0.01121443
v 0.02058337 -0.00756361 0.01355522
v 0.02137347 -0.00597204 0.01714702
v 0.02036120 -0.00672568 0.03787967
v 0.02070212 -0.00687146 -0.04104185
v 0.02060964 -0.00346344 -0.04132922
v 0.02042388 -0.00552638 0.03377171
v 0.02038581 -0.00486372 0.03874825
v 0.02062414 -0.00399240 0.03384081
v 0.02070390 -0.00305633 0.03464415
v 0.02037531 -0.00124668 0.02144226
v 0.02221410 -0.00222582 -0.04727990
v 0.02136995 -0.00019634 -0.04152499
v 0.02070065 0.00148102 0.03919509
v 0.02036184 0.00370933 0.02079088
v 0.02068369 0.00313036 0.03464185
v 0.02067319 0.00391014 0.03384076
v 0.02058682 0.00610963 -0.04140649
v 0.02051230 0.00580486 0.03339359
v 0.02038891 0.00615356 0.03533311
v 0.02044710 0.00655518 0.03784885
v 0.02055797 0.00633357 0.03711580
v 0.02097632 0.00697745 0.03256798
v 0.02063932 0.00710941 -0.04092214
v 0.02025074 0.00825873 -0.04014373
v 0.02081039 0.00715798 -0.03713814
v 0.02057606 0.00754422 -0.00237227
v 0.02137792 0.00642004 -0.03956236
v 0.02012719 0.00875849 -0.03348122
v 0.02060050 0.00757284 -0.03303659
v 0.02130131 0.00671533 -0.03055310
v 0.02022121 0.00836469 -0.02847151
v 0.02085885 0.00715061 -0.02835671
v 0.02059197 0.00760113 -0.02090842
v 0.02020491 0.00836593 -0.02012135
v 0.02138332 0.00645357 -0.01723439
v 0.02024655 0.00835457 -0.01592821
v 0.02093314 0.00715686 -0.01545243
v 0.02066862 0.00766240 -0.01357682
v 0.02006658 0.00874449 -0.01097815
v 0.02085531 0.00714100 -0.01042385
v 0.02047378 0.00799285 -0.00728747
v 0.02009184 0.00873315 -0.00282641
v 0.02009295 0.00874201 0.00206040
v 0.02059482 0.00756724 0.00241443
v 0.02043112 0.00825400 0.00706594
v 0.02054220 0.00826765 0.01076648
v 0.02091761 0.00723970 0.01460585
v 0.02014706 0.00875225 0.01700271
v 0.02139877 0.00905596 0.03146800
v 0.02070793 0.01087645 0.03065238
v 0.02085709 0.01205481 0.02752405
v 0.02169187 0.01752810 -0.04540313
v 0.02211590 0.01779825 -0.04062883
v 0.02169280 0.01814576 -0.03158086
v 0.02131761 0.01860132 -0.01632868
v 0.02095844 0.01893288 -0.00852203
v 0.02091721 0.01879045 -0.00555723
v 0.02113342 0.01857604 0.00364833
v 0.02295955 -0.01623627 0.02035759
v 0.02182134 -0.01677010 0.02208054
v 0.02255852 -0.01590189 -0.04581750
v 0.02260067 -0.01268263 -0.04743838
v 0.02251377 -0.01153236 0.02579691
v 0.02200139 -0.01096677 -0.04770523
v 0.02209627 -0.00889409 0.02828042
v 0.02188354 -0.00883600 0.02899541
v 0.02164146 -0.00912034 0.03065510
v 0.02184251 -0.00594452 0.03235637
v 0.02142737 -0.00601392 -0.04029612
v 0.02137129 -0.00629981 -0.03529385
v 0.02139314 -0.00613041 -0.01865761
v 0.02127758 -0.00668708 -0.00847122
v 0.02129853 -0.00659139 -0.00059024
v 0.02138919 -0.00642640 0.00253808
v 0.02138970 -0.00674074 0.01156870
v 0.02125337 -0.00676203 0.01620986
v 0.02134810 -0.00596359 -0.03748270
v 0.02137155 -0.00593005 -0.02867591
v 0.02141040 -0.00611590 -0.02662310
v 0.02136849 -0.00590413 -0.01989535
v 0.02141290 -0.00603467 -0.01115930
v 0.02141431 -0.00601564 -0.00360163
v 0.02139041 -0.00616053 0.00471467
v 0.02141885 -0.00617763 0.01361050
v 0.02123700 -0.00461559 -0.04090053
v 0.02130724 -0.00519664 0.01794793
v 0.02133467 -0.00437699 0.03301342
v 0.02182905 -0.00304622 -0.04107774
v 0.02139331 -0.00235255 0.03687628
v 0.02142625 -0.00214229 0.03788677
v 0.02154581 -0.00194503 0.01875137
v 0.02091291 -0.00128348 0.03388698
v 0.02138679 -0.00081837 0.03623549
v 0.02127468 0.00036191 0.03302706
v 0.02094128 -0.00041704 0.03465719
v 0.02126455 -0.00052095 0.03854094
v 0.02151043 0.00094398 0.01919544
v 0.02142489 0.00119511 0.03792901
v 0.02135247 0.00194466 0.03658557
v 0.02131398 0.00328610 0.01922415
v 0.02122885 0.00410768 0.03308949
v 0.02109831 0.00354287 0.03747090
v 0.02149896 0.00417254 -0.04109840
v 0.02140603 0.00440644 0.01886596
v 0.02221144 0.00519384 0.03236359
v 0.02146311 0.00523442 0.01464643
v 0.02138419 0.00591035 0.01794869
v 0.02140797 0.00603192 -0.03700537
v 0.02138949 0.00649828 -0.03514133
v 0.02143507 0.00558145 -0.02885322
v 0.02138517 0.00648488 -0.02638535
v 0.02138550 0.00643753 -0.02202077
v 0.02126012 0.00635709 -0.01958149
v 0.02139313 0.00674031 -0.01312337
v 0.02137902 0.00623185 -0.01121718
v 0.02135296 0.00663941 -0.00734651
v 0.02139507 0.00672829 -0.00436146
v 0.02137678 0.00620696 -0.00245324
v 0.02140572 0.00671855 -0.00038280
v 0.02128045 0.00654116 0.00235719
v 0.02127340 0.00644905 0.00626096
v 0.02134237 0.00660539 0.00907541
v 0.02137544 0.00666978 0.01175780
v 0.02177654 0.00728513 0.03173980
v 0.02154933 0.00977097 0.02872800
v 0.02237466 0.00908649 -0.04783759
v 0.02286563 0.01351942 0.02384090
v 0.02180546 0.01618279 0.02278824
v 0.02185813 0.01708497 0.02132742
v 0.02217353 0.01757979 -0.02285932
v 0.02185980 0.01780203 -0.01045885
v 0.02216541 0.01742526 -0.00371337
v 0.02215938 0.01708193 0.01794195
v 0.02201731 0.01732814 0.02011915
v 0.02304829 -0.01636497 -0.04421093
v 0.02215217 -0.01780946 -0.03064325
v 0.02219523 -0.01764215 -0.02412907
v 0.02261102 -0.01691197 -0.01964806
v 0.02218475 -0.01754874 -0.01612073
v 0.02226969 -0.01732054 -0.00756859
v 0.02291110 -0.01622890 0.01419036
v 0.02292798 -0.01626844 -0.02835660
v 0.02253982 -0.01666531 0.00241713
v 0.02309347 -0.01597790 0.00615906
v 0.02322004 -0.01576304 0.01194453
v 0.02225701 -0.01478345 0.02356117
v 0.02218025 -0.00695309 -0.04742824
v 0.02235977 -0.00714711 0.02909444
v 0.02185217 -0.00764450 0.03143030
v 0.02166738 -0.00516783 0.01199646
v 0.02157118 -0.00483874 -0.03973238
v 0.02166245 -0.00464967 -0.03615630
v 0.02148478 -0.00519278 -0.01968640
v 0.02169917 -0.00477505 -0.01397000
v 0.02161603 -0.00438916 -0.01149998
v 0.02162003 -0.00478531 -0.00913807
v 0.02160473 -0.00478432 -0.00416033
v 0.02169728 -0.00474241 0.00033951
v 0.02175512 -0.00457164 0.01351236
v 0.02158398 -0.00318511 0.01776856
v 0.02198194 -0.00393566 -0.03907923
v 0.02201089 -0.00399554 -0.03169389
v 0.02186773 -0.00394599 -0.02884514
v 0.02198736 -0.00398593 -0.02676495
v 0.02194865 -0.00396934 -0.02194189
v 0.02172528 -0.00440209 -0.01877411
v 0.02180924 -0.00439691 0.00382968
v 0.02186420 -0.00439647 0.00940425
v 0.02235498 -0.00380397 0.03243710
v 0.02296055 -0.00199998 -0.04022071
v 0.02232753 -0.00323303 -0.03720769
v 0.02296095 -0.00231864 -0.03489646
v 0.02258513 -0.00279306 -0.02961675
v 0.02243596 -0.00318741 -0.01680283
v 0.02297057 -0.00212368 -0.01349802
v 0.02226860 -0.00316427 -0.01177099
v 0.02210181 -0.00353741 -0.00912191
v 0.02258448 -0.00275134 -0.00393943
v 0.02224171 -0.00333750 -0.00145434
v 0.02268893 -0.00270682 0.00479856
v 0.02295385 -0.00206796 0.01349226
v 0.02201842 -0.00238505 0.01714326
v 0.02281179 -0.00013016 0.03233215
v 0.02295724 -0.00080180 -0.04737381
v 0.02216561 0.00115665 -0.04145242
v 0.02297727 -0.00042669 0.01639290
v 0.02300094 0.00044374 0.01644034
v 0.02221468 0.00476908 -0.04734468
v 0.02175377 0.00297614 0.01756890
v 0.02220002 0.00279913 -0.04111885
v 0.02206341 0.00275992 0.01558737
v 0.02167948 0.00433415 0.01463659
v 0.02297450 0.00199726 -0.04024684
v 0.02185275 0.00413748 -0.03980187
v 0.02199509 0.00356451 -0.03773609
v 0.02295612 0.00240758 -0.03557679
v 0.02199426 0.00357845 -0.02896507
v 0.02281668 0.00254032 -0.02564377
v 0.02194724 0.00395973 -0.02239531
v 0.02173209 0.00438130 -0.01812853
v 0.02277366 0.00267640 -0.01775262
v 0.02195698 0.00393255 -0.01446245
v 0.02299876 0.00212702 -0.01376939
v 0.02232000 0.00313579 -0.01138042
v 0.02198537 0.00397077 -0.00811076
v 0.02197053 0.00396449 -0.00427865
v 0.02234736 0.00311733 -0.00246472
v 0.02216000 0.00356955 -0.00038188
v 0.02159885 0.00478995 -0.03823025
v 0.02167708 0.00476376 -0.03570388
v 0.02199936 0.00399636 -0.03275354
v 0.02166405 0.00475804 -0.03051424
v 0.02163473 0.00476720 -0.02687637
v 0.02166359 0.00476707 -0.02375317
v 0.02164976 0.00436354 -0.01076607
v 0.02167194 0.00437195 -0.00200202
v 0.02247325 0.00319728 0.00423912
v 0.02195491 0.00398327 0.00666387
v 0.02188571 0.00437055 0.01094588
v 0.02149828 0.00515149 -0.01950002
v 0.02153780 0.00515359 -0.01035739
v 0.02153667 0.00515761 -0.00190903
v 0.02151534 0.00515206 0.00634979
v 0.02162915 0.00514883 0.01115190
v 0.02211667 0.00810222 0.02868857
v 0.02200001 0.00789044 0.03068753
v 0.02275633 0.00826798 0.02749012
v 0.02323154 0.00991012 -0.04780764
v 0.02372325 0.01152535 -0.04739054
v 0.02281596 0.01469552 -0.04665617
v 0.02215929 0.01707176 0.00360105
v 0.02216717 0.01709584 0.01137843
v 0.02249344 0.01693023 -0.01269829
v 0.02300635 0.01635804 -0.00754976
v 0.02274673 0.01641641 -0.00540395
v 0.02229635 0.01722753 -0.00170718
v 0.02386883 0.01496854 0.00612355
v 0.02437345 0.01441435 0.00842623
v 0.02297046 -0.01671883 -0.04246229
v 0.02392180 -0.01522779 -0.03693738
v 0.02283346 -0.01648867 -0.01221803
v 0.02295609 -0.01631137 -0.00277511
v 0.02336372 -0.01589167 -0.04041466
v 0.02361777 -0.01548049 -0.03468740
v 0.02374987 -0.01532254 -0.03159687
v 0.02386284 -0.01503871 -0.00995078
v 0.02338239 -0.01347364 -0.04661388
v 0.02291073 -0.01032195 -0.04763434
v 0.02277725 -0.00734870 0.02800723
v 0.02294801 -0.00660566 -0.04768852
v 0.02300874 -0.00528274 0.03069470
v 0.02329971 -0.00479611 0.02867097
v 0.02300445 -0.00436949 0.03156612
v 0.02295934 -0.00237290 -0.03130434
v 0.02298391 -0.00204656 -0.02749230
v 0.02295272 -0.00229634 -0.02455750
v 0.02298706 -0.00207123 -0.01833325
v 0.02299140 -0.00205766 -0.00915920
v 0.02284338 -0.00267678 0.01108157
v 0.02297314 -0.00208541 -0.03902553
v 0.02294426 -0.00160220 -0.03702105
v 0.02292565 -0.00177641 -0.02090876
v 0.02290103 -0.00128216 -0.01154055
v 0.02292674 -0.00191263 -0.00420400
v 0.02296079 -0.00196597 0.00351128
v 0.02298095 -0.00215307 0.00971327
v 0.02301348 -0.00003568 -0.04101842
v 0.02301607 -0.00111898 -0.02882782
v 0.02300630 -0.00050836 -0.00357556
v 0.02286191 0.00205257 0.03213500
v 0.02293287 0.00108897 0.01478079
v 0.02295934 0.00195496 -0.03743049
v 0.02292078 0.00195715 -0.02923327
v 0.02295791 0.00187223 -0.01993510
v 0.02290886 0.00205450 -0.01185936
v 0.02299397 0.00207120 -0.00923288
v 0.02289136 0.00243040 0.01285354
v 0.02374364 0.00595372 -0.04789013
v 0.02302302 0.00209134 -0.03859795
v 0.02297295 0.00214873 -0.03069528
v 0.02262135 0.00273656 -0.02229916
v 0.02272729 0.00274070 -0.00836561
v 0.02275042 0.00275483 -0.00440996
v 0.02299061 0.00202490 -0.00274289
v 0.02283711 0.00266763 0.00055568
v 0.02301038 0.00203488 0.00391927
v 0.02291723 0.00259664 0.00992458
v 0.02298737 0.00437121 0.03149283
v 0.02259835 0.00656464 0.02932449
v 0.02305729 0.00516552 0.02911195
v 0.02348051 0.00529153 0.02782198
v 0.02335769 0.01496769 -0.04580582
v 0.02376704 0.01442352 0.02159565
v 0.02307097 0.01622108 -0.04455735
v 0.02330606 0.01583485 -0.01686541
v 0.02293121 0.01624439 -0.01034879
v 0.02364900 0.01526442 0.00296323
v 0.02298228 0.01678697 -0.04273928
v 0.02329589 0.01610601 -0.03927751
v 0.02286184 0.01691852 -0.03680889
v 0.02297613 0.01668090 -0.03159307
v 0.02292515 0.01656028 -0.02773331
v 0.02296297 0.01665041 -0.02203188
v 0.02434649 -0.01399450 -0.04465250
v 0.02441418 -0.01455129 -0.03924589
v 0.02424347 -0.01451355 -0.02696290
v 0.02431665 -0.01442275 -0.02333665
v 0.02402875 -0.01469577 -0.01754986
v 0.02380021 -0.01509025 -0.00290507
v 0.02382806 -0.01500599 0.00889110
v 0.02370816 -0.01529184 0.01923149
v 0.02480217 -0.01310070 0.01233666
v 0.02454602 -0.01383807 0.02038574
v 0.02454867 -0.01243883 -0.04597796
v 0.02426867 -0.01261314 0.02241429
v 0.02412842 -0.00860329 -0.04751128
v 0.02413958 -0.00583383 -0.04777878
v 0.02361238 -0.00548823 0.02750224
v 0.02414776 -0.00270008 -0.04787971
v 0.02373996 -0.00178040 0.02824056
v 0.02368826 -0.00082574 -0.04772354
v 0.02321647 0.00039312 -0.03503916
v 0.02320679 -0.00001123 -0.03105085
v 0.02317720 -0.00040733 -0.02586821
v 0.02314975 -0.00000558 -0.01751187
v 0.02311269 0.00019711 -0.01373821
v 0.02308416 -0.00043402 -0.00876337
v 0.02307071 -0.00080773 0.00090990
v 0.02302868 -0.00030965 0.00477799
v 0.02312116 0.00029080 0.00838499
v 0.02308651 0.00042810 0.01319621
v 0.02354306 -0.00047046 0.03107610
v 0.02305412 0.00039462 -0.02078097
v 0.02371637 0.00116818 0.02826987
v 0.02362927 0.00121285 0.03069898
v 0.02313888 0.00158165 -0.03499875
v 0.02309357 0.00158313 -0.02614026
v 0.02417956 0.00760114 0.02589557
v 0.02420937 0.01110781 0.02378713
v 0.02457737 0.01392942 -0.04422767
v 0.02458964 0.01413792 -0.04309970
v 0.02441451 0.01434535 -0.02738150
v 0.02463929 0.01370543 -0.01766130
v 0.02394275 0.01494312 -0.01177182
v 0.02421276 0.01432794 -0.00397820
v 0.02378486 0.01510555 0.01393589
v 0.02376481 0.01519600 0.01936586
v 0.02459973 0.01399280 0.01991746
v 0.02472922 -0.01348298 0.01565130
v 0.02540844 -0.01319940 -0.04256909
v 0.02485727 -0.01358209 -0.03361916
v 0.02512370 -0.01267240 -0.02630519
v 0.02491364 -0.01317708 -0.02191130
v 0.02495377 -0.01309202 -0.01351617
v 0.02528819 -0.01223103 -0.01012078
v 0.02483628 -0.01329314 -0.00733694
v 0.02499963 -0.01276193 -0.00321546
v 0.02471734 -0.01348538 0.00027478
v 0.02489924 -0.01299325 0.00738761
v 0.02449695 -0.01153332 -0.04660302
v 0.02536147 -0.00948626 0.02312937
v 0.02493760 -0.00180147 0.02634874
v 0.02453418 0.00198032 -0.04789889
v 0.02497901 0.00218327 0.02622631
v 0.02489914 0.00375568 -0.04782095
v 0.02503580 0.00635213 0.02525959
v 0.02522263 0.00756333 -0.04743347
v 0.02454316 0.01188813 -0.04657013
v 0.02452834 0.01333796 0.02138734
v 0.02454428 0.01307155 -0.04574201
v 0.02458751 0.01396549 -0.00752245
v 0.02496400 0.01285789 0.00381671
v 0.02469532 0.01390114 0.00839280
v 0.02461629 0.01382826 0.01332369
v 0.02419865 0.01465648 -0.04079413
v 0.02543749 0.01227250 -0.03875531
v 0.02456883 0.01434628 -0.03082203
v 0.02441250 0.01432855 -0.02374453
v 0.02530056 0.01213760 -0.01931087
v 0.02456198 0.01394062 -0.01370229
v 0.02449026 0.01420433 0.00133979
v 0.02550107 -0.01268092 -0.03622783
v 0.02535800 -0.01230638 -0.04460740
v 0.02566731 -0.01233397 -0.03905765
v 0.02537336 -0.01240828 -0.03103915
v 0.02539081 -0.01237560 -0.02391303
v 0.02549297 -0.01190830 0.02033534
v 0.02634978 -0.00993634 0.00555653
v 0.02617964 -0.00998687 0.02118453
v 0.02584155 -0.00971691 -0.04581875
v 0.02582396 -0.00776559 -0.04659684
v 0.02573436 -0.00418731 -0.04741780
v 0.02619713 -0.00291610 0.02447740
v 0.02572059 -0.00142699 -0.04778171
v 0.02620955 0.00262444 0.02455440
v 0.02580921 0.00375755 -0.04748673
v 0.02610332 0.00747233 0.02311591
v 0.02568417 0.00913379 -0.04655103
v 0.02613953 0.01011306 0.02122404
v 0.02583082 0.01090284 -0.04496874
v 0.02531828 0.01229556 -0.02945493
v 0.02530784 0.01239632 -0.02480072
v 0.02550928 0.01185730 -0.01472704
v 0.02520724 0.01246294 -0.01020251
v 0.02529049 0.01223961 -0.00487596
v 0.02506870 0.01288426 0.00113727
v 0.02533496 0.01236433 0.00837613
v 0.02529354 0.01225778 0.00996418
v 0.02530316 0.01227086 0.01655098
v 0.02572350 0.01151852 0.02033887
v 0.02581306 0.01169334 -0.04257301
v 0.02508228 0.01315359 -0.03505116
v 0.02539688 0.01234484 -0.03163160
v 0.02590839 0.01137430 0.01917381
v 0.02614388 -0.01165930 -0.04257773
v 0.02619321 -0.01046775 -0.04462713
v 0.02603168 -0.01115006 -0.03755294
v 0.02603257 -0.01066856 -0.03366628
v 0.02610789 -0.01026457 -0.02093515
v 0.02624065 -0.00993126 -0.01793521
v 0.02646798 -0.00992811 -0.01072138
v 0.02631201 -0.00993857 -0.00282216
v 0.02610569 -0.01068885 0.00121407
v 0.02624047 -0.01016805 0.01281481
v 0.02613875 -0.01076200 0.01993694
v 0.02608311 -0.01069874 -0.03941213
v 0.02613458 -0.01048959 -0.03131095
v 0.02615901 -0.01020062 -0.02536742
v 0.02607529 -0.01060710 -0.02347664
v 0.02647357 -0.00991745 -0.00554777
v 0.02645360 -0.00992482 0.01037606
v 0.02662556 -0.00950748 0.01936182
v 0.02673649 -0.00895839 -0.00800692
v 0.02641914 -0.00712610 0.02260795
v 0.02709412 -0.00292112 -0.04659724
v 0.02614321 -0.00139612 0.02477796
v 0.02642707 0.00490947 0.02360839
v 0.02660948 0.00493183 -0.04672168
v 0.02621411 0.00920719 -0.04584984
v 0.02616712 0.01037884 -0.03987244
v 0.02699208 0.00869542 -0.03857771
v 0.02613410 0.01088794 -0.03470203
v 0.02611529 0.01046280 -0.02996075
v 0.02642475 0.00997975 -0.02646941
v 0.02668121 0.00913394 -0.02369162
v 0.02689257 0.00906055 -0.02029755
v 0.02648359 0.00972488 -0.01707615
v 0.02621543 0.01058730 -0.01221428
v 0.02617916 0.01050545 -0.00912633
v 0.02654248 0.00971589 -0.00529450
v 0.02616450 0.01080506 -0.00635329
v 0.02610674 0.01069733 0.00161412
v 0.02633989 0.00987642 0.00472050
v 0.02617719 0.01080670 0.00797653
v 0.02633714 0.01021692 0.01670761
v 0.02708110 -0.00835088 -0.04427598
v 0.02712601 -0.00866852 -0.04295533
v 0.02653851 -0.00973960 -0.03620903
v 0.02714893 -0.00873738 -0.03163493
v 0.02720089 -0.00834585 -0.02870441
v 0.02668247 -0.00933390 -0.01441516
v 0.02683037 -0.00788112 -0.04526410
v 0.02722025 -0.00835090 -0.03904100
v 0.02715655 -0.00835456 -0.02551141
v 0.02719967 -0.00834362 -0.01716284
v 0.02706695 -0.00798292 -0.00032393
v 0.02687805 -0.00828259 0.00365054
v 0.02704452 -0.00797025 0.00709283
v 0.02696623 -0.00855117 0.01036664
v 0.02686377 -0.00826510 0.01238610
v 0.02683848 -0.00852173 0.01993870
v 0.02688023 -0.00821839 -0.01233216
v 0.02687338 -0.00820974 0.01735025
v 0.02674849 -0.00720656 0.02189943
v 0.02708706 -0.00594570 -0.04574714
v 0.02749210 -0.00379522 0.02190249
v 0.02721004 -0.00249920 0.02279881
v 0.02674685 -0.00083121 -0.04730665
v 0.02738189 0.00255734 0.02244549
v 0.02738111 0.00178057 -0.04657248
v 0.02718937 0.00586835 0.02184103
v 0.02740312 0.00467064 -0.04576169
v 0.02772134 0.00652540 -0.04427024
v 0.02736618 0.00717844 -0.01771692
v 0.02685660 0.00825085 -0.01311999
v 0.02686640 0.00821668 -0.00956724
v 0.02691293 0.00839333 -0.00672338
v 0.02687714 0.00827957 -0.00157551
v 0.02707137 0.00791572 0.00743884
v 0.02685208 0.00827705 0.01599549
v 0.02690050 0.00822490 0.02032590
v 0.02683130 0.00916397 -0.04379889
v 0.02707313 0.00870830 -0.04260736
v 0.02671555 0.00940265 -0.03365798
v 0.02728836 0.00831262 -0.03124677
v 0.02734640 0.00773549 -0.02725575
v 0.02711621 0.00817407 -0.01530839
v 0.02658120 0.00951764 0.00084837
v 0.02662889 0.00952538 0.00797859
v 0.02664024 0.00943645 0.01971807
v 0.02740734 -0.00795943 -0.02268589
v 0.02761834 -0.00721654 -0.04302302
v 0.02759223 -0.00714295 -0.03764215
v 0.02760624 -0.00715157 -0.03376435
v 0.02753536 -0.00712698 -0.02799031
v 0.02754730 -0.00715904 -0.01780281
v 0.02741255 -0.00714347 -0.01312934
v 0.02750993 -0.00676450 -0.00753115
v 0.02746669 -0.00656463 -0.00337343
v 0.02744080 -0.00675644 0.01314779
v 0.02777044 -0.00485746 -0.04466936
v 0.02776993 -0.00597032 -0.02324828
v 0.02773464 -0.00578689 -0.01502205
v 0.02756215 -0.00636405 0.00183335
v 0.02751975 -0.00637149 0.00838579
v 0.02754613 -0.00613989 0.01793941
v 0.02771928 -0.00611260 0.01957376
v 0.02787993 -0.00520526 -0.04344302
v 0.02768307 -0.00519160 -0.03864751
v 0.02787817 -0.00507814 -0.03745102
v 0.02768733 -0.00571854 -0.03255453
v 0.02772105 -0.00547775 -0.02845870
v 0.02768097 -0.00441883 -0.01112635
v 0.02765989 -0.00558759 0.00998376
v 0.02758151 -0.00587329 0.02075987
v 0.02765866 -0.00511437 -0.02110467
v 0.02768088 -0.00493974 -0.01684529
v 0.02767659 -0.00508092 -0.00516098
v 0.02767399 -0.00434328 -0.00237450
v 0.02772328 -0.00462015 0.00224258
v 0.02769584 -0.00400196 0.01345097
v 0.02766339 -0.00362485 0.00758075
v 0.02776650 -0.00431942 0.00950064
v 0.02768342 -0.00436787 0.01871125
v 0.02771823 -0.00134933 -0.04609861
v 0.02768773 -0.00359599 0.01632448
v 0.02791282 -0.00046879 0.02129256
v 0.02791649 0.00204636 -0.04545184
v 0.02746724 0.00600469 0.02107762
v 0.02768541 0.00394045 0.01495653
v 0.02757682 0.00596120 0.01711435
v 0.02781090 0.00409576 0.01998238
v 0.02773499 0.00471431 -0.02743987
v 0.02766138 0.00507637 -0.01751037
v 0.02795298 0.00440542 -0.01548301
v 0.02761466 0.00591073 0.01225969
v 0.02768352 0.00571667 0.01996226
v 0.02772092 0.00693038 -0.04346568
v 0.02752781 0.00713066 -0.04023795
v 0.02771113 0.00525156 -0.04062467
v 0.02773171 0.00591661 -0.03646762
v 0.02768468 0.00518809 -0.03422063
v 0.02764235 0.00633179 -0.02848856
v 0.02757369 0.00712253 -0.02117726
v 0.02751011 0.00671633 -0.01175761
v 0.02769593 0.00594505 -0.00396560
v 0.02774011 0.00605754 0.00576998
v 0.02770373 0.00588788 0.01037379
v 0.02753391 0.00754716 -0.03565343
v 0.02763553 0.00711908 -0.03116078
v 0.02774189 0.00624545 -0.00642050
v 0.02738542 0.00712317 -0.00321306
v 0.02773448 0.00606302 -0.00199022
v 0.02753097 0.00683174 0.00184990
v 0.02786438 0.00554753 0.00124902
v 0.02744907 0.00673923 0.01665365
v 0.02822178 -0.00338240 -0.03563274
v 0.02816138 -0.00397571 -0.02986380
v 0.02796939 -0.00313176 0.01972780
v 0.02808158 -0.00358131 -0.02568294
v 0.02831973 -0.00278721 -0.02189046
v 0.02814088 -0.00317928 -0.01951127
v 0.02823574 -0.00318679 -0.01422266
v 0.02815598 -0.00318166 -0.01213122
v 0.02822623 -0.00210400 -0.04396882
v 0.02828243 -0.00318677 -0.04200277
v 0.02824169 -0.00278685 -0.00476041
v 0.02809817 -0.00278789 0.00000573
v 0.02831073 -0.00199317 0.00280597
v 0.02817494 -0.00199401 0.01236555
v 0.02837152 -0.00199486 -0.03623113
v 0.02829044 -0.00239179 -0.03443843
v 0.02831741 -0.00259124 -0.02856193
v 0.02817116 -0.00168527 0.00732622
v 0.02821716 -0.00179523 0.01569801
v 0.02838287 -0.00119877 -0.04180775
v 0.02838661 -0.00100130 -0.03065421
v 0.02830392 -0.00199539 -0.01691111
v 0.02837941 -0.00179634 -0.01352692
v 0.02837467 -0.00159728 -0.00516154
v 0.02832366 -0.00159666 0.00957365
v 0.02823491 -0.00086330 0.01992734
v 0.02822771 0.00256726 -0.04379690
v 0.02819266 0.00257382 -0.03204793
v 0.02831221 0.00158145 -0.02706939
v 0.02831708 0.00197930 -0.01910397
v 0.02827452 0.00158092 -0.01073810
v 0.02827752 0.00197959 -0.03981589
v 0.02839854 0.00197893 -0.02189122
v 0.02837891 0.00158058 -0.01372640
v 0.02833911 0.00197649 -0.00715362
v 0.02822775 0.00138220 -0.00197491
v 0.02831406 0.00038951 0.00121154
v 0.02829859 0.00138257 0.00808267
v 0.02828980 -0.00000786 0.01256342
v 0.02834881 0.00040405 0.01913187
v 0.02821884 0.00083314 0.02032893
v 0.02838891 0.00257541 -0.03662860
v 0.02833300 0.00237360 -0.02905518
v 0.02820564 0.00158044 0.01794117
v 0.02813647 0.00277324 0.00180831
v 0.02794779 0.00358691 0.01057077
v 0.02832907 0.00277200 -0.02189104
v 0.02796741 0.00357101 -0.01153541
v 0.02788067 0.00357245 -0.00117817
v 0.02790402 0.00376826 0.00688908
v 0.02811434 0.00396514 -0.04154655
v 0.02829976 0.00356233 -0.03662296
v 0.02777825 0.00539753 -0.03241235
v 0.02784155 0.00471237 -0.02923993
v 0.02786479 0.00496622 -0.02219799
f 6 5 4
f 4 5 3
f 3 9 4
f 19 7 18
f 6 4 23
f 28 11 27
f 29 11 28
f 11 29 12
f 12 30 13
f 16 33 17
f 18 17 34
f 18 34 19
f 20 21 8
f 1 8 35
f 1 35 2
f 23 24 10
f 26 36 27
f 12 29 30
f 13 30 31
f 31 32 13
f 14 37 15
f 15 37 16
f 17 33 34
f 7 19 20
f 20 19 21
f 8 21 35
f 35 38 2
f 2 38 22
f 24 23 39
f 10 24 25
f 26 25 36
f 28 40 29
f 30 41 31
f 32 37 14
f 32 31 37
f 16 37 33
f 34 42 19
f 19 42 21
f 21 42 43
f 21 43 35
f 4 44 23
f 25 24 36
f 27 36 28
f 41 45 31
f 37 46 33
f 33 47 34
f 9 48 4
f 4 48 44
f 24 39 49
f 29 50 30
f 30 50 41
f 31 51 37
f 38 55 22
f 9 56 48
f 44 57 23
f 23 57 39
f 24 49 36
f 36 40 28
f 29 40 50
f 45 51 31
f 37 51 46
f 46 47 33
f 47 58 34
f 42 53 43
f 43 53 35
f 35 53 54
f 35 54 38
f 48 57 44
f 57 49 39
f 49 59 36
f 36 59 40
f 34 58 42
f 42 52 53
f 38 54 55
f 57 60 49
f 59 61 40
f 40 61 62
f 40 62 50
f 50 62 63
f 50 63 41
f 41 64 45
f 45 64 51
f 51 65 46
f 46 58 47
f 46 66 58
f 42 58 52
f 48 67 57
f 57 67 60
f 60 68 49
f 49 68 59
f 59 69 61
f 63 70 41
f 41 70 64
f 51 64 65
f 65 71 46
f 46 71 66
f 52 58 72
f 52 72 53
f 56 67 48
f 56 73 67
f 67 74 60
f 60 74 68
f 68 75 59
f 59 75 69
f 61 69 76
f 62 77 63
f 66 78 58
f 53 72 79
f 74 67 80
f 61 81 62
f 70 63 77
f 65 64 82
f 71 83 84
f 71 84 66
f 66 84 85
f 66 85 78
f 58 86 72
f 58 78 86
f 72 86 87
f 72 87 79
f 53 79 88
f 53 88 54
f 54 90 55
f 54 89 90
f 62 92 77
f 65 82 83
f 65 83 71
f 78 93 94
f 78 94 86
f 79 95 88
f 88 89 54
f 67 96 80
f 74 91 68
f 81 92 62
f 70 82 64
f 84 83 85
f 78 85 93
f 87 95 79
f 89 98 90
f 67 73 96
f 100 93 85
f 87 86 101
f 95 102 88
f 88 102 103
f 88 103 89
f 89 103 98
f 5 119 117
f 120 104 119
f 104 120 105
f 121 106 105
f 121 122 106
f 125 123 124
f 127 111 110
f 111 127 112
f 112 128 113
f 128 114 113
f 8 129 114
f 116 2 130
f 3 117 118
f 117 3 5
f 119 5 120
f 120 131 105
f 105 131 121
f 122 121 11
f 122 11 123
f 123 11 124
f 124 132 125
f 125 132 107
f 107 132 13
f 107 13 108
f 109 133 126
f 109 108 133
f 126 133 110
f 110 133 127
f 112 127 128
f 114 128 7
f 114 7 8
f 129 1 115
f 129 8 1
f 115 1 116
f 116 1 2
f 5 6 120
f 120 6 10
f 120 10 131
f 121 131 11
f 124 11 132
f 108 14 133
f 133 14 15
f 127 133 17
f 127 18 128
f 127 17 18
f 128 18 7
f 8 7 20
f 2 134 130
f 118 9 3
f 10 26 131
f 131 27 11
f 11 12 132
f 132 12 13
f 13 32 108
f 108 32 14
f 133 15 16
f 133 16 17
f 134 2 22
f 118 135 9
f 6 23 10
f 10 25 26
f 131 26 27
f 134 22 136
f 137 136 22
f 135 56 9
f 137 22 55
f 135 138 139
f 135 139 56
f 137 55 140
f 141 56 139
f 141 73 56
f 81 61 76
f 76 142 81
f 55 90 140
f 74 80 91
f 143 75 68
f 75 143 69
f 77 92 144
f 77 144 70
f 99 83 82
f 141 146 73
f 80 96 147
f 80 147 91
f 68 91 143
f 143 97 69
f 69 97 76
f 76 97 142
f 82 70 144
f 148 83 99
f 83 100 85
f 83 148 100
f 101 86 94
f 145 90 98
f 149 96 73
f 91 147 143
f 97 143 150
f 97 150 142
f 142 151 81
f 151 92 81
f 92 151 152
f 92 152 144
f 144 152 82
f 82 152 99
f 153 93 100
f 93 153 94
f 94 153 101
f 154 87 101
f 87 154 95
f 95 154 102
f 149 73 146
f 96 149 155
f 96 155 156
f 96 156 147
f 147 156 157
f 147 157 143
f 143 157 150
f 150 158 142
f 142 158 151
f 152 159 160
f 152 160 99
f 148 99 161
f 148 161 100
f 100 161 162
f 100 162 153
f 101 153 154
f 154 103 102
f 150 157 158
f 158 163 151
f 151 163 164
f 151 164 152
f 152 164 159
f 99 160 161
f 162 161 165
f 162 165 166
f 162 166 153
f 153 167 154
f 153 166 167
f 154 167 168
f 154 168 103
f 103 169 98
f 98 169 145
f 103 168 170
f 169 103 170
f 182 183 180
f 182 184 183
f 186 171 185
f 171 186 172
f 104 173 172
f 193 179 178
f 179 194 180
f 182 116 184
f 184 116 195
f 185 118 186
f 186 119 172
f 104 106 187
f 187 122 188
f 187 106 122
f 188 122 123
f 188 123 189
f 189 123 190
f 192 174 108
f 192 108 109
f 175 192 109
f 175 109 176
f 176 109 110
f 177 176 111
f 177 112 178
f 178 112 113
f 178 113 193
f 193 114 179
f 179 114 194
f 180 116 182
f 180 194 116
f 116 130 195
f 118 185 196
f 118 117 186
f 186 117 119
f 172 119 104
f 104 105 106
f 123 125 190
f 190 125 191
f 191 107 174
f 191 125 107
f 174 107 108
f 109 126 110
f 176 110 111
f 177 111 112
f 193 113 114
f 194 114 129
f 194 129 115
f 194 115 116
f 196 135 118
f 196 197 135
f 197 138 135
f 139 138 199
f 90 198 140
f 139 199 200
f 200 141 139
f 145 198 90
f 200 146 141
f 157 156 201
f 146 200 203
f 146 203 149
f 155 201 156
f 158 205 163
f 163 205 206
f 163 206 164
f 164 206 207
f 159 164 208
f 159 208 209
f 159 209 160
f 160 210 161
f 161 210 211
f 161 211 165
f 168 167 212
f 169 202 145
f 149 213 155
f 155 213 201
f 201 213 214
f 157 201 215
f 157 215 158
f 158 215 204
f 158 204 205
f 164 207 208
f 160 209 210
f 211 216 165
f 165 216 166
f 166 216 217
f 166 218 167
f 166 217 218
f 168 212 170
f 169 170 219
f 202 169 219
f 220 149 203
f 149 220 213
f 214 221 201
f 206 205 207
f 209 222 210
f 210 222 223
f 210 223 211
f 211 223 216
f 217 224 218
f 167 218 225
f 167 225 212
f 212 225 226
f 212 226 170
f 226 225 227
f 170 226 228
f 170 228 219
f 171 172 229
f 173 229 172
f 173 233 229
f 187 233 173
f 190 235 234
f 191 235 190
f 174 236 191
f 175 230 236
f 175 237 230
f 177 238 237
f 178 231 239
f 231 179 232
f 232 179 181
f 181 180 183
f 173 104 187
f 233 187 188
f 188 189 234
f 234 189 190
f 236 174 192
f 236 192 175
f 237 175 176
f 237 176 177
f 177 178 238
f 239 238 178
f 231 178 179
f 179 180 181
f 195 130 241
f 240 242 196
f 196 185 240
f 196 242 243
f 134 241 130
f 197 196 243
f 136 244 134
f 245 136 137
f 197 246 138
f 140 245 137
f 140 247 245
f 247 140 198
f 138 246 199
f 145 248 198
f 200 199 249
f 250 145 202
f 248 145 250
f 249 203 200
f 251 250 202
f 215 201 221
f 252 205 204
f 253 202 219
f 251 202 253
f 254 220 203
f 255 214 213
f 221 214 255
f 215 256 204
f 204 256 252
f 205 257 207
f 207 257 208
f 258 208 257
f 208 258 222
f 208 222 209
f 259 216 223
f 216 259 217
f 260 218 224
f 225 218 260
f 213 220 255
f 215 221 256
f 252 257 205
f 222 261 223
f 223 261 259
f 217 260 224
f 225 260 227
f 226 227 228
f 274 273 272
f 184 279 278
f 184 280 279
f 263 229 264
f 265 264 233
f 265 188 266
f 266 234 267
f 267 234 268
f 235 236 269
f 269 230 270
f 269 236 230
f 270 230 271
f 271 230 237
f 271 237 272
f 272 237 274
f 274 239 273
f 273 239 275
f 275 239 231
f 275 231 232
f 275 232 276
f 276 232 181
f 276 181 277
f 277 183 278
f 277 181 183
f 278 183 184
f 281 171 262
f 262 171 263
f 263 171 229
f 229 233 264
f 265 233 188
f 266 188 234
f 234 235 268
f 237 238 274
f 274 238 239
f 280 184 195
f 195 282 280
f 235 191 236
f 240 185 281
f 281 185 171
f 283 282 195
f 195 241 283
f 241 134 244
f 284 197 243
f 285 197 284
f 285 246 197
f 286 246 285
f 286 199 246
f 199 286 287
f 287 288 199
f 249 199 288
f 250 251 289
f 254 203 249
f 290 217 259
f 290 260 217
f 292 255 220
f 255 292 221
f 221 293 294
f 221 294 256
f 252 256 295
f 252 295 257
f 257 295 296
f 257 296 258
f 258 297 298
f 258 298 222
f 222 299 261
f 260 302 227
f 303 228 227
f 253 219 228
f 291 220 254
f 220 291 292
f 221 292 293
f 297 258 296
f 222 298 299
f 300 261 299
f 261 300 304
f 261 304 259
f 259 304 305
f 259 305 290
f 290 301 260
f 290 305 301
f 260 301 302
f 227 302 303
f 253 228 306
f 292 291 307
f 228 303 306
f 262 263 308
f 270 315 269
f 270 316 315
f 273 317 272
f 275 318 317
f 277 319 276
f 277 279 319
f 278 279 277
f 281 262 308
f 309 263 264
f 310 264 265
f 310 265 311
f 311 265 266
f 312 266 267
f 267 268 313
f 313 268 235
f 313 235 314
f 314 235 269
f 270 271 316
f 316 271 272
f 317 273 275
f 318 275 319
f 319 275 276
f 320 280 282
f 322 241 244
f 321 284 243
f 323 284 321
f 325 284 323
f 324 244 136
f 136 245 324
f 326 324 245
f 325 285 284
f 327 285 325
f 245 328 326
f 247 328 245
f 247 329 328
f 327 286 285
f 198 330 329
f 198 329 247
f 331 286 327
f 248 330 198
f 248 250 332
f 289 332 250
f 289 251 333
f 249 288 334
f 334 254 249
f 335 254 334
f 335 291 254
f 294 336 256
f 256 336 337
f 256 337 295
f 338 295 337
f 295 338 296
f 339 300 299
f 340 301 305
f 291 335 341
f 291 341 307
f 307 342 292
f 293 343 294
f 299 298 344
f 299 344 339
f 300 339 345
f 300 345 304
f 304 346 305
f 305 346 340
f 301 347 302
f 302 347 303
f 303 347 348
f 303 348 306
f 264 350 349
f 279 359 319
f 308 263 309
f 349 309 264
f 350 264 310
f 350 310 311
f 312 267 351
f 351 267 352
f 353 313 314
f 354 314 269
f 354 315 355
f 354 269 315
f 315 316 356
f 356 316 272
f 356 272 317
f 356 317 357
f 357 317 318
f 358 318 319
f 312 311 266
f 267 313 352
f 279 280 360
f 320 360 280
f 361 240 281
f 242 361 362
f 240 361 242
f 242 362 363
f 363 243 242
f 321 243 363
f 322 283 241
f 364 323 321
f 366 325 323
f 324 326 365
f 365 369 367
f 367 369 368
f 369 371 368
f 368 371 370
f 374 373 372
f 378 379 377
f 380 379 378
f 385 384 383
f 388 387 386
f 389 387 388
f 389 390 387
f 392 391 390
f 393 394 391
f 365 326 369
f 396 373 375
f 396 375 376
f 380 381 379
f 397 381 382
f 398 383 384
f 399 390 391
f 400 391 394
f 402 372 373
f 403 386 387
f 404 387 390
f 326 405 369
f 369 405 371
f 371 406 370
f 371 405 406
f 395 372 402
f 373 396 402
f 408 396 376
f 410 409 377
f 403 384 386
f 412 403 387
f 413 387 404
f 404 390 399
f 415 399 391
f 416 402 396
f 408 416 396
f 408 376 409
f 410 377 379
f 411 381 417
f 417 381 397
f 398 384 403
f 414 404 399
f 418 414 399
f 418 399 415
f 415 391 400
f 326 419 405
f 326 328 419
f 405 420 406
f 405 419 420
f 410 379 411
f 421 398 403
f 412 387 413
f 404 414 422
f 423 400 394
f 394 401 423
f 420 419 425
f 329 426 328
f 329 330 426
f 328 426 419
f 419 426 427
f 425 419 427
f 424 331 327
f 426 330 428
f 429 286 331
f 248 332 330
f 429 287 286
f 287 430 288
f 287 429 430
f 253 333 251
f 333 253 431
f 341 432 307
f 307 432 342
f 292 342 343
f 292 343 293
f 294 433 336
f 296 338 435
f 296 435 436
f 296 436 297
f 298 297 437
f 298 437 344
f 339 438 345
f 304 345 439
f 304 439 346
f 301 440 347
f 343 433 294
f 297 436 437
f 301 340 440
f 311 442 350
f 311 443 442
f 351 443 312
f 351 444 443
f 351 352 444
f 354 355 445
f 315 446 355
f 315 356 446
f 318 447 357
f 358 447 318
f 358 448 447
f 319 448 358
f 279 450 449
f 279 360 450
f 441 308 309
f 441 309 349
f 311 312 443
f 353 352 313
f 353 314 445
f 445 314 354
f 448 319 359
f 359 279 449
f 361 281 451
f 451 281 308
f 364 321 363
f 324 322 244
f 322 324 452
f 368 454 452
f 366 323 453
f 323 364 453
f 452 324 365
f 452 365 367
f 454 368 455
f 452 367 368
f 368 370 455
f 455 370 464
f 327 325 366
f 366 465 327
f 467 374 466
f 468 374 467
f 468 469 374
f 470 375 469
f 470 471 375
f 472 471 470
f 472 378 471
f 473 378 472
f 475 474 378
f 475 378 473
f 476 456 457
f 477 476 457
f 458 476 477
f 476 458 385
f 385 458 459
f 388 459 460
f 388 460 389
f 389 460 461
f 389 461 478
f 462 478 461
f 478 462 392
f 392 462 463
f 392 463 479
f 480 479 463
f 480 393 479
f 466 374 372
f 374 469 373
f 373 469 375
f 375 471 376
f 376 471 377
f 377 471 378
f 378 474 380
f 380 474 381
f 381 474 456
f 381 456 382
f 382 456 476
f 382 476 383
f 383 476 385
f 385 459 384
f 459 386 384
f 386 459 388
f 389 478 390
f 390 478 392
f 392 479 391
f 391 479 393
f 393 480 394
f 480 481 394
f 395 482 372
f 372 482 466
f 401 394 483
f 394 481 483
f 370 406 464
f 398 382 383
f 327 465 407
f 395 484 482
f 409 376 377
f 381 411 379
f 397 382 398
f 486 484 395
f 420 487 485
f 420 485 406
f 424 327 407
f 395 402 486
f 486 402 488
f 416 488 402
f 398 489 397
f 421 403 490
f 412 490 403
f 422 413 404
f 423 401 483
f 488 416 491
f 491 416 408
f 491 408 492
f 493 408 409
f 492 408 493
f 494 409 410
f 494 493 409
f 410 495 494
f 411 495 410
f 495 411 417
f 397 496 417
f 397 489 496
f 497 489 398
f 398 498 497
f 421 498 398
f 498 421 490
f 412 499 490
f 413 499 412
f 413 422 499
f 415 500 418
f 500 415 400
f 487 420 425
f 501 495 417
f 501 417 496
f 496 489 497
f 497 498 502
f 502 498 503
f 503 498 490
f 503 490 504
f 490 499 504
f 422 505 499
f 422 506 505
f 506 422 414
f 506 414 507
f 507 414 418
f 507 418 500
f 508 500 400
f 400 509 508
f 509 400 423
f 427 426 428
f 427 510 425
f 487 425 511
f 331 424 512
f 428 510 427
f 510 511 425
f 428 513 510
f 330 513 428
f 512 429 331
f 514 429 512
f 513 330 332
f 515 429 514
f 515 430 429
f 430 334 288
f 430 516 334
f 516 335 334
f 516 517 335
f 341 335 517
f 337 336 434
f 438 339 344
f 518 348 347
f 519 306 348
f 253 306 519
f 253 519 431
f 343 342 520
f 343 520 521
f 343 521 433
f 337 434 522
f 337 522 338
f 338 522 523
f 338 523 435
f 437 524 344
f 344 524 525
f 344 525 438
f 438 526 345
f 345 526 439
f 440 527 347
f 347 527 518
f 348 518 528
f 348 528 519
f 441 533 451
f 349 534 441
f 350 534 349
f 350 535 534
f 442 535 350
f 529 442 443
f 443 530 529
f 443 444 530
f 352 536 444
f 355 446 445
f 531 446 356
f 356 537 531
f 357 537 356
f 447 538 357
f 448 532 447
f 448 359 532
f 451 308 441
f 540 320 282
f 283 540 282
f 539 364 363
f 541 364 539
f 322 540 283
f 322 542 540
f 453 364 541
f 542 322 452
f 542 452 454
f 454 455 543
f 550 544 551
f 545 561 560
f 562 561 545
f 562 563 561
f 562 564 563
f 565 564 546
f 565 546 547
f 566 548 549
f 543 455 567
f 467 544 550
f 568 551 552
f 568 552 553
f 568 553 569
f 569 553 554
f 569 554 555
f 570 555 571
f 571 555 556
f 571 556 557
f 571 557 572
f 572 557 558
f 573 558 559
f 572 558 573
f 573 559 574
f 574 559 560
f 574 560 561
f 563 564 565
f 575 565 547
f 575 547 548
f 575 548 566
f 576 566 549
f 464 567 455
f 465 366 453
f 577 550 551
f 577 551 568
f 473 569 555
f 473 555 570
f 457 571 572
f 457 572 477
f 477 572 458
f 458 572 573
f 574 561 460
f 460 561 563
f 467 550 468
f 468 550 577
f 468 577 469
f 469 577 470
f 470 577 568
f 470 568 472
f 472 568 569
f 472 569 473
f 475 473 570
f 456 570 571
f 475 570 456
f 456 571 457
f 458 573 459
f 573 574 459
f 459 574 460
f 460 563 461
f 461 563 565
f 461 565 462
f 462 565 463
f 565 575 463
f 463 575 480
f 480 575 566
f 480 566 576
f 578 467 466
f 474 475 456
f 481 480 576
f 482 578 466
f 482 580 578
f 483 481 581
f 406 485 579
f 406 579 464
f 484 580 482
f 579 485 583
f 582 407 465
f 581 584 483
f 583 485 585
f 586 407 582
f 580 484 587
f 484 486 587
f 584 423 483
f 487 585 485
f 586 424 407
f 588 587 486
f 588 486 488
f 487 589 585
f 580 587 590
f 591 588 488
f 591 488 592
f 592 488 491
f 593 423 584
f 590 587 588
f 594 588 591
f 595 592 491
f 595 491 492
f 595 492 596
f 596 492 493
f 596 493 494
f 597 596 494
f 597 494 495
f 597 495 598
f 598 495 501
f 598 501 599
f 599 501 496
f 600 496 497
f 599 496 600
f 502 600 497
f 600 502 503
f 504 499 505
f 500 601 507
f 601 500 508
f 593 509 423
f 593 584 602
f 603 424 586
f 604 588 594
f 594 591 592
f 605 600 503
f 605 503 606
f 606 503 504
f 606 504 505
f 606 505 607
f 607 505 506
f 607 506 507
f 607 507 601
f 608 601 508
f 608 508 509
f 602 509 593
f 511 589 487
f 603 512 424
f 590 588 604
f 609 594 592
f 609 592 595
f 609 595 610
f 610 595 596
f 610 596 597
f 611 597 598
f 611 598 612
f 612 598 599
f 612 599 613
f 613 599 600
f 615 605 606
f 614 605 615
f 615 606 607
f 616 607 617
f 617 607 601
f 618 601 608
f 618 608 619
f 620 608 509
f 621 509 602
f 589 511 622
f 623 610 597
f 623 597 611
f 613 600 624
f 624 600 605
f 624 605 614
f 616 615 607
f 617 601 618
f 619 608 620
f 620 509 621
f 513 625 510
f 510 626 511
f 622 511 626
f 627 514 512
f 332 628 513
f 625 513 628
f 625 628 510
f 510 628 629
f 510 629 626
f 627 515 514
f 333 332 289
f 430 515 630
f 630 516 430
f 431 631 333
f 431 632 631
f 633 520 342
f 341 517 634
f 341 634 432
f 432 634 633
f 432 633 342
f 433 521 635
f 433 635 336
f 336 635 434
f 434 635 522
f 435 523 436
f 436 636 437
f 437 636 524
f 438 525 526
f 526 637 439
f 439 638 346
f 346 638 340
f 340 638 639
f 440 340 639
f 440 639 640
f 527 440 640
f 518 527 528
f 451 533 643
f 441 644 533
f 441 534 644
f 444 645 530
f 352 641 536
f 641 352 353
f 353 445 641
f 446 646 445
f 446 642 646
f 446 531 642
f 537 357 647
f 538 648 357
f 532 649 447
f 359 650 532
f 449 650 359
f 360 651 450
f 360 652 651
f 643 653 451
f 360 654 652
f 653 361 451
f 653 362 361
f 360 655 654
f 656 363 362
f 655 360 320
f 539 363 656
f 657 655 320
f 540 657 320
f 658 540 542
f 542 454 659
f 659 454 660
f 660 454 543
f 567 660 543
f 544 661 662
f 544 662 663
f 547 664 665
f 668 661 681
f 681 661 544
f 663 669 552
f 552 669 670
f 552 670 682
f 682 670 671
f 671 553 682
f 671 554 553
f 554 671 672
f 554 672 683
f 672 556 683
f 556 672 673
f 556 673 557
f 557 673 674
f 557 674 558
f 675 558 674
f 559 675 676
f 558 675 559
f 559 676 677
f 545 677 678
f 678 562 545
f 562 678 679
f 562 679 564
f 546 664 547
f 547 665 548
f 548 665 666
f 548 666 549
f 549 666 667
f 667 680 549
f 668 681 578
f 467 681 544
f 551 544 663
f 551 663 552
f 552 682 553
f 555 554 683
f 555 683 556
f 560 559 677
f 560 677 545
f 549 680 686
f 576 549 686
f 689 567 464
f 689 687 567
f 684 690 685
f 685 690 688
f 688 691 685
f 578 681 467
f 687 690 684
f 687 689 690
f 686 481 576
f 579 689 464
f 688 692 691
f 580 693 578
f 581 481 686
f 579 690 689
f 690 692 688
f 579 583 695
f 579 695 690
f 690 695 692
f 692 696 691
f 584 581 686
f 580 698 693
f 584 686 694
f 692 699 696
f 696 700 697
f 701 583 585
f 583 701 695
f 700 696 699
f 702 584 694
f 695 701 703
f 695 703 692
f 590 698 580
f 590 704 698
f 703 699 692
f 602 584 702
f 585 589 701
f 703 706 699
f 707 602 702
f 589 708 701
f 701 709 703
f 703 709 706
f 705 699 706
f 704 590 710
f 604 710 590
f 604 712 711
f 594 712 604
f 594 609 712
f 610 713 609
f 621 602 707
f 708 589 622
f 709 701 708
f 604 711 710
f 715 712 609
f 716 609 713
f 715 609 716
f 713 610 717
f 610 718 717
f 623 718 610
f 719 623 611
f 718 623 719
f 719 611 720
f 720 611 612
f 720 612 721
f 721 612 613
f 721 613 722
f 722 613 624
f 723 624 614
f 723 614 724
f 724 614 725
f 725 614 615
f 726 615 616
f 726 616 617
f 617 618 727
f 728 618 619
f 727 618 728
f 728 619 620
f 729 621 707
f 709 714 706
f 722 624 730
f 730 624 723
f 725 615 726
f 729 620 621
f 731 620 729
f 603 627 512
f 732 622 626
f 733 626 629
f 732 626 733
f 332 735 628
f 735 734 628
f 734 736 628
f 628 736 629
f 737 515 627
f 735 332 333
f 737 630 515
f 630 738 516
f 516 738 517
f 519 739 431
f 635 741 522
f 636 436 742
f 743 525 524
f 525 744 526
f 526 744 745
f 526 745 637
f 439 746 638
f 638 747 639
f 640 748 749
f 640 749 527
f 528 527 750
f 533 752 643
f 537 647 531
f 357 648 647
f 447 649 538
f 532 650 754
f 449 755 650
f 756 656 362
f 541 539 757
f 657 540 658
f 657 658 758
f 758 658 659
f 658 542 659
f 761 662 760
f 769 770 768
f 771 678 770
f 774 546 773
f 774 664 546
f 777 666 776
f 662 661 760
f 662 761 669
f 778 761 762
f 778 762 763
f 764 779 763
f 779 764 780
f 780 764 765
f 781 765 766
f 781 766 767
f 767 768 782
f 782 768 783
f 783 768 770
f 783 770 784
f 678 771 772
f 564 773 546
f 665 664 775
f 665 775 666
f 666 777 667
f 669 761 670
f 670 761 778
f 778 763 779
f 780 765 781
f 674 781 767
f 674 767 782
f 676 783 784
f 784 770 678
f 679 678 772
f 564 772 773
f 679 772 564
f 567 759 660
f 567 785 759
f 685 787 786
f 663 662 669
f 670 778 671
f 671 778 779
f 671 779 780
f 671 780 672
f 672 780 781
f 672 781 673
f 673 781 674
f 675 674 782
f 675 782 676
f 676 782 783
f 676 784 677
f 677 784 678
f 680 667 789
f 567 687 785
f 687 684 786
f 786 684 685
f 790 787 685
f 465 453 788
f 668 578 791
f 680 789 792
f 790 685 793
f 578 794 791
f 680 795 686
f 680 792 795
f 685 691 793
f 793 691 796
f 796 797 793
f 578 693 794
f 686 795 798
f 798 694 686
f 796 799 797
f 801 694 798
f 796 691 696
f 796 696 799
f 696 697 799
f 698 802 693
f 800 586 582
f 803 694 801
f 699 705 700
f 704 802 698
f 704 804 802
f 705 805 700
f 800 603 586
f 694 803 702
f 704 806 804
f 807 707 702
f 807 702 803
f 705 706 808
f 805 705 808
f 807 809 707
f 810 704 710
f 806 704 810
f 708 622 811
f 811 709 708
f 712 812 711
f 812 712 715
f 716 813 715
f 713 813 716
f 713 717 813
f 811 622 814
f 709 815 714
f 816 710 711
f 816 711 817
f 817 711 812
f 813 717 818
f 819 720 721
f 721 722 820
f 821 723 724
f 822 724 725
f 822 725 726
f 822 726 823
f 617 824 726
f 727 824 617
f 620 731 728
f 707 825 729
f 707 809 825
f 732 814 622
f 715 826 812
f 826 715 827
f 827 715 813
f 813 818 827
f 818 717 718
f 818 718 828
f 828 718 719
f 828 719 720
f 828 720 819
f 819 721 820
f 820 722 730
f 730 723 821
f 821 724 822
f 829 727 728
f 824 727 829
f 829 728 731
f 830 819 820
f 823 726 831
f 831 726 824
f 736 734 735
f 832 733 629
f 732 733 832
f 833 737 627
f 736 834 629
f 629 834 835
f 629 835 832
f 333 631 735
f 836 630 737
f 632 431 739
f 738 837 517
f 517 837 634
f 837 838 634
f 838 740 634
f 839 634 740
f 634 839 633
f 520 633 840
f 520 840 521
f 521 840 635
f 635 840 841
f 522 741 523
f 741 842 523
f 436 523 742
f 524 636 743
f 744 525 743
f 638 746 747
f 639 748 640
f 749 750 527
f 528 843 519
f 519 843 739
f 643 752 844
f 752 533 644
f 535 751 534
f 751 535 442
f 529 751 442
f 530 645 529
f 529 645 751
f 444 845 645
f 444 536 845
f 641 846 536
f 641 646 846
f 445 646 641
f 642 531 753
f 531 647 753
f 538 649 648
f 532 754 649
f 450 651 449
f 449 651 755
f 844 653 643
f 653 756 362
f 654 655 848
f 757 539 656
f 657 849 655
f 852 541 757
f 758 659 850
f 851 850 659
f 858 774 773
f 775 774 858
f 660 851 659
f 759 851 660
f 852 453 541
f 861 760 860
f 861 761 760
f 862 761 861
f 863 762 862
f 867 866 865
f 767 853 768
f 768 853 854
f 769 854 855
f 855 856 771
f 771 856 857
f 774 775 664
f 869 860 661
f 661 860 760
f 761 862 762
f 762 864 763
f 763 865 764
f 763 864 865
f 764 865 866
f 764 866 765
f 765 866 868
f 765 868 766
f 768 854 769
f 770 769 855
f 770 855 771
f 772 771 857
f 772 857 773
f 666 775 776
f 777 859 667
f 667 859 870
f 788 453 852
f 871 869 668
f 871 668 791
f 661 668 869
f 870 789 667
f 872 687 786
f 872 785 687
f 789 870 792
f 873 465 788
f 795 792 874
f 875 465 873
f 875 582 465
f 800 582 875
f 874 798 795
f 874 877 798
f 797 799 793
f 793 799 876
f 876 879 878
f 876 799 879
f 882 801 798
f 799 883 879
f 879 883 881
f 802 880 693
f 802 884 880
f 883 799 697
f 883 697 886
f 883 886 881
f 887 803 882
f 882 803 801
f 697 888 886
f 804 884 802
f 700 888 697
f 889 800 885
f 805 890 700
f 888 700 890
f 806 891 804
f 890 805 808
f 889 603 800
f 891 806 810
f 893 811 814
f 894 706 714
f 808 706 894
f 897 710 896
f 810 710 897
f 816 896 710
f 809 892 825
f 811 893 709
f 709 893 815
f 714 815 894
f 895 627 603
f 817 812 826
f 827 899 826
f 826 899 898
f 827 900 899
f 818 900 827
f 828 902 818
f 818 902 901
f 828 903 902
f 730 904 820
f 821 905 730
f 822 906 821
f 822 823 907
f 729 825 731
f 900 818 901
f 903 828 819
f 905 904 730
f 905 821 906
f 907 906 822
f 907 823 908
f 908 823 831
f 831 824 909
f 909 824 829
f 910 829 731
f 909 829 910
f 910 731 825
f 832 911 732
f 912 833 627
f 895 912 627
f 913 911 832
f 914 736 735
f 834 914 915
f 834 736 914
f 631 914 735
f 833 836 737
f 916 630 836
f 738 917 837
f 918 632 739
f 633 839 840
f 635 841 741
f 523 842 742
f 636 742 919
f 636 919 743
f 746 439 637
f 750 749 920
f 920 528 750
f 920 843 528
f 752 921 844
f 644 921 752
f 644 922 921
f 534 922 644
f 534 751 922
f 645 923 751
f 536 846 845
f 646 924 846
f 646 925 924
f 642 925 646
f 753 925 642
f 649 926 648
f 754 926 649
f 754 927 926
f 650 927 754
f 650 755 927
f 652 847 651
f 928 756 653
f 928 653 844
f 652 654 847
f 848 847 654
f 655 849 848
f 930 757 929
f 849 657 931
f 758 931 657
f 758 850 931
f 852 757 930
f 937 855 854
f 938 856 855
f 940 773 939
f 858 773 940
f 941 775 932
f 942 776 775
f 942 775 941
f 759 933 851
f 864 762 863
f 945 865 864
f 867 865 945
f 868 866 867
f 766 935 934
f 767 934 853
f 766 934 767
f 853 936 854
f 857 856 939
f 857 939 773
f 775 858 932
f 776 942 777
f 943 859 777
f 942 943 777
f 759 944 933
f 868 935 766
f 948 786 946
f 946 786 949
f 869 947 860
f 869 871 947
f 785 872 759
f 948 872 786
f 786 787 949
f 790 949 787
f 949 790 951
f 953 870 950
f 871 791 952
f 870 953 792
f 954 792 953
f 951 790 955
f 955 878 956
f 794 957 791
f 954 874 792
f 954 958 874
f 793 955 790
f 955 793 878
f 794 960 957
f 958 877 874
f 878 961 956
f 956 961 959
f 878 793 876
f 959 961 962
f 693 960 794
f 961 878 879
f 961 963 962
f 693 880 960
f 961 879 963
f 962 963 964
f 877 965 798
f 963 879 881
f 967 798 965
f 881 886 963
f 964 963 886
f 964 886 968
f 967 882 798
f 966 885 800
f 970 886 888
f 968 886 971
f 804 969 884
f 970 971 886
f 972 889 885
f 890 970 888
f 973 970 890
f 971 970 973
f 891 969 804
f 974 807 803
f 887 974 803
f 890 975 973
f 807 974 809
f 890 976 975
f 808 976 890
f 977 603 889
f 891 897 978
f 810 897 891
f 892 809 974
f 977 895 603
f 979 808 894
f 976 808 979
f 893 814 980
f 815 893 981
f 979 894 982
f 983 896 816
f 816 817 983
f 817 826 983
f 901 984 900
f 892 985 825
f 732 980 814
f 815 982 894
f 815 986 982
f 983 826 898
f 899 900 984
f 984 901 987
f 987 901 902
f 902 903 987
f 819 830 988
f 989 830 820
f 906 907 990
f 908 991 907
f 825 993 910
f 911 980 732
f 815 981 986
f 903 819 988
f 995 905 906
f 908 996 991
f 996 908 831
f 996 831 909
f 997 909 910
f 997 910 992
f 992 910 993
f 835 834 915
f 998 836 833
f 998 916 836
f 843 918 739
f 837 999 838
f 838 999 1000
f 838 1000 740
f 740 1000 839
f 839 1001 840
f 840 1001 1002
f 840 1002 1003
f 840 1003 1004
f 840 1004 841
f 741 841 842
f 919 1005 743
f 743 1005 744
f 744 1005 745
f 745 1006 637
f 637 1006 746
f 747 1007 639
f 639 1007 748
f 748 1007 1008
f 748 1008 749
f 1008 920 749
f 921 1011 1010
f 922 1011 921
f 922 1012 1011
f 751 1013 922
f 923 1013 751
f 645 845 923
f 925 1014 924
f 925 1015 1014
f 753 1015 925
f 753 1016 1015
f 647 1016 753
f 648 1017 647
f 755 1018 927
f 755 1019 1018
f 1009 844 921
f 755 651 1019
f 847 1020 651
f 849 1022 848
f 849 931 1022
f 850 1024 1023
f 1030 941 1029
f 850 851 1024
f 933 1025 851
f 1025 1024 851
f 1026 852 930
f 1034 863 1033
f 1035 867 945
f 1035 1036 867
f 935 1027 934
f 853 934 1028
f 853 1028 936
f 854 936 937
f 855 937 938
f 856 938 939
f 858 940 932
f 942 941 1030
f 942 1030 943
f 861 1031 1032
f 861 1032 1033
f 861 1033 1037
f 1037 1033 863
f 863 1034 945
f 1036 1027 935
f 949 1038 946
f 949 1039 1038
f 860 1031 861
f 862 861 1037
f 862 1037 863
f 864 863 945
f 868 867 1036
f 868 1036 935
f 759 872 944
f 944 872 948
f 951 1040 949
f 1040 1039 949
f 950 1041 953
f 953 1041 954
f 951 955 956
f 956 1043 1042
f 791 957 952
f 1043 956 959
f 959 1044 1043
f 1044 959 962
f 1045 875 873
f 958 1046 877
f 960 1049 957
f 965 877 1046
f 880 1049 960
f 965 1046 1053
f 1054 1053 1050
f 1050 1051 1055
f 1054 1050 1055
f 964 1047 962
f 1052 1047 964
f 1048 800 875
f 1056 1053 1054
f 1048 966 800
f 880 1057 1049
f 1058 1056 1054
f 1056 965 1053
f 967 965 1056
f 1052 964 968
f 884 1057 880
f 1059 1054 1055
f 1060 885 966
f 1061 882 967
f 1061 967 1056
f 1061 1056 1058
f 1062 1058 1054
f 1062 1054 1059
f 1052 968 1063
f 969 1057 884
f 1061 887 882
f 1064 1058 1062
f 1062 1059 1065
f 971 1067 968
f 1063 968 1068
f 1068 968 1067
f 1060 972 885
f 1066 887 1061
f 1064 1062 1069
f 1069 1062 1065
f 887 1066 974
f 974 1066 1070
f 973 1071 971
f 1067 971 1071
f 891 978 969
f 1072 975 976
f 975 1072 973
f 1071 973 1072
f 976 1073 1072
f 974 1074 892
f 979 1075 976
f 976 1075 1073
f 1076 892 1074
f 897 896 1077
f 983 1077 896
f 899 984 898
f 893 980 981
f 979 982 1078
f 983 1079 1077
f 1079 983 1080
f 1080 983 898
f 1080 898 1081
f 1081 898 984
f 1081 984 1082
f 1083 984 987
f 1082 984 1083
f 1083 987 1084
f 903 1084 987
f 993 1085 992
f 993 825 985
f 981 1086 986
f 1087 1081 1082
f 1084 903 988
f 994 988 830
f 994 830 989
f 820 904 989
f 995 904 905
f 1088 995 906
f 1088 906 990
f 990 907 991
f 996 909 997
f 988 994 1089
f 1090 991 996
f 1090 996 997
f 1091 833 912
f 835 1092 832
f 832 1092 913
f 1091 998 833
f 631 1093 914
f 915 1094 835
f 835 1094 1095
f 835 1095 1092
f 1096 1093 631
f 632 1096 631
f 1097 1096 632
f 918 1097 632
f 839 1000 1098
f 839 1098 1099
f 841 1004 1100
f 841 1100 842
f 919 742 1101
f 919 1101 1005
f 1005 1102 1103
f 1005 1103 745
f 745 1103 1104
f 745 1104 1006
f 1006 1105 746
f 746 1105 1106
f 746 1106 747
f 1007 747 1107
f 1007 1107 1008
f 1008 1108 920
f 920 1108 1109
f 843 920 1110
f 1010 1009 921
f 922 1111 1012
f 1111 922 1013
f 923 1112 1013
f 923 1113 1112
f 1113 923 845
f 1114 846 924
f 1115 1016 647
f 1115 647 1017
f 1017 648 1116
f 1116 648 926
f 1117 926 927
f 928 844 1009
f 651 1118 1019
f 1020 1118 651
f 1020 847 1021
f 847 848 1119
f 929 757 656
f 1022 931 1120
f 1120 931 850
f 1023 1120 850
f 1128 936 1127
f 1031 1135 1121
f 1032 1031 1121
f 1032 1121 1122
f 1032 1122 1033
f 1034 1123 1124
f 1125 1027 1136
f 1027 1125 934
f 934 1125 1028
f 1126 936 1028
f 1126 1127 936
f 937 936 1128
f 937 1128 938
f 938 1129 939
f 940 939 1130
f 1130 1131 940
f 940 1131 932
f 932 1132 941
f 1030 1029 1133
f 1133 1134 1030
f 947 1135 1031
f 1034 1124 945
f 945 1124 1035
f 1035 1136 1036
f 1036 1136 1027
f 1030 1134 943
f 943 1134 1137
f 946 1139 1138
f 946 1038 1139
f 860 947 1031
f 859 943 950
f 944 1138 933
f 948 1138 944
f 1138 948 946
f 870 859 950
f 1040 951 1042
f 952 1141 871
f 1140 954 1041
f 1142 954 1140
f 1042 951 956
f 1043 1144 1143
f 952 957 1141
f 958 954 1142
f 1043 1044 1144
f 1144 1044 1145
f 962 1145 1044
f 1047 1145 962
f 1045 1048 875
f 1050 1146 1147
f 1149 1048 1045
f 1046 1146 1053
f 1053 1146 1050
f 1050 1147 1051
f 1052 1148 1047
f 1055 1051 1150
f 1055 1150 1152
f 1057 1151 1049
f 1149 966 1048
f 1059 1055 1152
f 1052 1068 1148
f 1153 1152 1150
f 1063 1068 1052
f 1154 1059 1152
f 1152 1153 1155
f 1154 1065 1059
f 1152 1155 1154
f 1064 1061 1058
f 969 1156 1057
f 1064 1066 1061
f 1065 1154 1157
f 1158 1064 1069
f 1065 1157 1069
f 1158 1069 1157
f 1068 1067 1159
f 1160 1070 1066
f 1160 1066 1064
f 1071 1159 1067
f 978 1161 969
f 1162 1159 1071
f 1072 1163 1071
f 1162 1071 1163
f 1070 1074 974
f 1073 1164 1072
f 1073 1075 1165
f 1073 1165 1164
f 1072 1164 1163
f 897 1166 978
f 977 912 895
f 892 1076 985
f 1078 1075 979
f 1167 897 1077
f 1166 897 1167
f 1086 980 911
f 1086 981 980
f 1168 982 986
f 1078 982 1168
f 1167 1077 1169
f 1079 1169 1077
f 993 1170 1085
f 1079 1171 1169
f 1171 1079 1172
f 1172 1079 1080
f 1172 1080 1173
f 1173 1080 1081
f 1173 1081 1174
f 1174 1081 1087
f 1087 1175 1174
f 1175 1087 1082
f 1175 1082 1176
f 1176 1082 1083
f 1177 1176 1083
f 1084 1177 1083
f 1084 1178 1177
f 1178 1084 988
f 988 1179 1178
f 988 1089 1179
f 994 1180 1089
f 994 989 1180
f 1180 989 904
f 904 1181 1180
f 995 1183 1182
f 995 1088 1183
f 1090 1185 991
f 997 1186 1090
f 997 1187 1186
f 992 1188 997
f 1085 1188 992
f 1170 1188 1085
f 914 1093 915
f 915 1093 1094
f 1189 916 998
f 916 1190 630
f 738 630 1190
f 738 1190 917
f 839 1099 1191
f 1191 1001 839
f 1003 1002 1192
f 1193 1100 1004
f 1195 742 1194
f 1101 742 1195
f 1102 1005 1101
f 1196 1006 1104
f 1107 747 1106
f 1110 920 1109
f 843 1110 918
f 1107 1106 1197
f 1198 1010 1011
f 1012 1198 1011
f 1199 1113 845
f 1114 845 846
f 1114 1199 845
f 1200 924 1014
f 1015 1201 1014
f 1116 1115 1017
f 1116 926 1117
f 1018 1117 927
f 1203 1018 1019
f 1019 1118 1203
f 1204 756 928
f 1204 928 1009
f 847 1119 1021
f 1205 656 756
f 929 656 1205
f 848 1022 1119
f 1022 1120 1206
f 1033 1122 1208
f 1034 1033 1208
f 1034 1208 1123
f 1209 1124 1123
f 1124 1209 1210
f 1124 1210 1035
f 1035 1210 1211
f 1211 1136 1035
f 1136 1211 1125
f 1028 1125 1212
f 1028 1212 1126
f 1127 1213 1128
f 1128 1214 938
f 938 1214 1129
f 1131 1215 932
f 941 1132 1029
f 1025 1207 1024
f 1025 1216 1207
f 1025 933 1216
f 1138 1217 1216
f 1139 1217 1138
f 1026 788 852
f 1137 1218 943
f 1138 1216 933
f 1218 950 943
f 1140 950 1218
f 871 1219 947
f 1041 950 1140
f 871 1141 1219
f 1143 1042 1043
f 1221 1144 1145
f 1223 1221 1145
f 957 1222 1141
f 1224 958 1142
f 1145 1047 1223
f 1226 1223 1047
f 1224 1046 958
f 1147 1224 1225
f 1046 1224 1146
f 1146 1224 1147
f 1051 1225 1227
f 1147 1225 1051
f 1150 1051 1227
f 1150 1227 1228
f 1230 1229 1228
f 1148 1226 1047
f 1148 1231 1226
f 1150 1228 1232
f 1232 1228 1229
f 1229 1233 1232
f 1153 1150 1232
f 1148 1235 1231
f 1153 1232 1234
f 1234 1232 1233
f 1068 1235 1148
f 1236 966 1149
f 1238 1155 1153
f 1236 1060 966
f 1057 1240 1237
f 1238 1153 1239
f 1239 1153 1234
f 1155 1241 1154
f 1238 1241 1155
f 1156 1240 1057
f 1157 1154 1241
f 1242 972 1060
f 1243 1064 1158
f 1244 1158 1157
f 1159 1235 1068
f 1161 1156 969
f 1243 1160 1064
f 1244 1243 1158
f 1242 889 972
f 1242 977 889
f 1070 1160 1245
f 1245 1074 1070
f 1162 1163 1246
f 1163 1164 1246
f 1247 978 1166
f 1078 1165 1075
f 1078 1248 1165
f 1167 1250 1166
f 1251 1078 1168
f 1078 1251 1248
f 1252 912 1249
f 1253 1170 993
f 913 1254 911
f 911 1254 1086
f 1086 1254 1255
f 1255 986 1086
f 1255 1256 986
f 1168 986 1256
f 1258 1169 1257
f 1257 1169 1171
f 1171 1172 1257
f 1174 1259 1173
f 1175 1259 1174
f 1176 1177 1175
f 904 1260 1181
f 995 1260 904
f 1182 1260 995
f 1183 1088 1184
f 990 1261 1088
f 1088 1261 1184
f 990 991 1261
f 997 1188 1187
f 1187 1188 1262
f 1092 1254 913
f 1252 1091 912
f 916 1189 1190
f 1263 1096 1097
f 917 999 837
f 999 1264 1000
f 1001 1191 1002
f 1192 1265 1003
f 1003 1265 1004
f 1004 1265 1193
f 1265 1100 1193
f 1100 1194 842
f 842 1194 742
f 1196 1105 1006
f 1107 1197 1008
f 1197 1108 1008
f 1198 1267 1010
f 1010 1267 1266
f 1012 1268 1198
f 1012 1111 1268
f 1111 1013 1268
f 1114 1270 1199
f 1014 1201 1200
f 1016 1202 1015
f 1115 1271 1016
f 1016 1271 1202
f 1116 1272 1115
f 1116 1117 1272
f 1018 1203 1117
f 1022 1206 1119
f 1120 1023 1275
f 1121 1291 1276
f 1121 1276 1122
f 1122 1292 1208
f 1277 1208 1292
f 1208 1277 1278
f 1208 1278 1123
f 1123 1278 1209
f 1210 1279 1280
f 1210 1280 1211
f 1125 1281 1212
f 1212 1283 1126
f 1127 1126 1283
f 1282 1213 1283
f 1213 1127 1283
f 1213 1284 1128
f 1285 1214 1128
f 1129 1214 1286
f 1129 1286 939
f 939 1286 1287
f 939 1287 1130
f 1287 1293 1130
f 1131 1130 1293
f 932 1215 1288
f 932 1288 1132
f 1132 1288 1029
f 1029 1288 1289
f 1029 1289 1133
f 1133 1289 1290
f 1290 1134 1133
f 1135 1291 1121
f 1038 1294 1139
f 1038 1039 1294
f 1039 1040 1294
f 1295 873 788
f 1220 873 1295
f 1142 1140 1296
f 1297 1143 1144
f 1297 1144 1221
f 1300 1224 1298
f 1223 1226 1299
f 1225 1224 1300
f 1300 1301 1225
f 1302 1045 873
f 957 1049 1222
f 1301 1227 1225
f 1226 1306 1305
f 1228 1227 1230
f 1229 1230 1303
f 1229 1303 1304
f 1229 1304 1307
f 1231 1306 1226
f 1229 1307 1233
f 1231 1309 1306
f 1311 1149 1308
f 1233 1307 1310
f 1313 1233 1310
f 1235 1309 1231
f 1234 1233 1313
f 1311 1236 1149
f 1057 1237 1151
f 1313 1314 1234
f 1312 1309 1315
f 1235 1315 1309
f 1234 1314 1316
f 1317 1239 1234
f 1317 1234 1318
f 1318 1234 1316
f 1319 1239 1317
f 1320 1060 1236
f 1238 1319 1241
f 1239 1319 1238
f 1235 1321 1315
f 1320 1242 1060
f 1322 1244 1157
f 1322 1157 1241
f 1241 1323 1322
f 1324 1241 1319
f 1325 1244 1322
f 1159 1326 1235
f 1243 1327 1160
f 1327 1243 1244
f 1327 1244 1325
f 1328 1159 1162
f 1328 1326 1159
f 1246 1328 1162
f 978 1247 1161
f 1166 1329 1247
f 1164 1330 1246
f 1249 912 977
f 1329 1166 1250
f 1076 1253 985
f 1331 1253 1076
f 985 1253 993
f 1167 1169 1258
f 1332 1167 1258
f 1250 1167 1332
f 1333 1168 1256
f 1333 1251 1168
f 1172 1334 1257
f 1173 1259 1335
f 1337 1259 1175
f 1177 1337 1175
f 1339 1177 1178
f 1340 1339 1178
f 1340 1178 1179
f 1341 1089 1180
f 1185 1261 991
f 1090 1342 1185
f 1186 1342 1090
f 1186 1343 1342
f 1187 1343 1186
f 1187 1262 1343
f 1344 1254 1092
f 1252 1345 1091
f 1345 998 1091
f 1345 1189 998
f 1096 1346 1093
f 1093 1346 1094
f 1347 1190 1189
f 918 1348 1097
f 1097 1348 1263
f 917 1190 1349
f 1349 999 917
f 1349 1264 999
f 1192 1002 1191
f 1000 1264 1350
f 1098 1351 1099
f 1099 1352 1191
f 1192 1191 1353
f 1265 1192 1353
f 1265 1354 1100
f 1100 1354 1355
f 1100 1355 1356
f 1100 1356 1194
f 1194 1356 1195
f 1101 1195 1102
f 1102 1357 1103
f 1103 1357 1104
f 1104 1357 1358
f 1104 1358 1196
f 1196 1358 1105
f 1105 1358 1106
f 1106 1358 1359
f 1106 1359 1197
f 1359 1360 1197
f 1197 1360 1108
f 1108 1360 1361
f 1108 1361 1109
f 1109 1362 1110
f 1271 1364 1202
f 1272 1365 1271
f 1009 1266 1367
f 1010 1266 1009
f 1267 1198 1268
f 1268 1013 1363
f 1112 1363 1013
f 1368 1363 1112
f 1368 1112 1113
f 1269 1368 1113
f 1269 1113 1199
f 1270 1114 1200
f 1200 1114 924
f 1201 1015 1202
f 1271 1115 1272
f 1366 1272 1117
f 1366 1117 1203
f 1204 1009 1367
f 1274 756 1204
f 1369 1273 1118
f 1020 1369 1118
f 1370 1369 1020
f 1274 1371 756
f 1021 1370 1020
f 1371 1205 756
f 1372 929 1205
f 930 929 1372
f 1120 1275 1206
f 1023 1373 1275
f 1026 930 1372
f 1023 1024 1373
f 1024 1207 1373
f 1276 1292 1122
f 1377 1209 1278
f 1279 1210 1209
f 1279 1209 1377
f 1378 1211 1280
f 1281 1125 1211
f 1281 1211 1378
f 1281 1283 1212
f 1282 1284 1213
f 1285 1128 1284
f 1285 1286 1214
f 1131 1293 1374
f 1215 1131 1374
f 1215 1374 1375
f 1215 1375 1288
f 1379 1026 1376
f 1380 1291 1135
f 1139 1382 1217
f 1139 1383 1382
f 1139 1294 1383
f 947 1380 1135
f 1381 1137 1134
f 1137 1381 1218
f 1379 788 1026
f 947 1219 1380
f 1384 1218 1381
f 1140 1218 1386
f 1385 1294 1040
f 1385 1040 1387
f 1040 1388 1387
f 1040 1042 1388
f 1388 1042 1143
f 1143 1389 1388
f 1389 1143 1297
f 1221 1391 1297
f 1390 1220 1295
f 1142 1296 1393
f 1222 1392 1141
f 1142 1393 1224
f 1224 1393 1298
f 1223 1391 1221
f 1223 1299 1391
f 1302 873 1220
f 1226 1305 1299
f 1227 1301 1395
f 1396 1303 1395
f 1396 1397 1303
f 1227 1395 1230
f 1230 1395 1303
f 1303 1397 1304
f 1302 1149 1045
f 1304 1397 1398
f 1399 1305 1306
f 1307 1398 1402
f 1400 1399 1306
f 1308 1149 1302
f 1304 1398 1307
f 1151 1401 1049
f 1310 1307 1402
f 1310 1402 1404
f 1404 1402 1403
f 1309 1403 1400
f 1309 1400 1306
f 1405 1310 1404
f 1405 1404 1406
f 1312 1403 1309
f 1151 1237 1401
f 1405 1313 1310
f 1312 1404 1403
f 1406 1404 1312
f 1314 1313 1405
f 1314 1405 1406
f 1407 1314 1406
f 1407 1406 1312
f 1315 1407 1312
f 1408 1314 1407
f 1316 1314 1408
f 1317 1318 1319
f 1407 1315 1409
f 1321 1409 1315
f 1241 1324 1323
f 1319 1318 1324
f 1410 1242 1320
f 1326 1321 1235
f 1411 1325 1322
f 1410 977 1242
f 1322 1412 1411
f 1413 977 1410
f 1414 1245 1160
f 1327 1414 1160
f 1327 1415 1414
f 1416 1327 1325
f 1415 1327 1416
f 1416 1325 1411
f 1161 1247 1329
f 1417 1328 1246
f 1331 1074 1245
f 1417 1246 1330
f 1413 1249 977
f 1419 1164 1165
f 1420 1330 1164
f 1418 1329 1250
f 1074 1331 1076
f 1248 1419 1165
f 1250 1421 1418
f 1332 1421 1250
f 1254 1424 1255
f 1255 1424 1425
f 1425 1426 1255
f 1255 1426 1256
f 1427 1258 1257
f 1427 1257 1334
f 1334 1172 1173
f 1335 1334 1173
f 1335 1259 1336
f 1336 1259 1337
f 1338 1337 1177
f 1338 1177 1339
f 1179 1341 1340
f 1341 1179 1089
f 1341 1180 1428
f 1428 1180 1181
f 1428 1181 1260
f 1260 1182 1428
f 1429 1183 1184
f 1429 1184 1261
f 1261 1430 1429
f 1185 1430 1261
f 1185 1342 1430
f 1262 1431 1343
f 1262 1188 1431
f 1170 1432 1188
f 1170 1423 1432
f 1344 1424 1254
f 1430 1342 1433
f 1433 1342 1343
f 1434 1094 1346
f 1435 1094 1434
f 1435 1095 1094
f 1095 1435 1092
f 1345 1347 1189
f 1096 1263 1346
f 918 1436 1348
f 1350 1098 1000
f 1351 1098 1350
f 1352 1099 1351
f 1353 1191 1352
f 1354 1265 1353
f 1110 1362 918
f 918 1362 1436
f 1195 1356 1437
f 1195 1437 1102
f 1102 1437 1438
f 1102 1438 1357
f 1360 1439 1361
f 1361 1439 1109
f 1109 1439 1362
f 1440 1267 1268
f 1442 1441 1268
f 1442 1268 1363
f 1443 1269 1199
f 1443 1368 1269
f 1443 1199 1270
f 1444 1443 1270
f 1444 1270 1200
f 1445 1444 1200
f 1446 1445 1200
f 1446 1200 1201
f 1447 1446 1201
f 1447 1201 1202
f 1364 1447 1202
f 1448 1364 1271
f 1365 1448 1271
f 1449 1365 1272
f 1366 1449 1272
f 1450 1366 1203
f 1451 1450 1203
f 1118 1451 1203
f 1118 1273 1451
f 1452 1370 1021
f 1119 1452 1021
f 1453 1119 1206
f 1275 1453 1206
f 1376 1026 1372
f 1277 1377 1278
f 1459 1279 1377
f 1279 1459 1280
f 1378 1280 1459
f 1460 1281 1378
f 1284 1282 1283
f 1461 1285 1284
f 1286 1463 1287
f 1463 1293 1287
f 1464 1374 1293
f 1374 1454 1375
f 1288 1456 1289
f 1455 1289 1456
f 1457 1289 1455
f 1289 1465 1290
f 1457 1465 1289
f 1373 1207 1458
f 1285 1462 1286
f 1381 1134 1290
f 1216 1458 1207
f 1216 1217 1458
f 1383 1294 1466
f 1385 1466 1294
f 1295 788 1379
f 1218 1384 1386
f 1467 1140 1386
f 1140 1467 1296
f 1297 1468 1389
f 1297 1391 1468
f 1467 1393 1296
f 1469 1298 1393
f 1222 1394 1392
f 1298 1469 1300
f 1470 1471 1300
f 1472 1302 1220
f 1471 1301 1300
f 1301 1471 1395
f 1395 1473 1396
f 1397 1396 1474
f 1474 1475 1397
f 1049 1394 1222
f 1398 1397 1475
f 1476 1402 1398
f 1402 1476 1477
f 1400 1478 1399
f 1403 1477 1478
f 1403 1478 1400
f 1402 1477 1403
f 1480 1236 1311
f 1236 1480 1320
f 1156 1481 1240
f 1482 1316 1408
f 1156 1483 1481
f 1318 1316 1482
f 1408 1407 1409
f 1318 1484 1324
f 1484 1318 1482
f 1321 1485 1409
f 1321 1326 1485
f 1161 1483 1156
f 1323 1324 1486
f 1487 1324 1484
f 1326 1488 1485
f 1161 1489 1483
f 1323 1486 1412
f 1322 1323 1412
f 1486 1324 1490
f 1328 1488 1326
f 1328 1491 1488
f 1329 1489 1161
f 1329 1492 1489
f 1418 1492 1329
f 1493 1414 1415
f 1414 1331 1245
f 1494 1417 1330
f 1495 1249 1413
f 1420 1164 1419
f 1330 1420 1494
f 1421 1496 1418
f 1248 1497 1419
f 1419 1498 1420
f 1253 1499 1170
f 1499 1253 1331
f 1500 1252 1249
f 1423 1170 1499
f 1251 1422 1248
f 1501 1332 1258
f 1501 1258 1427
f 1256 1426 1333
f 1251 1333 1422
f 1503 1501 1427
f 1503 1427 1334
f 1504 1334 1335
f 1504 1335 1336
f 1505 1337 1338
f 1340 1341 1428
f 1506 1428 1182
f 1508 1507 1429
f 1429 1509 1508
f 1429 1430 1509
f 1343 1510 1433
f 1343 1431 1510
f 1188 1511 1431
f 1511 1188 1432
f 1252 1502 1345
f 1512 1347 1345
f 1346 1263 1434
f 1264 1513 1350
f 1513 1514 1350
f 1350 1514 1351
f 1514 1515 1351
f 1351 1515 1352
f 1352 1516 1353
f 1516 1517 1353
f 1353 1517 1354
f 1517 1518 1354
f 1354 1518 1355
f 1355 1437 1356
f 1438 1519 1357
f 1357 1520 1358
f 1358 1521 1359
f 1520 1521 1358
f 1521 1522 1359
f 1359 1522 1360
f 1522 1523 1360
f 1360 1523 1439
f 1439 1524 1362
f 1266 1527 1367
f 1440 1268 1441
f 1442 1363 1525
f 1363 1368 1525
f 1526 1449 1366
f 1526 1366 1450
f 1528 1274 1204
f 1528 1204 1367
f 1371 1372 1205
f 1452 1119 1529
f 1453 1529 1119
f 1372 1530 1376
f 1275 1531 1453
f 1532 1275 1373
f 1532 1531 1275
f 1533 1374 1464
f 1533 1454 1374
f 1454 1456 1375
f 1456 1288 1375
f 1291 1535 1276
f 1534 1535 1291
f 1535 1536 1276
f 1276 1536 1292
f 1292 1536 1277
f 1536 1537 1277
f 1277 1537 1377
f 1537 1459 1377
f 1459 1538 1378
f 1538 1460 1378
f 1460 1539 1281
f 1281 1539 1283
f 1283 1539 1284
f 1539 1461 1284
f 1461 1462 1285
f 1462 1463 1286
f 1463 1464 1293
f 1465 1540 1290
f 1382 1383 1542
f 1380 1534 1291
f 1381 1290 1540
f 1540 1543 1381
f 1217 1541 1458
f 1217 1382 1541
f 1219 1544 1380
f 1219 1546 1544
f 1385 1387 1545
f 1547 1467 1386
f 1219 1141 1546
f 1548 1393 1467
f 1469 1393 1548
f 1300 1469 1470
f 1472 1220 1390
f 1395 1471 1473
f 1549 1305 1399
f 1398 1475 1476
f 1477 1476 1550
f 1477 1550 1478
f 1478 1550 1549
f 1399 1478 1549
f 1049 1401 1394
f 1551 1311 1308
f 1552 1311 1551
f 1552 1480 1311
f 1240 1479 1237
f 1240 1481 1479
f 1553 1320 1480
f 1554 1482 1408
f 1554 1408 1555
f 1409 1555 1408
f 1485 1555 1409
f 1324 1487 1490
f 1556 1413 1410
f 1415 1557 1493
f 1415 1416 1557
f 1558 1416 1411
f 1417 1491 1328
f 1417 1559 1491
f 1495 1413 1556
f 1557 1416 1558
f 1414 1493 1331
f 1493 1560 1331
f 1500 1249 1495
f 1331 1561 1499
f 1560 1561 1331
f 1419 1497 1498
f 1332 1496 1421
f 1332 1562 1496
f 1422 1563 1248
f 1248 1563 1497
f 1562 1332 1501
f 1564 1423 1499
f 1565 1502 1252
f 1566 1501 1503
f 1504 1503 1334
f 1567 1336 1337
f 1567 1504 1336
f 1505 1567 1337
f 1568 1338 1339
f 1568 1505 1338
f 1568 1339 1340
f 1569 1568 1340
f 1569 1340 1428
f 1569 1428 1506
f 1506 1182 1183
f 1570 1506 1183
f 1570 1183 1429
f 1507 1570 1429
f 1571 1509 1430
f 1571 1430 1433
f 1510 1431 1572
f 1511 1572 1431
f 1573 1511 1432
f 1573 1432 1423
f 1344 1092 1435
f 1502 1512 1345
f 1434 1263 1574
f 1434 1574 1435
f 1512 1190 1347
f 1190 1512 1575
f 1576 1190 1575
f 1349 1190 1576
f 1349 1576 1264
f 1264 1577 1513
f 1515 1516 1352
f 1578 1355 1518
f 1579 1437 1355
f 1579 1355 1578
f 1438 1437 1579
f 1520 1357 1519
f 1362 1524 1580
f 1362 1580 1436
f 1267 1581 1266
f 1581 1267 1440
f 1582 1440 1441
f 1441 1442 1582
f 1443 1583 1368
f 1584 1443 1444
f 1584 1583 1443
f 1445 1584 1444
f 1586 1585 1445
f 1586 1445 1446
f 1587 1446 1447
f 1587 1586 1446
f 1588 1587 1447
f 1588 1447 1364
f 1588 1364 1448
f 1589 1448 1365
f 1589 1588 1448
f 1590 1589 1365
f 1590 1365 1449
f 1591 1590 1449
f 1591 1449 1526
f 1450 1591 1526
f 1593 1528 1367
f 1367 1527 1593
f 1273 1592 1451
f 1369 1592 1273
f 1594 1369 1370
f 1594 1370 1452
f 1531 1595 1453
f 1456 1454 1596
f 1597 1457 1455
f 1373 1458 1532
f 1604 1464 1603
f 1456 1597 1455
f 1540 1465 1457
f 1536 1535 1599
f 1536 1599 1537
f 1459 1537 1600
f 1459 1600 1538
f 1460 1538 1601
f 1460 1601 1539
f 1539 1602 1461
f 1461 1602 1603
f 1461 1603 1462
f 1462 1603 1463
f 1463 1603 1464
f 1541 1605 1458
f 1382 1542 1541
f 1542 1383 1606
f 1608 1383 1466
f 1608 1606 1383
f 1380 1607 1534
f 1380 1544 1607
f 1384 1381 1543
f 1466 1385 1609
f 1545 1609 1385
f 1386 1384 1547
f 1545 1387 1388
f 1389 1610 1388
f 1468 1611 1389
f 1391 1612 1468
f 1548 1470 1469
f 1613 1470 1548
f 1391 1614 1612
f 1299 1614 1391
f 1615 1473 1471
f 1473 1616 1396
f 1396 1616 1474
f 1475 1618 1476
f 1618 1619 1476
f 1619 1550 1476
f 1620 1550 1619
f 1550 1620 1549
f 1621 1308 1302
f 1237 1479 1401
f 1551 1622 1552
f 1481 1623 1479
f 1410 1320 1553
f 1482 1624 1484
f 1624 1482 1554
f 1554 1555 1625
f 1625 1555 1485
f 1484 1626 1487
f 1484 1624 1626
f 1487 1628 1490
f 1626 1628 1487
f 1492 1627 1489
f 1486 1629 1412
f 1486 1630 1629
f 1490 1630 1486
f 1412 1558 1411
f 1494 1631 1417
f 1417 1631 1559
f 1496 1632 1418
f 1564 1499 1633
f 1500 1565 1252
f 1634 1562 1501
f 1634 1501 1566
f 1503 1635 1566
f 1635 1503 1504
f 1504 1636 1635
f 1504 1567 1636
f 1505 1637 1567
f 1505 1638 1637
f 1505 1639 1638
f 1568 1639 1505
f 1569 1640 1568
f 1506 1641 1569
f 1506 1570 1642
f 1425 1424 1643
f 1643 1426 1425
f 1422 1333 1644
f 1422 1644 1563
f 1645 1639 1568
f 1645 1568 1640
f 1646 1641 1506
f 1646 1506 1642
f 1642 1570 1647
f 1647 1570 1507
f 1509 1507 1508
f 1573 1423 1564
f 1426 1643 1648
f 1426 1648 1333
f 1333 1648 1644
f 1649 1571 1433
f 1649 1433 1510
f 1572 1649 1510
f 1650 1511 1573
f 1344 1651 1424
f 1344 1435 1652
f 1651 1344 1652
f 1653 1512 1502
f 1574 1654 1655
f 1574 1655 1435
f 1435 1655 1652
f 1348 1656 1263
f 1576 1657 1264
f 1264 1657 1577
f 1514 1658 1515
f 1513 1658 1514
f 1515 1659 1516
f 1658 1659 1515
f 1659 1660 1516
f 1516 1660 1517
f 1517 1661 1518
f 1661 1578 1518
f 1578 1662 1579
f 1579 1664 1438
f 1438 1664 1519
f 1664 1665 1519
f 1519 1665 1520
f 1665 1666 1520
f 1520 1666 1521
f 1666 1667 1521
f 1521 1667 1522
f 1522 1667 1523
f 1667 1668 1523
f 1523 1668 1439
f 1668 1524 1439
f 1581 1527 1266
f 1525 1582 1442
f 1669 1525 1368
f 1669 1368 1583
f 1670 1669 1583
f 1585 1671 1445
f 1530 1372 1371
f 1529 1453 1672
f 1672 1453 1595
f 1531 1532 1595
f 1675 1535 1674
f 1676 1535 1675
f 1677 1535 1676
f 1683 1602 1682
f 1684 1464 1604
f 1684 1533 1464
f 1533 1596 1454
f 1596 1685 1456
f 1456 1685 1597
f 1458 1673 1532
f 1607 1674 1534
f 1534 1674 1535
f 1599 1535 1677
f 1599 1677 1678
f 1599 1678 1537
f 1537 1678 1679
f 1537 1679 1600
f 1600 1679 1680
f 1600 1680 1538
f 1538 1680 1601
f 1539 1601 1681
f 1539 1681 1602
f 1602 1681 1682
f 1603 1602 1683
f 1540 1457 1686
f 1686 1543 1540
f 1295 1376 1598
f 1295 1379 1376
f 1384 1543 1687
f 1687 1547 1384
f 1545 1388 1610
f 1389 1611 1610
f 1141 1689 1546
f 1612 1688 1468
f 1690 1613 1548
f 1392 1689 1141
f 1299 1692 1614
f 1693 1472 1390
f 1692 1305 1694
f 1692 1299 1305
f 1617 1475 1474
f 1618 1475 1617
f 1549 1620 1694
f 1549 1694 1305
f 1394 1696 1392
f 1695 1620 1619
f 1621 1302 1472
f 1401 1696 1394
f 1621 1551 1308
f 1623 1697 1479
f 1481 1698 1623
f 1483 1627 1481
f 1554 1625 1699
f 1700 1410 1553
f 1489 1627 1483
f 1700 1556 1410
f 1624 1628 1626
f 1488 1701 1485
f 1488 1491 1701
f 1629 1558 1412
f 1702 1495 1556
f 1418 1703 1492
f 1557 1704 1493
f 1704 1557 1705
f 1557 1706 1705
f 1557 1558 1706
f 1707 1420 1498
f 1420 1707 1494
f 1494 1707 1631
f 1562 1632 1496
f 1498 1497 1708
f 1498 1709 1707
f 1561 1633 1499
f 1563 1710 1497
f 1563 1644 1710
f 1636 1711 1635
f 1567 1712 1636
f 1567 1637 1712
f 1639 1713 1638
f 1569 1714 1640
f 1641 1646 1715
f 1642 1716 1646
f 1573 1564 1717
f 1424 1718 1643
f 1645 1640 1714
f 1647 1507 1509
f 1719 1647 1509
f 1719 1509 1571
f 1720 1719 1571
f 1649 1720 1571
f 1721 1649 1572
f 1721 1572 1511
f 1650 1721 1511
f 1651 1718 1424
f 1574 1263 1722
f 1722 1654 1574
f 1263 1656 1722
f 1653 1575 1512
f 1723 1575 1653
f 1348 1724 1656
f 1576 1575 1725
f 1436 1724 1348
f 1436 1580 1724
f 1661 1517 1660
f 1662 1578 1661
f 1663 1579 1662
f 1664 1579 1663
f 1524 1668 1726
f 1524 1726 1580
f 1581 1727 1527
f 1581 1728 1727
f 1728 1581 1440
f 1582 1729 1440
f 1440 1729 1728
f 1584 1671 1583
f 1583 1671 1670
f 1445 1671 1584
f 1731 1671 1585
f 1731 1585 1586
f 1731 1586 1587
f 1732 1731 1587
f 1732 1587 1588
f 1589 1732 1588
f 1733 1590 1591
f 1734 1733 1591
f 1734 1591 1450
f 1734 1450 1451
f 1527 1735 1593
f 1730 1525 1669
f 1369 1736 1592
f 1528 1737 1274
f 1737 1371 1274
f 1594 1452 1738
f 1740 1738 1452
f 1739 1530 1371
f 1529 1740 1452
f 1741 1376 1530
f 1683 1682 1747
f 1741 1598 1376
f 1607 1753 1674
f 1675 1674 1753
f 1677 1676 1742
f 1743 1677 1742
f 1677 1743 1678
f 1678 1743 1744
f 1678 1744 1679
f 1679 1744 1745
f 1679 1745 1680
f 1680 1746 1601
f 1601 1746 1681
f 1603 1683 1748
f 1603 1748 1604
f 1604 1748 1749
f 1604 1749 1750
f 1604 1750 1684
f 1533 1684 1596
f 1597 1685 1752
f 1597 1752 1457
f 1754 1457 1752
f 1754 1686 1457
f 1754 1755 1686
f 1458 1605 1673
f 1756 1605 1541
f 1541 1542 1756
f 1609 1608 1466
f 1757 1547 1687
f 1547 1757 1758
f 1759 1545 1610
f 1547 1758 1467
f 1758 1548 1467
f 1611 1468 1688
f 1613 1690 1760
f 1471 1470 1613
f 1471 1613 1691
f 1615 1471 1691
f 1392 1763 1689
f 1473 1615 1761
f 1473 1761 1616
f 1616 1761 1762
f 1762 1474 1616
f 1762 1617 1474
f 1618 1764 1619
f 1695 1619 1764
f 1620 1695 1694
f 1765 1472 1693
f 1765 1621 1472
f 1622 1551 1621
f 1766 1480 1552
f 1766 1553 1480
f 1554 1768 1624
f 1554 1699 1768
f 1492 1767 1627
f 1624 1768 1628
f 1701 1625 1485
f 1628 1769 1490
f 1629 1630 1770
f 1559 1701 1491
f 1706 1558 1629
f 1771 1706 1629
f 1772 1418 1632
f 1703 1418 1772
f 1493 1773 1560
f 1773 1493 1704
f 1707 1709 1774
f 1561 1560 1633
f 1497 1710 1708
f 1562 1775 1632
f 1776 1562 1634
f 1775 1562 1776
f 1777 1643 1718
f 1778 1643 1777
f 1779 1776 1566
f 1776 1634 1566
f 1635 1711 1566
f 1636 1712 1711
f 1637 1713 1712
f 1638 1713 1637
f 1639 1780 1713
f 1645 1780 1639
f 1569 1715 1714
f 1641 1715 1569
f 1642 1647 1716
f 1643 1778 1648
f 1778 1781 1648
f 1648 1781 1644
f 1779 1566 1782
f 1782 1566 1711
f 1783 1712 1713
f 1715 1646 1716
f 1647 1719 1784
f 1785 1719 1720
f 1785 1649 1786
f 1786 1649 1721
f 1787 1650 1573
f 1788 1653 1502
f 1655 1789 1652
f 1723 1725 1575
f 1577 1790 1513
f 1790 1791 1513
f 1513 1792 1658
f 1791 1792 1513
f 1792 1793 1658
f 1658 1793 1659
f 1793 1660 1659
f 1660 1794 1661
f 1661 1794 1662
f 1794 1795 1662
f 1662 1795 1663
f 1795 1796 1663
f 1663 1796 1664
f 1664 1797 1665
f 1796 1797 1664
f 1665 1798 1666
f 1797 1798 1665
f 1666 1798 1667
f 1798 1799 1667
f 1667 1799 1668
f 1799 1800 1668
f 1800 1726 1668
f 1726 1801 1580
f 1527 1727 1735
f 1803 1802 1582
f 1525 1803 1582
f 1731 1804 1671
f 1805 1731 1732
f 1589 1806 1732
f 1807 1589 1590
f 1808 1807 1590
f 1808 1590 1733
f 1809 1734 1451
f 1809 1451 1592
f 1736 1809 1592
f 1594 1736 1369
f 1810 1595 1532
f 1743 1813 1744
f 1812 1813 1743
f 1813 1814 1744
f 1744 1814 1745
f 1814 1815 1745
f 1745 1815 1680
f 1680 1815 1746
f 1746 1816 1681
f 1816 1817 1681
f 1681 1747 1682
f 1817 1747 1681
f 1683 1818 1748
f 1747 1818 1683
f 1818 1819 1748
f 1819 1749 1748
f 1750 1820 1684
f 1684 1820 1596
f 1820 1751 1596
f 1596 1751 1685
f 1751 1821 1685
f 1821 1752 1685
f 1607 1811 1753
f 1673 1605 1822
f 1543 1824 1687
f 1824 1757 1687
f 1609 1823 1608
f 1825 1609 1545
f 1545 1759 1825
f 1610 1826 1759
f 1610 1611 1826
f 1758 1690 1548
f 1693 1390 1295
f 1760 1691 1613
f 1692 1828 1614
f 1615 1691 1761
f 1617 1762 1829
f 1829 1618 1617
f 1392 1830 1763
f 1764 1618 1831
f 1392 1696 1830
f 1401 1832 1696
f 1479 1832 1401
f 1479 1833 1832
f 1623 1834 1697
f 1622 1766 1552
f 1623 1698 1834
f 1627 1698 1481
f 1627 1767 1835
f 1768 1699 1836
f 1837 1836 1625
f 1836 1699 1625
f 1701 1837 1625
f 1628 1838 1769
f 1838 1628 1768
f 1700 1702 1556
f 1492 1703 1767
f 1490 1769 1630
f 1629 1770 1771
f 1770 1630 1839
f 1559 1840 1701
f 1631 1840 1559
f 1841 1495 1702
f 1773 1704 1842
f 1704 1705 1843
f 1843 1705 1706
f 1844 1631 1707
f 1841 1500 1495
f 1565 1500 1841
f 1632 1775 1772
f 1844 1707 1774
f 1498 1845 1709
f 1708 1845 1498
f 1845 1846 1709
f 1709 1846 1774
f 1847 1633 1560
f 1775 1776 1848
f 1717 1564 1849
f 1849 1564 1633
f 1710 1644 1850
f 1851 1573 1717
f 1852 1502 1565
f 1782 1711 1853
f 1711 1854 1853
f 1712 1854 1711
f 1854 1712 1783
f 1713 1855 1783
f 1713 1780 1855
f 1645 1856 1780
f 1714 1856 1645
f 1715 1857 1714
f 1714 1857 1856
f 1715 1716 1857
f 1647 1784 1716
f 1719 1785 1784
f 1649 1785 1720
f 1721 1858 1786
f 1650 1858 1721
f 1650 1787 1858
f 1852 1788 1502
f 1788 1723 1653
f 1859 1723 1788
f 1656 1860 1722
f 1861 1723 1859
f 1862 1656 1724
f 1723 1861 1725
f 1576 1725 1863
f 1657 1576 1864
f 1864 1577 1657
f 1864 1790 1577
f 1792 1865 1793
f 1866 1794 1660
f 1794 1867 1795
f 1867 1868 1795
f 1795 1868 1796
f 1796 1869 1797
f 1797 1870 1798
f 1870 1871 1798
f 1871 1799 1798
f 1799 1872 1800
f 1734 1873 1733
f 1734 1874 1873
f 1734 1809 1874
f 1802 1729 1582
f 1803 1525 1730
f 1877 1669 1670
f 1878 1877 1670
f 1878 1670 1671
f 1804 1878 1671
f 1804 1731 1805
f 1805 1732 1806
f 1806 1589 1807
f 1879 1528 1735
f 1528 1593 1735
f 1594 1880 1736
f 1739 1371 1737
f 1672 1740 1529
f 1881 1676 1675
f 1883 1747 1817
f 1818 1749 1819
f 1884 1750 1749
f 1885 1820 1750
f 1886 1752 1821
f 1754 1752 1886
f 1532 1673 1810
f 1743 1742 1882
f 1743 1882 1812
f 1607 1887 1811
f 1756 1822 1605
f 1608 1889 1606
f 1544 1887 1607
f 1544 1890 1887
f 1755 1888 1686
f 1686 1888 1543
f 1824 1543 1888
f 1825 1823 1609
f 1544 1546 1890
f 1688 1826 1611
f 1546 1689 1890
f 1891 1690 1758
f 1690 1891 1760
f 1891 1892 1760
f 1892 1893 1760
f 1614 1828 1612
f 1827 1693 1295
f 1760 1893 1691
f 1761 1691 1893
f 1829 1762 1894
f 1896 1895 1694
f 1895 1692 1694
f 1695 1896 1694
f 1832 1897 1696
f 1898 1622 1621
f 1899 1622 1898
f 1697 1833 1479
f 1900 1622 1899
f 1766 1622 1900
f 1698 1901 1834
f 1627 1835 1698
f 1766 1700 1553
f 1902 1837 1701
f 1769 1903 1630
f 1840 1902 1701
f 1904 1771 1770
f 1843 1706 1771
f 1905 1631 1844
f 1905 1840 1631
f 1907 1906 1775
f 1708 1710 1850
f 1850 1908 1708
f 1708 1908 1845
f 1848 1907 1775
f 1849 1633 1910
f 1910 1633 1847
f 1852 1565 1909
f 1717 1849 1851
f 1777 1718 1911
f 1644 1912 1850
f 1848 1776 1913
f 1779 1913 1776
f 1851 1787 1573
f 1718 1914 1911
f 1781 1778 1915
f 1644 1781 1916
f 1644 1916 1912
f 1782 1913 1779
f 1918 1917 1854
f 1918 1854 1783
f 1920 1783 1855
f 1920 1919 1783
f 1921 1855 1780
f 1922 1921 1780
f 1922 1780 1856
f 1923 1856 1857
f 1924 1857 1716
f 1925 1716 1784
f 1926 1925 1784
f 1785 1926 1784
f 1927 1785 1786
f 1928 1786 1858
f 1928 1927 1786
f 1914 1651 1652
f 1718 1651 1914
f 1789 1655 1654
f 1860 1656 1862
f 1864 1576 1863
f 1580 1930 1724
f 1660 1793 1866
f 1866 1931 1794
f 1931 1867 1794
f 1868 1869 1796
f 1869 1870 1797
f 1580 1801 1930
f 1870 1932 1871
f 1871 1933 1799
f 1799 1934 1872
f 1802 1936 1729
f 1878 1937 1877
f 1805 1938 1804
f 1805 1939 1938
f 1807 1940 1806
f 1808 1940 1807
f 1941 1940 1808
f 1941 1808 1733
f 1873 1941 1733
f 1875 1727 1728
f 1876 1875 1728
f 1876 1728 1729
f 1877 1730 1669
f 1737 1528 1942
f 1738 1880 1594
f 1943 1737 1942
f 1943 1739 1737
f 1740 1944 1738
f 1530 1739 1945
f 1741 1530 1945
f 1946 1672 1595
f 1810 1946 1595
f 1881 1947 1676
f 1676 1947 1742
f 1882 1948 1812
f 1948 1949 1812
f 1814 1951 1815
f 1951 1952 1815
f 1815 1952 1746
f 1746 1953 1816
f 1816 1953 1817
f 1747 1883 1818
f 1884 1954 1750
f 1954 1885 1750
f 1820 1885 1751
f 1885 1955 1751
f 1751 1955 1821
f 1956 1886 1821
f 1886 1957 1754
f 1813 1812 1950
f 1813 1950 1814
f 1958 1755 1754
f 1542 1960 1756
f 1756 1960 1959
f 1606 1960 1542
f 1606 1889 1960
f 1756 1959 1822
f 1827 1295 1598
f 1961 1823 1825
f 1961 1825 1759
f 1826 1961 1759
f 1828 1962 1688
f 1828 1688 1612
f 1966 1761 1893
f 1967 1761 1966
f 1967 1762 1761
f 1894 1762 1967
f 1692 1964 1828
f 1692 1895 1964
f 1693 1827 1965
f 1763 1963 1689
f 1829 1894 1968
f 1968 1831 1829
f 1969 1765 1693
f 1831 1618 1829
f 1764 1831 1970
f 1764 1971 1695
f 1970 1971 1764
f 1896 1695 1971
f 1830 1972 1763
f 1696 1897 1830
f 1834 1973 1697
f 1834 1901 1973
f 1974 1766 1900
f 1698 1975 1901
f 1698 1835 1975
f 1976 1700 1766
f 1977 1702 1700
f 1836 1837 1978
f 1978 1837 1902
f 1977 1841 1702
f 1904 1770 1839
f 1839 1630 1903
f 1979 1839 1903
f 1980 1565 1841
f 1906 1772 1775
f 1843 1842 1704
f 1773 1982 1560
f 1774 1846 1983
f 1847 1560 1982
f 1845 1984 1846
f 1848 1985 1907
f 1913 1986 1848
f 1987 1851 1849
f 1777 1915 1778
f 1911 1915 1777
f 1989 1988 1853
f 1917 1853 1854
f 1918 1783 1919
f 1923 1922 1856
f 1990 1923 1857
f 1991 1924 1716
f 1925 1991 1716
f 1992 1925 1926
f 1926 1785 1927
f 1929 1928 1858
f 1929 1858 1787
f 1789 1993 1652
f 1652 1993 1914
f 1722 1994 1654
f 1860 1994 1722
f 1654 1994 1789
f 1995 1725 1861
f 1995 1996 1725
f 1863 1725 1996
f 1869 1868 1997
f 1801 1998 1930
f 1790 1999 1791
f 1999 2000 1791
f 1791 2000 1792
f 2000 2001 1792
f 1865 2001 1793
f 2001 2002 1793
f 1793 2002 1866
f 1931 1866 2003
f 1931 2004 1867
f 1867 1997 1868
f 2004 1997 1867
f 1932 1933 1871
f 1933 1934 1799
f 1872 1935 1800
f 1935 2005 1800
f 2005 1726 1800
f 1875 2006 1727
f 1876 2006 1875
f 2007 1876 1729
f 2007 1729 1936
f 1803 1936 1802
f 2008 1803 1730
f 1877 2008 1730
f 1937 2008 1877
f 1937 1878 1804
f 1938 1937 1804
f 1939 1805 1806
f 1939 1806 1940
f 2009 1940 1941
f 2009 1941 1873
f 2010 1809 1736
f 1879 1942 1528
f 1944 1880 1738
f 1672 2011 1740
f 2011 1944 1740
f 1946 2011 1672
f 1884 1749 1883
f 1946 1810 2012
f 1811 2013 1753
f 1753 1881 1675
f 2013 1881 1753
f 1742 1947 1882
f 1949 1950 1812
f 1950 2014 1814
f 2014 1951 1814
f 1746 1952 1953
f 1953 1883 1817
f 1818 1883 1749
f 1956 1821 1955
f 1957 1958 1754
f 2012 1810 1673
f 2012 1673 2016
f 2018 1755 1958
f 2016 1673 1822
f 1959 2016 1822
f 1960 2019 1959
f 2020 1960 1889
f 2017 1598 1741
f 2018 1888 1755
f 1608 2021 1889
f 1608 1823 2021
f 1888 2022 1824
f 2024 1757 1824
f 1757 2024 2025
f 2026 1961 1826
f 1689 2023 1890
f 1689 2027 2023
f 1757 2025 1758
f 1688 1962 1826
f 1963 2027 1689
f 2028 1893 1892
f 2028 1966 1893
f 1895 2029 1964
f 1969 1693 1965
f 2030 2029 1895
f 1763 1972 1963
f 2030 1896 1971
f 1895 1896 2030
f 1898 1621 1765
f 1832 2032 1897
f 2031 1899 1898
f 1833 1973 1832
f 1697 1973 1833
f 1976 1766 2034
f 1767 2035 1835
f 1703 2036 1767
f 1768 2037 1838
f 2037 1768 1836
f 2037 1836 1978
f 1903 1769 2038
f 2038 1769 1838
f 2039 1978 1902
f 1772 2036 1703
f 1771 2040 1843
f 2041 1771 1904
f 2041 2040 1771
f 1905 1902 1840
f 1905 2042 1902
f 2040 1981 1843
f 1774 1983 1844
f 1983 2043 1844
f 1844 2043 1905
f 1909 1565 1980
f 1846 1984 2044
f 1846 2044 1983
f 1982 1910 1847
f 1848 2045 1985
f 1912 2046 1850
f 1986 2045 1848
f 1911 2047 1915
f 1782 2048 1913
f 1988 1782 1853
f 1988 2048 1782
f 1853 1917 1989
f 1921 1920 1855
f 1857 1924 1990
f 1925 1992 1991
f 2049 1929 1787
f 2049 1787 1851
f 2049 1851 1987
f 1914 2050 1911
f 1911 2050 2047
f 1915 2051 1781
f 1781 2051 1916
f 2052 1788 1852
f 1993 2050 1914
f 2053 1859 1788
f 1788 2052 2053
f 1994 2054 1789
f 2054 1993 1789
f 2055 1860 1862
f 1930 1862 1724
f 1862 1930 2055
f 1863 2056 1864
f 1864 2057 1790
f 2056 2057 1864
f 1790 2057 1999
f 1792 2001 1865
f 2002 2058 1866
f 2058 2003 1866
f 2003 2004 1931
f 1997 2059 1869
f 2059 2060 1869
f 1869 2060 1870
f 2060 1932 1870
f 1872 1934 1935
f 1726 2005 2061
f 2061 1801 1726
f 2062 1735 1727
f 2062 1727 2006
f 2007 2006 1876
f 2008 1936 1803
f 2063 2008 1937
f 2064 2063 1937
f 2064 1937 1938
f 2065 2064 1938
f 2066 2065 1938
f 2066 1938 1939
f 2067 2066 1939
f 2068 2067 1939
f 2068 1939 1940
f 2069 2068 1940
f 2070 2069 1940
f 2070 1940 2009
f 2010 1874 1809
f 1735 2071 1879
f 2072 2010 1736
f 1880 2072 1736
f 1944 2074 1880
f 2073 1739 1943
f 1945 1739 2073
f 2075 2011 1946
f 2077 1882 1947
f 2077 1948 1882
f 2078 1952 2015
f 1952 2078 1953
f 2078 2079 1953
f 2079 2080 1953
f 1953 2080 1883
f 2080 2081 1883
f 2082 1883 2081
f 1883 2082 1884
f 2082 2083 1884
f 2083 1954 1884
f 1954 2084 1885
f 1885 2084 1955
f 2084 2085 1955
f 1956 1955 2085
f 2012 2076 1946
f 2086 2013 1811
f 1949 2014 1950
f 2014 2015 1951
f 1951 2015 1952
f 1887 2086 1811
f 2019 2016 1959
f 2021 2020 1889
f 1890 2087 1887
f 2018 2022 1888
f 2017 1827 1598
f 1890 2023 2087
f 2022 2024 1824
f 2089 1823 1961
f 2089 2088 1823
f 1961 2026 2089
f 2025 1891 1758
f 1963 2090 2027
f 1891 2091 1892
f 1967 1968 1894
f 2092 1964 2029
f 1963 1972 2090
f 2093 1831 1968
f 1831 2094 1970
f 1970 2094 1971
f 1830 2095 1972
f 1830 1897 2095
f 2031 1898 1765
f 2097 1900 1899
f 1901 2033 1973
f 2100 1900 2099
f 1974 1900 2100
f 2034 1766 1974
f 1835 2035 1975
f 1976 1977 1700
f 2038 1838 2101
f 2037 2101 1838
f 1772 1906 2036
f 1903 2038 1979
f 2102 2041 1904
f 2102 1904 1839
f 1979 2102 1839
f 2042 2039 1902
f 1843 2103 1842
f 1981 2103 1843
f 2105 1773 1842
f 2105 2104 1773
f 2105 1842 2103
f 1982 1773 2104
f 1985 1906 1907
f 1845 1908 1984
f 1987 1849 1910
f 2106 1912 1916
f 2106 2046 1912
f 2052 1852 1909
f 1926 2107 1992
f 1926 1927 2107
f 2047 2051 1915
f 2108 2048 1988
f 2109 1989 1917
f 2112 1919 1920
f 2111 1919 2112
f 2112 1920 1921
f 2113 1921 1922
f 2114 1924 1991
f 2114 1991 1992
f 2107 2114 1992
f 2115 1927 1928
f 2116 2115 1928
f 2116 1928 1929
f 2117 2050 1993
f 2053 1861 1859
f 2055 2118 1860
f 1860 2118 1994
f 1995 2119 1996
f 2120 2000 1999
f 2120 2001 2000
f 2121 2002 2001
f 2002 2122 2058
f 2123 2004 2003
f 2124 2004 2123
f 2124 1997 2004
f 2059 1997 2124
f 2125 1933 1932
f 2061 1998 1801
f 2001 2120 2121
f 1934 1933 2126
f 1935 2127 2005
f 2005 2128 2061
f 2009 2131 2070
f 2133 2009 1873
f 2133 1873 1874
f 2135 2007 1936
f 2135 2134 2007
f 2136 1936 2008
f 2136 2135 1936
f 2063 2136 2008
f 2129 2063 2064
f 2130 2064 2065
f 2011 2074 1944
f 2076 2075 1946
f 2138 2137 1881
f 1881 2139 1947
f 2079 2141 2080
f 2141 2081 2080
f 1954 2142 2084
f 2142 2085 2084
f 2085 2143 1956
f 2143 1957 1956
f 1881 2013 2138
f 1948 2140 1949
f 1949 2140 2014
f 2014 2140 2015
f 1957 1886 1956
f 1957 2144 1958
f 2016 2145 2012
f 1960 2146 2019
f 2020 2147 1960
f 1887 2087 2086
f 2019 2145 2016
f 2148 2020 2021
f 2088 2021 1823
f 2149 1827 2017
f 2150 2087 2023
f 2089 2151 2088
f 1962 2152 1826
f 1965 1827 2149
f 2155 2028 1892
f 1964 2154 1828
f 2157 1967 2156
f 1968 1967 2157
f 2093 1968 2157
f 2093 2094 1831
f 1832 2159 2032
f 2159 1832 2096
f 2097 1899 2031
f 1973 2096 1832
f 1973 2098 2096
f 1973 2033 2098
f 2099 1900 2097
f 2160 2100 2099
f 1901 1975 2033
f 2034 1974 2100
f 2161 1976 2034
f 1767 2162 2035
f 1767 2036 2162
f 2163 2037 1978
f 1906 2164 2036
f 2165 2038 2101
f 2043 2042 1905
f 2044 2043 1983
f 2167 1909 1980
f 2168 2044 1984
f 2046 2170 1850
f 1850 2170 1908
f 1908 2170 1984
f 1986 2171 2045
f 1987 1910 2169
f 2167 2052 1909
f 2172 2171 1986
f 2172 1986 1913
f 1913 2048 2172
f 2050 2173 2047
f 2173 2051 2047
f 2109 1988 1989
f 2109 2174 1988
f 2110 2109 1917
f 2110 1917 1918
f 2111 1918 1919
f 2113 2112 1921
f 2175 1922 1923
f 2176 1923 1990
f 2176 2175 1923
f 2176 1990 1924
f 2114 2176 1924
f 2115 2107 1927
f 2177 2116 1929
f 2177 1929 2049
f 2178 1861 2053
f 2118 2054 1994
f 2054 2179 1993
f 2178 1995 1861
f 2180 2119 1995
f 2181 2055 1930
f 1996 2182 1863
f 2056 1863 2182
f 2056 2183 2057
f 2183 1999 2057
f 2121 2184 2002
f 2184 2122 2002
f 2123 2185 2124
f 2124 2186 2059
f 2059 2187 2060
f 2187 2188 2060
f 2060 2188 1932
f 1934 2126 1935
f 2126 2127 1935
f 2127 2128 2005
f 2190 2062 2006
f 2190 2006 2007
f 2007 2134 2190
f 2063 2192 2191
f 2063 2129 2192
f 2064 2193 2129
f 2194 2064 2130
f 2065 2195 2130
f 2196 2065 2066
f 2196 2195 2065
f 2197 2066 2067
f 2197 2067 2068
f 2069 2197 2068
f 2198 2069 2070
f 2132 2131 2009
f 2133 2132 2009
f 2189 2071 1735
f 1735 2062 2189
f 2063 2191 2136
f 2071 2199 1879
f 2199 2200 1942
f 1942 1879 2199
f 2200 1943 1942
f 2073 1943 2200
f 2072 1880 2201
f 2201 1880 2074
f 2202 1945 2073
f 2011 2203 2074
f 2075 2203 2011
f 1947 2139 2077
f 2077 2140 1948
f 2140 2206 2015
f 2208 2079 2078
f 2082 2209 2083
f 2012 2204 2076
f 2149 2017 1741
f 2012 2145 2210
f 2211 2146 1960
f 2147 2211 1960
f 2148 2147 2020
f 1958 2212 2018
f 2145 2019 2146
f 2022 2018 2213
f 2022 2213 2024
f 2214 2026 1826
f 2214 1826 2152
f 2213 2025 2024
f 2153 1891 2025
f 2153 2215 1891
f 1891 2215 2091
f 2154 1962 1828
f 2091 2155 1892
f 1964 2092 2154
f 2028 2156 1966
f 1966 2156 1967
f 2216 1969 1965
f 2029 2030 2092
f 2094 2217 1971
f 2030 1971 2217
f 1972 2095 2090
f 1897 2032 2095
f 1765 2158 2031
f 2218 2031 2158
f 2218 2097 2031
f 2219 2097 2218
f 2099 2097 2219
f 2220 1976 2161
f 2220 1977 1976
f 2164 2221 2036
f 2222 1979 2038
f 2222 2038 2165
f 2165 2101 2223
f 2223 2101 2037
f 2223 2037 2163
f 2163 1978 2039
f 2224 1841 1977
f 2039 2042 2225
f 2224 1980 1841
f 2226 1980 2224
f 2166 2040 2041
f 2166 2041 2102
f 2227 2166 2102
f 2227 2102 1979
f 2103 2228 2105
f 2229 2103 1981
f 2229 2228 2103
f 2167 1980 2226
f 1982 2104 2230
f 2044 2168 2231
f 2230 1910 1982
f 2230 2169 1910
f 2232 2170 2046
f 2170 2233 1984
f 2233 2168 1984
f 2046 2106 2232
f 2234 2052 2167
f 2235 2173 2050
f 2051 2237 1916
f 2236 2237 2051
f 1916 2237 2106
f 2108 2172 2048
f 2174 2108 1988
f 2110 1918 2111
f 2175 2113 1922
f 2238 2114 2107
f 2239 2238 2107
f 2239 2107 2115
f 2177 2115 2116
f 2117 2235 2050
f 2240 2118 2055
f 2118 2179 2054
f 2240 2055 2181
f 2181 1930 2241
f 1996 2119 2182
f 2242 1930 1998
f 2243 1998 2061
f 2243 2242 1998
f 2244 2121 2120
f 2122 2245 2058
f 1932 2188 2125
f 1933 2125 2126
f 2125 2247 2126
f 2248 2190 2134
f 2249 2248 2134
f 2193 2192 2129
f 2194 2193 2064
f 2194 2130 2195
f 2196 2066 2197
f 2251 2197 2069
f 2251 2069 2198
f 2131 2198 2070
f 2252 2132 2133
f 2253 2133 1874
f 2253 2252 2133
f 2010 2253 1874
f 2254 1945 2202
f 2255 2075 2076
f 2076 2204 2255
f 2254 1741 1945
f 2137 2139 1881
f 2139 2205 2077
f 2205 2140 2077
f 2206 2207 2015
f 2207 2208 2015
f 2015 2208 2078
f 2208 2256 2079
f 2256 2141 2079
f 2081 2209 2082
f 2209 2257 2083
f 2083 2257 1954
f 2257 2142 1954
f 2143 2258 1957
f 2254 2149 1741
f 2086 2138 2013
f 1958 2144 2259
f 2260 2210 2145
f 2146 2260 2145
f 2261 2211 2147
f 2259 2212 1958
f 2148 2021 2262
f 2212 2213 2018
f 2088 2262 2021
f 2089 2026 2151
f 2023 2263 2150
f 2025 2264 2153
f 2215 2153 2264
f 1962 2154 2152
f 2027 2263 2023
f 2266 2156 2265
f 2090 2263 2027
f 2266 2157 2156
f 2267 2030 2217
f 2092 2030 2267
f 2268 1969 2216
f 2268 1765 1969
f 2158 1765 2268
f 2032 2269 2095
f 2032 2159 2269
f 2272 2099 2219
f 2033 2271 2098
f 2160 2099 2272
f 2100 2160 2273
f 2273 2034 2100
f 2161 2034 2273
f 2163 2039 2274
f 2039 2225 2274
f 2275 1981 2040
f 2166 2275 2040
f 2222 2227 1979
f 2277 2104 2105
f 2277 2276 2104
f 2278 2277 2105
f 2278 2105 2228
f 2279 2228 2229
f 2043 2044 2280
f 2280 2044 2231
f 2045 2281 1985
f 2232 2233 2170
f 2171 2281 2045
f 2106 2283 2232
f 2282 2049 1987
f 2282 1987 2169
f 2284 2236 2173
f 2173 2236 2051
f 2285 2109 2110
f 2286 2285 2110
f 2286 2110 2111
f 2287 2111 2112
f 2287 2286 2111
f 2113 2287 2112
f 2288 2113 2175
f 2289 2288 2175
f 2176 2289 2175
f 2290 2176 2114
f 2291 2290 2114
f 2292 2291 2114
f 2292 2114 2238
f 2294 2239 2115
f 2294 2293 2239
f 2294 2115 2177
f 2296 2177 2049
f 2296 2295 2177
f 2053 2052 2234
f 2118 2240 2298
f 2298 2179 2118
f 2179 2299 1993
f 2117 1993 2299
f 2242 2241 1930
f 2182 2301 2056
f 2301 2302 2056
f 2302 2183 2056
f 2183 2244 1999
f 1999 2244 2120
f 2245 2003 2058
f 2003 2304 2123
f 2303 2304 2003
f 2124 2185 2186
f 2186 2246 2059
f 2059 2246 2187
f 2247 2305 2126
f 2126 2305 2127
f 2127 2306 2128
f 2306 2061 2128
f 2249 2134 2135
f 2250 2135 2136
f 2307 2136 2191
f 2307 2250 2136
f 2308 2194 2195
f 2196 2308 2195
f 2309 2196 2197
f 2309 2197 2251
f 2310 2253 2010
f 2310 2010 2311
f 2311 2010 2072
f 2311 2072 2312
f 2313 2200 2199
f 2314 2073 2200
f 2315 2072 2201
f 2314 2202 2073
f 2316 2074 2203
f 2316 2203 2075
f 2317 2316 2075
f 2075 2255 2317
f 2205 2318 2140
f 2318 2206 2140
f 2256 2319 2141
f 2319 2320 2141
f 2141 2320 2081
f 2320 2209 2081
f 2142 2321 2085
f 2085 2258 2143
f 2321 2258 2085
f 1957 2258 2144
f 2012 2210 2204
f 2322 2147 2148
f 2322 2261 2147
f 2259 2323 2212
f 2323 2213 2212
f 2325 2151 2026
f 2026 2214 2325
f 2324 2025 2213
f 2152 2154 2326
f 2154 2327 2326
f 2215 2328 2091
f 2028 2265 2156
f 2093 2329 2094
f 2157 2329 2093
f 2094 2330 2217
f 2330 2267 2217
f 2331 2219 2270
f 2332 2271 2333
f 2033 2334 2271
f 2335 2160 2272
f 2033 2336 2334
f 1975 2336 2033
f 2337 2273 2160
f 2338 2161 2273
f 2035 2162 1975
f 2338 2220 2161
f 2224 1977 2220
f 2165 2223 2339
f 2340 2223 2163
f 2163 2274 2340
f 2222 2165 2339
f 2341 2226 2224
f 2275 2166 2227
f 2042 2342 2225
f 2164 1906 2343
f 2344 2229 1981
f 2043 2342 2042
f 2279 2278 2228
f 1985 2281 1906
f 2104 2345 2230
f 2104 2276 2345
f 2232 2346 2233
f 2233 2347 2168
f 2168 2347 2231
f 2106 2237 2283
f 2348 2172 2108
f 2349 2174 2109
f 2285 2349 2109
f 2350 2287 2113
f 2288 2350 2113
f 2290 2289 2176
f 2351 2292 2238
f 2351 2238 2293
f 2239 2293 2238
f 2177 2295 2294
f 2282 2296 2049
f 2297 2235 2117
f 2300 2240 2181
f 2182 2352 2301
f 2244 2184 2121
f 2184 2245 2122
f 2245 2303 2003
f 2304 2185 2123
f 2188 2247 2125
f 2305 2306 2127
f 2190 2355 2062
f 2356 2249 2135
f 2356 2135 2250
f 2307 2191 2192
f 2357 2307 2192
f 2358 2192 2193
f 2358 2357 2192
f 2358 2193 2194
f 2359 2198 2131
f 2359 2131 2132
f 2071 2189 2354
f 2360 2199 2071
f 2361 2312 2072
f 2361 2072 2315
f 2363 2201 2074
f 2364 2074 2316
f 2364 2363 2074
f 2362 2254 2202
f 2149 2254 2362
f 2137 2365 2139
f 2139 2365 2205
f 2365 2366 2205
f 2205 2366 2318
f 2366 2367 2318
f 2318 2367 2206
f 2206 2368 2207
f 2367 2368 2206
f 2207 2368 2208
f 2368 2369 2208
f 2208 2370 2256
f 2369 2370 2208
f 2256 2370 2319
f 2319 2371 2320
f 2320 2371 2209
f 2371 2372 2209
f 2209 2372 2257
f 2372 2373 2257
f 2257 2374 2142
f 2373 2374 2257
f 2142 2375 2321
f 2374 2375 2142
f 2321 2376 2258
f 2375 2376 2321
f 2086 2377 2138
f 2087 2377 2086
f 2087 2378 2377
f 2150 2378 2087
f 2323 2324 2213
f 2379 2262 2088
f 2151 2379 2088
f 2380 2151 2325
f 2382 1965 2149
f 2214 2381 2325
f 2214 2152 2326
f 2324 2264 2025
f 2264 2383 2215
f 2328 2155 2091
f 2216 1965 2382
f 2028 2155 2265
f 2266 2384 2157
f 2157 2384 2329
f 2329 2330 2094
f 2095 2385 2090
f 2386 2158 2268
f 2269 2387 2385
f 2095 2269 2385
f 2388 2158 2386
f 2159 2387 2269
f 2159 2096 2387
f 2389 2218 2158
f 2096 2098 2390
f 2271 2332 2098
f 2272 2219 2331
f 2334 2333 2271
f 2337 2160 2335
f 2162 2336 1975
f 2391 2224 2220
f 2393 2339 2223
f 2394 2393 2223
f 2340 2394 2223
f 2274 2225 2395
f 2341 2224 2392
f 2221 2164 2343
f 2397 2396 2227
f 2397 2227 2222
f 2342 2395 2225
f 2344 1981 2275
f 2043 2399 2342
f 2341 2167 2226
f 2277 2278 2279
f 2043 2280 2399
f 2282 2169 2230
f 2400 2234 2167
f 2235 2284 2173
f 2237 2401 2283
f 2348 2108 2174
f 2402 2348 2174
f 2402 2174 2349
f 2285 2403 2349
f 2285 2404 2403
f 2404 2286 2405
f 2404 2285 2286
f 2287 2405 2286
f 2287 2406 2405
f 2406 2287 2407
f 2407 2287 2350
f 2288 2289 2408
f 2408 2289 2290
f 2409 2236 2284
f 2411 2290 2291
f 2413 2294 2295
f 2414 2295 2296
f 2234 2178 2053
f 2415 2298 2240
f 2117 2299 2297
f 2416 2119 2180
f 2241 2300 2181
f 2416 2417 2119
f 2182 2119 2417
f 2302 2353 2183
f 2183 2353 2244
f 2353 2418 2244
f 2247 2419 2305
f 2305 2420 2306
f 2306 2421 2061
f 2421 2243 2061
f 2422 2354 2189
f 2422 2189 2062
f 2355 2422 2062
f 2248 2355 2190
f 2423 2358 2194
f 2423 2194 2308
f 2424 2308 2196
f 2425 2309 2251
f 2425 2251 2198
f 2425 2198 2359
f 2252 2359 2132
f 2360 2313 2199
f 2426 2202 2314
f 2363 2315 2201
f 2426 2362 2202
f 2317 2364 2316
f 2255 2204 2317
f 2317 2204 2427
f 2429 2428 2137
f 2432 2370 2369
f 2434 2372 2371
f 2438 2149 2362
f 2138 2429 2137
f 2439 2429 2138
f 2137 2428 2365
f 2365 2428 2430
f 2366 2431 2367
f 2370 2433 2319
f 2319 2433 2371
f 2373 2372 2435
f 2375 2374 2436
f 2437 2376 2375
f 2144 2440 2259
f 2440 2441 2259
f 2442 2146 2211
f 2261 2442 2211
f 2443 2322 2148
f 2441 2323 2259
f 2262 2443 2148
f 2380 2379 2151
f 2438 2382 2149
f 2214 2326 2381
f 2383 2444 2215
f 2444 2328 2215
f 2154 2445 2327
f 2265 2384 2266
f 2092 2445 2154
f 2092 2446 2445
f 2447 2446 2092
f 2447 2092 2267
f 2384 2448 2329
f 2386 2268 2216
f 2096 2449 2387
f 2450 2389 2158
f 2096 2390 2449
f 2389 2219 2218
f 2098 2332 2390
f 2389 2270 2219
f 2451 2272 2331
f 2452 2335 2272
f 2453 2338 2273
f 2391 2220 2338
f 2036 2454 2162
f 2221 2454 2036
f 2391 2392 2224
f 2339 2397 2222
f 2395 2340 2274
f 2341 2392 2455
f 2398 2344 2275
f 2398 2275 2227
f 2457 2277 2279
f 2229 2344 2279
f 2455 2167 2341
f 2281 2456 1906
f 2400 2167 2455
f 2347 2458 2231
f 2283 2346 2232
f 2172 2459 2171
f 2460 2459 2172
f 2461 2172 2348
f 2461 2460 2172
f 2463 2235 2297
f 2409 2464 2236
f 2464 2237 2236
f 2465 2461 2348
f 2465 2348 2462
f 2462 2348 2402
f 2466 2402 2349
f 2466 2349 2403
f 2467 2403 2404
f 2469 2468 2405
f 2469 2405 2406
f 2406 2407 2470
f 2470 2407 2471
f 2471 2407 2350
f 2472 2350 2288
f 2473 2472 2288
f 2473 2288 2408
f 2410 2408 2290
f 2411 2410 2290
f 2474 2291 2292
f 2474 2411 2291
f 2474 2292 2351
f 2412 2351 2293
f 2412 2293 2294
f 2413 2412 2294
f 2475 2413 2295
f 2414 2475 2295
f 2415 2476 2298
f 2417 2352 2182
f 2477 2241 2242
f 2244 2418 2184
f 2184 2478 2245
f 2478 2303 2245
f 2479 2480 2303
f 2303 2480 2304
f 2304 2481 2185
f 2481 2186 2185
f 2246 2482 2187
f 2187 2482 2188
f 2482 2247 2188
f 2242 2243 2477
f 2485 2249 2356
f 2486 2356 2250
f 2487 2250 2307
f 2357 2487 2307
f 2488 2357 2358
f 2423 2488 2358
f 2071 2354 2360
f 2311 2312 2489
f 2489 2312 2361
f 2430 2490 2365
f 2365 2490 2366
f 2490 2431 2366
f 2431 2491 2367
f 2491 2492 2367
f 2367 2492 2368
f 2492 2493 2368
f 2368 2493 2369
f 2493 2432 2369
f 2432 2494 2370
f 2370 2494 2433
f 2494 2495 2433
f 2495 2496 2433
f 2433 2496 2371
f 2496 2434 2371
f 2434 2497 2372
f 2497 2435 2372
f 2373 2435 2374
f 2435 2498 2374
f 2498 2436 2374
f 2436 2437 2375
f 2499 2376 2437
f 2500 2439 2138
f 2499 2258 2376
f 2258 2501 2144
f 2377 2500 2138
f 2501 2440 2144
f 2502 2260 2146
f 2442 2502 2146
f 2443 2262 2379
f 2323 2503 2324
f 2324 2503 2504
f 2381 2326 2505
f 2263 2506 2150
f 2504 2264 2324
f 2326 2327 2505
f 2444 2507 2328
f 2155 2328 2507
f 2155 2507 2508
f 2509 2510 2155
f 2155 2510 2265
f 2265 2510 2384
f 2090 2506 2263
f 2090 2385 2506
f 2511 2267 2330
f 2387 2512 2385
f 2449 2512 2387
f 2450 2158 2388
f 2332 2513 2390
f 2332 2514 2513
f 2333 2514 2332
f 2333 2515 2514
f 2452 2272 2451
f 2334 2515 2333
f 2334 2516 2515
f 2336 2516 2334
f 2516 2336 2517
f 2273 2337 2453
f 2162 2517 2336
f 2518 2338 2453
f 2518 2391 2338
f 2519 2396 2397
f 2398 2520 2344
f 2521 2398 2227
f 2521 2227 2396
f 2456 2343 1906
f 2522 2276 2277
f 2457 2522 2277
f 2458 2280 2231
f 2345 2523 2230
f 2346 2347 2233
f 2523 2282 2230
f 2401 2524 2283
f 2282 2525 2296
f 2235 2526 2284
f 2401 2237 2464
f 2462 2402 2466
f 2403 2467 2466
f 2405 2468 2404
f 2350 2472 2471
f 2408 2410 2473
f 2411 2527 2410
f 2528 2474 2351
f 2528 2351 2412
f 2525 2414 2296
f 2470 2471 2472
f 2527 2411 2474
f 2529 1995 2178
f 2529 2180 1995
f 2416 2180 2529
f 2300 2241 2530
f 2530 2241 2477
f 2302 2531 2353
f 2184 2532 2478
f 2186 2482 2246
f 2482 2483 2247
f 2419 2484 2305
f 2484 2420 2305
f 2421 2477 2243
f 2421 2306 2420
f 2534 2422 2355
f 2535 2248 2249
f 2535 2355 2248
f 2486 2485 2356
f 2487 2486 2250
f 2537 2487 2357
f 2538 2423 2308
f 2424 2538 2308
f 2539 2424 2196
f 2539 2196 2309
f 2425 2539 2309
f 2533 2252 2253
f 2310 2533 2253
f 2540 2489 2361
f 2363 2361 2315
f 2544 2491 2543
f 2545 2491 2544
f 2547 2432 2546
f 2549 2495 2548
f 2550 2434 2496
f 2550 2497 2434
f 2552 2498 2551
f 2317 2427 2364
f 2439 2553 2429
f 2429 2553 2428
f 2553 2554 2428
f 2428 2541 2430
f 2554 2541 2428
f 2430 2541 2490
f 2490 2541 2542
f 2490 2542 2431
f 2542 2543 2431
f 2431 2543 2491
f 2492 2491 2545
f 2492 2545 2493
f 2545 2546 2493
f 2432 2493 2546
f 2432 2548 2494
f 2547 2548 2432
f 2494 2548 2495
f 2495 2549 2496
f 2550 2435 2497
f 2550 2551 2435
f 2435 2551 2498
f 2436 2498 2552
f 2552 2555 2436
f 2436 2555 2437
f 2437 2555 2499
f 2204 2210 2427
f 2501 2258 2499
f 2210 2502 2427
f 2502 2210 2260
f 2261 2556 2442
f 2322 2556 2261
f 2558 2380 2325
f 2381 2558 2325
f 2150 2557 2378
f 2504 2559 2264
f 2264 2560 2383
f 2559 2560 2264
f 2505 2327 2561
f 2445 2561 2327
f 2508 2509 2155
f 2384 2510 2562
f 2446 2563 2445
f 2448 2384 2562
f 2565 2216 2564
f 2329 2511 2330
f 2511 2447 2267
f 2386 2216 2565
f 2388 2386 2565
f 2331 2270 2389
f 2568 2452 2451
f 2568 2335 2452
f 2162 2569 2517
f 2454 2570 2162
f 2571 2454 2221
f 2394 2572 2393
f 2393 2397 2339
f 2571 2221 2343
f 2573 2344 2520
f 2521 2520 2398
f 2399 2574 2342
f 2522 2575 2276
f 2576 2457 2279
f 2279 2344 2576
f 2280 2574 2399
f 2345 2276 2575
f 2458 2579 2280
f 2574 2280 2579
f 2577 2400 2455
f 2281 2578 2456
f 2346 2580 2347
f 2347 2581 2458
f 2580 2581 2347
f 2171 2578 2281
f 2524 2346 2283
f 2459 2578 2171
f 2582 2525 2282
f 2523 2582 2282
f 2463 2526 2235
f 2409 2583 2464
f 2465 2460 2461
f 2584 2465 2462
f 2585 2584 2462
f 2462 2466 2585
f 2586 2467 2404
f 2404 2468 2586
f 2406 2587 2469
f 2406 2470 2587
f 2528 2589 2474
f 2528 2412 2590
f 2591 2413 2475
f 2592 2591 2475
f 2414 2592 2475
f 2593 2178 2234
f 2594 2585 2466
f 2594 2466 2467
f 2586 2594 2467
f 2587 2468 2469
f 2587 2586 2468
f 2595 2587 2470
f 2595 2470 2472
f 2588 2472 2473
f 2588 2595 2472
f 2588 2473 2410
f 2596 2410 2527
f 2596 2588 2410
f 2596 2527 2474
f 2589 2596 2474
f 2412 2413 2591
f 2590 2412 2591
f 2298 2476 2179
f 2476 2299 2179
f 2593 2529 2178
f 2300 2415 2240
f 2301 2352 2597
f 2597 2302 2301
f 2353 2598 2418
f 2531 2598 2353
f 2598 2599 2418
f 2418 2599 2184
f 2599 2532 2184
f 2478 2479 2303
f 2480 2481 2304
f 2481 2600 2186
f 2600 2482 2186
f 2483 2419 2247
f 2421 2602 2477
f 2421 2420 2601
f 2359 2252 2603
f 2252 2533 2603
f 2536 2535 2249
f 2536 2249 2485
f 2488 2537 2357
f 2604 2425 2359
f 2605 2604 2359
f 2606 2533 2310
f 2311 2606 2310
f 2607 2311 2489
f 2608 2361 2363
f 2363 2364 2608
f 2609 2549 2548
f 2610 2550 2496
f 2611 2552 2551
f 2364 2427 2612
f 2553 2613 2554
f 2554 2614 2541
f 2541 2614 2542
f 2542 2615 2543
f 2614 2615 2542
f 2543 2615 2544
f 2544 2546 2545
f 2546 2616 2547
f 2548 2547 2609
f 2549 2609 2617
f 2549 2617 2496
f 2496 2617 2610
f 2610 2618 2550
f 2618 2619 2550
f 2550 2619 2551
f 2551 2619 2611
f 2552 2611 2555
f 2611 2620 2555
f 2555 2620 2499
f 2499 2621 2501
f 2501 2621 2440
f 2622 2442 2556
f 2378 2623 2377
f 2440 2624 2441
f 2624 2323 2441
f 2443 2379 2625
f 2557 2623 2378
f 2626 2379 2380
f 2558 2627 2380
f 2628 2558 2381
f 2629 2382 2438
f 2383 2560 2444
f 2629 2216 2382
f 2629 2564 2216
f 2447 2563 2446
f 2385 2566 2506
f 2329 2630 2511
f 2512 2566 2385
f 2633 2331 2389
f 2514 2634 2513
f 2451 2331 2633
f 2635 2335 2568
f 2516 2636 2515
f 2635 2337 2335
f 2635 2453 2337
f 2570 2569 2162
f 2393 2519 2397
f 2519 2521 2396
f 2342 2637 2395
f 2573 2576 2344
f 2574 2637 2342
f 2638 2522 2457
f 2345 2575 2639
f 2640 2580 2346
f 2458 2581 2579
f 2641 2234 2400
f 2642 2459 2460
f 2642 2460 2643
f 2284 2644 2409
f 2526 2644 2284
f 2644 2583 2409
f 2401 2464 2583
f 2643 2460 2465
f 2645 2643 2465
f 2645 2465 2584
f 2585 2645 2584
f 2594 2586 2646
f 2586 2648 2647
f 2587 2649 2648
f 2587 2595 2649
f 2588 2650 2595
f 2652 2651 2588
f 2589 2653 2596
f 2590 2589 2528
f 2591 2654 2590
f 2463 2297 2655
f 2648 2586 2587
f 2652 2588 2596
f 2476 2656 2299
f 2297 2299 2655
f 2655 2299 2656
f 2657 2415 2300
f 2658 2416 2529
f 2657 2530 2659
f 2300 2530 2657
f 2417 2660 2352
f 2597 2352 2660
f 2597 2661 2302
f 2661 2531 2302
f 2480 2662 2481
f 2662 2600 2481
f 2600 2663 2482
f 2664 2483 2482
f 2483 2665 2419
f 2419 2665 2484
f 2602 2421 2601
f 2422 2666 2354
f 2668 2667 2534
f 2668 2534 2355
f 2669 2486 2487
f 2670 2488 2423
f 2538 2670 2423
f 2671 2538 2424
f 2539 2671 2424
f 2672 2539 2425
f 2607 2606 2311
f 2360 2666 2673
f 2360 2354 2666
f 2674 2360 2673
f 2674 2313 2360
f 2675 2607 2489
f 2674 2200 2313
f 2540 2361 2608
f 2676 2608 2364
f 2612 2676 2364
f 2612 2427 2677
f 2678 2553 2439
f 2678 2613 2553
f 2554 2679 2614
f 2615 2680 2544
f 2544 2680 2546
f 2680 2681 2546
f 2546 2681 2616
f 2681 2682 2616
f 2616 2682 2547
f 2682 2609 2547
f 2617 2683 2610
f 2683 2618 2610
f 2618 2684 2619
f 2619 2685 2611
f 2684 2685 2619
f 2685 2686 2611
f 2611 2686 2620
f 2686 2687 2620
f 2500 2678 2439
f 2687 2499 2620
f 2688 2556 2322
f 2443 2688 2322
f 2625 2689 2443
f 2624 2503 2323
f 2690 2625 2379
f 2626 2690 2379
f 2627 2626 2380
f 2506 2557 2150
f 2506 2691 2557
f 2445 2692 2561
f 2510 2693 2562
f 2563 2692 2445
f 2566 2691 2506
f 2562 2694 2448
f 2566 2695 2691
f 2564 2631 2565
f 2390 2567 2449
f 2515 2696 2514
f 2636 2696 2515
f 2517 2636 2516
f 2635 2697 2453
f 2697 2518 2453
f 2571 2570 2454
f 2698 2392 2391
f 2700 2519 2393
f 2572 2700 2393
f 2395 2699 2340
f 2699 2395 2637
f 2521 2701 2520
f 2576 2638 2457
f 2578 2702 2456
f 2345 2704 2523
f 2581 2703 2579
f 2704 2582 2523
f 2524 2705 2346
f 2705 2640 2346
f 2459 2642 2578
f 2711 2526 2463
f 2645 2706 2643
f 2645 2707 2706
f 2707 2645 2585
f 2707 2585 2708
f 2708 2585 2594
f 2594 2646 2708
f 2712 2646 2586
f 2648 2709 2647
f 2709 2648 2649
f 2713 2709 2649
f 2713 2649 2595
f 2650 2713 2595
f 2650 2588 2651
f 2714 2596 2653
f 2715 2653 2589
f 2716 2589 2590
f 2717 2591 2592
f 2710 2592 2414
f 2414 2525 2710
f 2593 2234 2641
f 2477 2659 2530
f 2602 2659 2477
f 2532 2718 2478
f 2478 2719 2479
f 2479 2719 2480
f 2719 2720 2480
f 2480 2720 2662
f 2663 2721 2482
f 2482 2721 2664
f 2667 2422 2534
f 2722 2668 2355
f 2535 2722 2355
f 2536 2485 2486
f 2723 2669 2487
f 2723 2487 2537
f 2537 2488 2670
f 2724 2670 2538
f 2671 2724 2538
f 2672 2725 2539
f 2604 2672 2425
f 2675 2726 2607
f 2489 2540 2675
f 2540 2608 2727
f 2728 2727 2608
f 2676 2728 2608
f 2677 2676 2612
f 2729 2609 2682
f 2729 2617 2609
f 2730 2618 2683
f 2731 2677 2427
f 2427 2502 2731
f 2613 2678 2733
f 2613 2733 2679
f 2613 2679 2554
f 2614 2679 2734
f 2614 2734 2615
f 2615 2734 2680
f 2617 2729 2683
f 2618 2730 2684
f 2687 2735 2499
f 2499 2735 2621
f 2502 2736 2731
f 2737 2362 2732
f 2377 2738 2500
f 2621 2739 2440
f 2622 2502 2442
f 2622 2740 2502
f 2689 2688 2443
f 2737 2438 2362
f 2623 2738 2377
f 2739 2624 2440
f 2741 2438 2737
f 2628 2627 2558
f 2741 2629 2438
f 2381 2742 2628
f 2444 2743 2507
f 2560 2743 2444
f 2743 2508 2507
f 2509 2744 2510
f 2744 2693 2510
f 2562 2693 2745
f 2694 2746 2448
f 2448 2630 2329
f 2746 2630 2448
f 2630 2447 2511
f 2747 2565 2631
f 2388 2565 2747
f 2747 2450 2388
f 2748 2389 2450
f 2390 2749 2567
f 2632 2389 2748
f 2750 2389 2632
f 2633 2389 2750
f 2751 2451 2633
f 2753 2451 2751
f 2514 2696 2752
f 2753 2568 2451
f 2753 2635 2568
f 2698 2391 2518
f 2755 2392 2698
f 2756 2394 2340
f 2340 2699 2756
f 2755 2455 2392
f 2571 2343 2757
f 2759 2758 2521
f 2519 2759 2521
f 2520 2701 2573
f 2758 2701 2521
f 2574 2760 2637
f 2456 2702 2343
f 2760 2574 2579
f 2578 2761 2702
f 2639 2704 2345
f 2762 2525 2582
f 2711 2763 2526
f 2764 2526 2763
f 2764 2644 2526
f 2765 2524 2401
f 2766 2642 2643
f 2706 2766 2643
f 2708 2706 2707
f 2646 2712 2708
f 2647 2712 2586
f 2647 2767 2712
f 2767 2647 2709
f 2650 2651 2768
f 2596 2651 2652
f 2715 2714 2653
f 2716 2715 2589
f 2654 2716 2590
f 2769 2654 2591
f 2717 2769 2591
f 2710 2717 2592
f 2593 2658 2529
f 2659 2770 2657
f 2658 2417 2416
f 2597 2660 2771
f 2771 2661 2597
f 2598 2772 2599
f 2599 2718 2532
f 2718 2773 2478
f 2773 2719 2478
f 2720 2774 2662
f 2775 2776 2483
f 2483 2776 2665
f 2776 2777 2665
f 2484 2778 2420
f 2422 2779 2666
f 2667 2779 2422
f 2780 2722 2535
f 2536 2780 2535
f 2781 2536 2486
f 2781 2486 2669
f 2782 2723 2537
f 2782 2537 2670
f 2725 2671 2539
f 2784 2725 2672
f 2604 2785 2672
f 2603 2605 2359
f 2786 2603 2533
f 2606 2786 2533
f 2674 2787 2200
f 2787 2314 2200
f 2788 2314 2787
f 2788 2426 2314
f 2426 2732 2362
f 2733 2789 2679
f 2789 2790 2679
f 2679 2790 2734
f 2790 2791 2734
f 2791 2792 2734
f 2734 2792 2680
f 2680 2792 2681
f 2792 2793 2681
f 2681 2793 2682
f 2793 2794 2682
f 2682 2794 2729
f 2794 2795 2729
f 2729 2795 2683
f 2795 2796 2683
f 2683 2796 2730
f 2796 2797 2730
f 2730 2797 2684
f 2684 2797 2685
f 2797 2798 2685
f 2685 2798 2686
f 2798 2799 2686
f 2686 2799 2687
f 2799 2735 2687
f 2735 2739 2621
f 2740 2736 2502
f 2801 2742 2381
f 2381 2505 2801
f 2504 2802 2559
f 2559 2803 2560
f 2561 2801 2505
f 2803 2743 2560
f 2508 2804 2509
f 2805 2744 2509
f 2744 2745 2693
f 2745 2694 2562
f 2747 2631 2564
f 2449 2806 2512
f 2567 2806 2449
f 2513 2749 2390
f 2513 2634 2749
f 2514 2807 2634
f 2750 2751 2633
f 2752 2807 2514
f 2753 2808 2635
f 2636 2517 2809
f 2808 2697 2635
f 2569 2809 2517
f 2569 2810 2809
f 2812 2697 2811
f 2698 2518 2812
f 2571 2813 2570
f 2571 2754 2813
f 2572 2814 2700
f 2394 2814 2572
f 2815 2759 2700
f 2816 2455 2755
f 2701 2817 2573
f 2519 2700 2759
f 2816 2577 2455
f 2573 2818 2576
f 2819 2575 2522
f 2820 2819 2522
f 2820 2522 2638
f 2818 2820 2638
f 2818 2638 2576
f 2640 2705 2821
f 2640 2822 2580
f 2822 2703 2580
f 2580 2703 2581
f 2824 2823 2524
f 2705 2524 2823
f 2765 2824 2524
f 2766 2706 2708
f 2825 2766 2708
f 2825 2708 2712
f 2767 2825 2712
f 2826 2767 2709
f 2827 2826 2709
f 2827 2709 2713
f 2828 2827 2713
f 2828 2713 2650
f 2828 2650 2768
f 2596 2829 2651
f 2714 2829 2596
f 2762 2710 2525
f 2763 2711 2463
f 2764 2830 2644
f 2830 2583 2644
f 2654 2769 2716
f 2655 2763 2463
f 2831 2593 2641
f 2770 2832 2415
f 2415 2657 2770
f 2770 2659 2833
f 2658 2834 2417
f 2660 2417 2834
f 2835 2661 2771
f 2661 2836 2531
f 2835 2836 2661
f 2836 2772 2531
f 2531 2772 2598
f 2773 2720 2719
f 2662 2837 2600
f 2837 2838 2600
f 2600 2838 2663
f 2663 2839 2721
f 2721 2840 2664
f 2664 2775 2483
f 2665 2778 2484
f 2778 2601 2420
f 2841 2602 2601
f 2843 2667 2668
f 2844 2780 2536
f 2781 2844 2536
f 2845 2669 2723
f 2847 2846 2723
f 2847 2723 2782
f 2848 2670 2783
f 2783 2670 2724
f 2725 2849 2671
f 2785 2784 2672
f 2850 2785 2604
f 2850 2604 2605
f 2726 2606 2607
f 2851 2674 2673
f 2675 2540 2726
f 2852 2726 2540
f 2852 2540 2727
f 2854 2852 2727
f 2728 2854 2727
f 2853 2732 2426
f 2855 2678 2500
f 2855 2733 2678
f 2789 2856 2790
f 2790 2857 2791
f 2857 2858 2791
f 2791 2858 2792
f 2858 2859 2792
f 2859 2860 2792
f 2792 2860 2793
f 2795 2861 2796
f 2861 2862 2796
f 2862 2797 2796
f 2798 2863 2799
f 2864 2739 2735
f 2738 2855 2500
f 2867 2622 2556
f 2688 2867 2556
f 2865 2868 2739
f 2868 2624 2739
f 2869 2800 2624
f 2503 2624 2800
f 2870 2626 2627
f 2627 2628 2870
f 2871 2623 2557
f 2504 2800 2872
f 2503 2800 2504
f 2742 2870 2628
f 2872 2802 2504
f 2559 2802 2803
f 2873 2801 2561
f 2561 2692 2873
f 2743 2804 2508
f 2509 2804 2805
f 2563 2874 2692
f 2875 2694 2745
f 2876 2563 2447
f 2874 2563 2876
f 2746 2877 2630
f 2630 2878 2447
f 2877 2878 2630
f 2876 2447 2878
f 2566 2512 2695
f 2806 2695 2512
f 2450 2747 2748
f 2879 2632 2748
f 2812 2518 2697
f 2570 2813 2569
f 2880 2698 2812
f 2756 2814 2394
f 2756 2699 2881
f 2757 2754 2571
f 2815 2882 2759
f 2699 2637 2881
f 2817 2883 2573
f 2884 2817 2701
f 2758 2884 2701
f 2760 2881 2637
f 2883 2818 2573
f 2760 2579 2885
f 2885 2579 2886
f 2887 2704 2639
f 2639 2575 2887
f 2579 2703 2886
f 2823 2821 2705
f 2821 2822 2640
f 2641 2400 2577
f 2578 2888 2761
f 2704 2762 2582
f 2642 2888 2578
f 2642 2889 2888
f 2891 2764 2763
f 2889 2642 2766
f 2892 2766 2825
f 2893 2892 2825
f 2894 2825 2767
f 2826 2894 2767
f 2895 2826 2827
f 2896 2827 2828
f 2829 2768 2651
f 2716 2714 2715
f 2897 2716 2769
f 2710 2899 2717
f 2890 2710 2762
f 2830 2765 2583
f 2401 2583 2765
f 2900 2763 2655
f 2832 2476 2415
f 2832 2901 2476
f 2901 2656 2476
f 2655 2656 2900
f 2660 2834 2902
f 2902 2771 2660
f 2659 2602 2833
f 2835 2903 2836
f 2772 2904 2599
f 2599 2904 2718
f 2906 2774 2720
f 2774 2837 2662
f 2840 2775 2664
f 2778 2907 2601
f 2907 2841 2601
f 2843 2842 2667
f 2722 2843 2668
f 2780 2908 2722
f 2909 2780 2844
f 2910 2844 2781
f 2911 2910 2781
f 2669 2911 2781
f 2846 2845 2723
f 2848 2782 2670
f 2671 2783 2724
f 2913 2725 2784
f 2914 2850 2605
f 2914 2605 2603
f 2786 2914 2603
f 2666 2851 2673
f 2674 2851 2787
f 2676 2854 2728
f 2677 2731 2915
f 2733 2916 2789
f 2917 2918 2793
f 2793 2918 2794
f 2794 2919 2795
f 2862 2920 2797
f 2863 2735 2799
f 2731 2736 2921
f 2736 2740 2923
f 2921 2736 2923
f 2740 2866 2923
f 2866 2740 2924
f 2924 2740 2622
f 2867 2924 2622
f 2922 2737 2732
f 2623 2925 2738
f 2869 2624 2868
f 2689 2625 2926
f 2623 2871 2925
f 2690 2926 2625
f 2927 2626 2870
f 2691 2871 2557
f 2691 2928 2871
f 2629 2741 2929
f 2803 2930 2743
f 2930 2804 2743
f 2929 2564 2629
f 2804 2931 2805
f 2744 2875 2745
f 2875 2746 2694
f 2932 2564 2929
f 2877 2746 2933
f 2932 2747 2564
f 2567 2934 2806
f 2879 2750 2632
f 2935 2751 2750
f 2935 2753 2751
f 2636 2752 2696
f 2811 2697 2808
f 2936 2700 2814
f 2937 2757 2343
f 2702 2937 2343
f 2819 2887 2575
f 2820 2939 2819
f 2887 2940 2704
f 2941 2942 2703
f 2886 2703 2942
f 2944 2702 2761
f 2821 2945 2822
f 2822 2941 2703
f 2943 2641 2577
f 2762 2704 2946
f 2947 2891 2763
f 2891 2830 2764
f 2824 2765 2948
f 2949 2894 2826
f 2895 2949 2826
f 2950 2895 2827
f 2951 2827 2896
f 2896 2828 2768
f 2952 2768 2829
f 2952 2829 2714
f 2898 2897 2769
f 2898 2769 2717
f 2954 2898 2717
f 2899 2954 2717
f 2890 2899 2710
f 2901 2900 2656
f 2955 2658 2593
f 2833 2956 2770
f 2833 2602 2957
f 2957 2602 2958
f 2903 2959 2836
f 2836 2959 2772
f 2904 2905 2718
f 2905 2773 2718
f 2773 2906 2720
f 2906 2961 2774
f 2663 2962 2839
f 2839 2963 2721
f 2840 2776 2775
f 2665 2777 2778
f 2841 2958 2602
f 2842 2779 2667
f 2722 2908 2843
f 2780 2909 2908
f 2845 2912 2669
f 2849 2964 2671
f 2913 2849 2725
f 2965 2784 2785
f 2966 2786 2606
f 2842 2843 2908
f 2908 2909 2968
f 2969 2966 2606
f 2969 2606 2726
f 2970 2426 2788
f 2970 2853 2426
f 2733 2855 2971
f 2916 2856 2789
f 2856 2857 2790
f 2857 2972 2858
f 2860 2917 2793
f 2918 2973 2794
f 2973 2919 2794
f 2795 2919 2861
f 2920 2798 2797
f 2921 2915 2731
f 2738 2974 2855
f 2864 2865 2739
f 2923 2975 2921
f 2976 2867 2688
f 2688 2689 2976
f 2866 2975 2923
f 2926 2976 2689
f 2977 2926 2690
f 2977 2690 2626
f 2927 2977 2626
f 2978 2927 2870
f 2978 2870 2742
f 2872 2979 2802
f 2980 2742 2801
f 2802 2981 2803
f 2803 2981 2930
f 2874 2873 2692
f 2695 2982 2691
f 2878 2983 2876
f 2876 2983 2874
f 2746 2985 2933
f 2984 2985 2746
f 2933 2878 2877
f 2695 2806 2934
f 2986 2748 2747
f 2567 2987 2934
f 2749 2987 2567
f 2935 2988 2753
f 2636 2809 2752
f 2988 2808 2753
f 2813 2989 2569
f 2991 2936 2814
f 2756 2991 2814
f 2993 2882 2815
f 2815 2700 2936
f 2881 2992 2756
f 2759 2884 2758
f 2760 2994 2881
f 2760 2885 2994
f 2938 2577 2816
f 2820 2995 2939
f 2995 2820 2818
f 2995 2818 2883
f 2996 2944 2761
f 2822 2945 2941
f 2761 2888 2996
f 2948 2823 2824
f 2890 2762 2946
f 2997 2889 2766
f 2892 2997 2766
f 2894 2893 2825
f 2951 2950 2827
f 2998 2768 2952
f 2714 2999 2952
f 2999 2714 2716
f 3000 2953 2716
f 2897 3000 2716
f 2947 2763 2900
f 2770 2956 2832
f 3003 2956 2833
f 2957 3003 2833
f 3004 2903 2835
f 2772 2960 2904
f 2905 3005 2773
f 3005 2906 2773
f 2961 3006 2774
f 3006 3007 2774
f 3007 2837 2774
f 2838 2962 2663
f 2963 2840 2721
f 2777 3008 2778
f 3008 2907 2778
f 2850 3010 3009
f 2850 2914 3010
f 3011 2914 2786
f 3011 3010 2914
f 3011 2786 2966
f 2779 2967 2666
f 2842 2967 2779
f 2968 2909 2844
f 3012 2844 2910
f 2911 3012 2910
f 2912 2911 2669
f 3013 2845 2846
f 2847 3013 2846
f 2848 2847 2782
f 2964 2783 2671
f 2965 2913 2784
f 2965 2785 3009
f 3009 2785 2850
f 2851 2666 2967
f 3014 2726 2852
f 3014 2852 2854
f 3016 3015 2854
f 3016 2854 2676
f 2915 2676 2677
f 2915 3016 2676
f 2971 3017 2733
f 2733 3017 2916
f 2856 3018 2857
f 3018 2972 2857
f 2972 3019 2858
f 2858 3019 2859
f 2859 3019 3020
f 2859 3020 2860
f 3020 2917 2860
f 3021 2918 2917
f 2918 3021 2973
f 2919 3022 2861
f 3022 3023 2861
f 2861 3023 2862
f 2862 3023 2920
f 2920 3024 2798
f 2798 3024 2863
f 3025 2863 3024
f 2863 3025 2735
f 3025 2864 2735
f 2855 2974 2971
f 2924 2867 2976
f 3026 2737 2922
f 2871 3027 2925
f 2800 2979 2872
f 3029 2978 2742
f 2980 3029 2742
f 2691 3030 2928
f 2744 2805 3031
f 3031 2875 2744
f 2875 2984 2746
f 3032 2984 2875
f 2934 3033 2695
f 2986 2879 2748
f 2749 2634 3035
f 2807 3035 2634
f 2752 3035 2807
f 3036 2988 2935
f 2988 3037 2808
f 3037 2811 2808
f 2811 3038 2812
f 2569 2989 2810
f 2813 3039 2989
f 2880 3040 2698
f 2756 3041 2991
f 2992 3041 2756
f 3042 2816 2755
f 2993 2815 2936
f 2881 2994 2992
f 2757 2990 2754
f 2757 2937 2990
f 2883 2817 3043
f 2759 2882 2884
f 2816 3042 2938
f 2885 3044 2994
f 2887 2819 3045
f 3045 2819 2939
f 3046 2942 2941
f 2886 2942 3046
f 2943 2577 2938
f 2887 3045 2940
f 2704 2940 3048
f 2823 3047 2821
f 2945 2821 3047
f 2996 2888 3050
f 2946 2704 3048
f 3049 2641 2943
f 2888 2889 3050
f 2889 2997 3050
f 2946 2899 2890
f 2947 3052 2891
f 2891 3053 2830
f 2830 3054 2765
f 2948 2765 3054
f 2831 2641 3049
f 3055 2997 2892
f 3056 2892 2893
f 3056 3055 2892
f 3056 2893 2894
f 3051 3056 2894
f 2894 3057 3051
f 2949 3057 2894
f 3057 2949 2895
f 2950 3057 2895
f 2998 2896 2768
f 2999 2998 2952
f 2953 2999 2716
f 3000 2897 2898
f 2954 3058 2898
f 3001 2900 2901
f 2955 2593 2831
f 3059 2832 2956
f 3002 2832 3059
f 2832 3002 2901
f 3060 2658 2955
f 3003 3059 2956
f 3060 2834 2658
f 3003 2957 3062
f 2902 3061 2771
f 2771 3004 2835
f 3061 3004 2771
f 2960 2772 2959
f 3063 2904 2960
f 3063 2905 2904
f 3063 3005 2905
f 2957 2958 3062
f 2837 3007 2838
f 2840 3065 2776
f 2776 3065 2777
f 3065 3008 2777
f 3008 3066 2907
f 2907 3064 2841
f 2958 2841 3064
f 2968 3067 2908
f 3069 2968 2844
f 3069 3068 2968
f 3012 3069 2844
f 2912 3012 2911
f 3070 2912 2845
f 3013 3070 2845
f 2964 2848 2783
f 2967 3071 2851
f 3071 2787 2851
f 3072 3014 2854
f 3015 3072 2854
f 2922 2732 3073
f 3074 3024 2920
f 3075 2916 3017
f 2916 3076 2856
f 2856 3076 3018
f 3020 3077 2917
f 3021 3079 2973
f 3022 3080 3023
f 3023 3081 2920
f 3024 3074 3082
f 3024 3083 3025
f 2921 2975 3084
f 2925 2974 2738
f 3085 2975 2866
f 2924 3085 2866
f 2868 3086 2869
f 3086 3028 2869
f 2869 3028 2800
f 3026 2741 2737
f 2871 2928 3087
f 3028 2979 2800
f 2929 2741 3026
f 3030 3087 2928
f 2980 2801 2873
f 2979 2981 2802
f 2982 3030 2691
f 2930 2931 2804
f 2874 3088 2873
f 2931 3031 2805
f 2983 3088 2874
f 2875 3031 3032
f 3089 2932 2929
f 2695 3033 2982
f 2985 3091 2933
f 2933 3092 2878
f 3091 3092 2933
f 2983 2878 3092
f 3034 2747 2932
f 3033 2934 3093
f 2987 3093 2934
f 3034 3094 2747
f 3094 2986 2747
f 2879 2986 3095
f 2749 3096 2987
f 3096 2749 3035
f 2750 2879 3095
f 3095 2935 2750
f 2752 3097 3035
f 2752 2809 3097
f 3038 2811 3037
f 3038 2880 2812
f 2754 3039 2813
f 2754 2990 3039
f 3041 3100 2991
f 3098 2755 2698
f 3042 2755 3098
f 2993 2936 3099
f 3099 2936 2991
f 2884 3104 2817
f 3105 2938 3042
f 3103 2995 2883
f 2885 3106 3044
f 3105 2943 2938
f 2702 2944 2937
f 3046 3106 2886
f 2885 2886 3106
f 2940 3045 3108
f 3110 2945 3047
f 2996 3107 2944
f 3048 2940 3108
f 3047 2823 3109
f 3053 2891 3052
f 3054 3112 2948
f 2823 2948 3112
f 2950 3114 3057
f 2896 3116 3115
f 2998 3117 3116
f 2999 3117 2998
f 2953 3118 2999
f 2954 3119 3058
f 2954 3120 3119
f 2899 3120 2954
f 3052 2947 3111
f 3053 3121 2830
f 3121 3054 2830
f 3114 2950 2951
f 3115 2951 2896
f 3116 2896 2998
f 3000 2898 3058
f 3001 2947 2900
f 3002 3122 2901
f 3122 3001 2901
f 2834 3123 2902
f 3123 3061 2902
f 3126 2903 3125
f 3126 2959 2903
f 2960 2959 3126
f 3005 2961 2906
f 2962 3127 2839
f 3128 2839 3127
f 3065 2840 3128
f 3064 3124 2958
f 3062 2958 3124
f 3007 2962 2838
f 2963 2839 3128
f 2963 3128 2840
f 2907 3066 3064
f 2967 2842 3129
f 3130 3129 2842
f 3130 2842 2908
f 3067 3130 2908
f 3068 3067 2968
f 3131 3012 2912
f 3131 2912 3070
f 3132 3013 2847
f 3133 3132 2847
f 3133 2847 2848
f 3133 2848 2964
f 3134 3133 2964
f 3135 3134 2964
f 3135 2964 2849
f 3135 2849 2913
f 3136 3135 2913
f 3137 3136 2913
f 3137 2913 2965
f 3137 2965 3009
f 3138 3137 3009
f 3010 3138 3009
f 3139 3010 3011
f 3140 3011 2966
f 2969 3140 2966
f 3141 2969 2726
f 2787 3142 2788
f 2787 3071 3142
f 3014 3141 2726
f 3142 2970 2788
f 3143 2732 2853
f 3026 2922 3073
f 2971 2974 3144
f 2971 3075 3017
f 3144 3075 2971
f 3075 3145 2916
f 3145 3146 2916
f 2916 3146 3076
f 3076 3147 3018
f 3018 3148 2972
f 3147 3148 3018
f 3019 3149 3020
f 3020 3149 3077
f 2917 3077 3021
f 3078 3079 3021
f 2973 3150 2919
f 3080 3081 3023
f 3082 3083 3024
f 3083 3151 3025
f 3025 3152 2864
f 2864 3152 2865
f 2925 3153 2974
f 3084 2975 3085
f 3085 2924 3154
f 3155 2924 2976
f 3155 3154 2924
f 3156 3155 2976
f 2976 2926 3156
f 3027 3153 2925
f 2865 3086 2868
f 3157 2926 2977
f 3158 3157 2977
f 3027 2871 3087
f 3160 2977 2927
f 3160 2927 2978
f 3159 2929 3026
f 2981 3161 2930
f 2930 3161 3162
f 2931 3163 3031
f 3031 3163 3164
f 3164 3032 3031
f 3090 3088 2983
f 3092 3090 2983
f 2984 3032 3165
f 2984 3165 3166
f 2984 3166 2985
f 3167 3093 2987
f 3038 3037 2988
f 2810 3097 2809
f 2991 3100 3099
f 3100 3041 3168
f 2992 3168 3041
f 2993 3102 3101
f 3102 2993 3099
f 2882 2993 3101
f 3043 3103 2883
f 3104 2884 2882
f 3103 2939 2995
f 2945 3046 2941
f 3108 3171 3048
f 3110 3047 3109
f 3049 2943 3170
f 3112 3109 2823
f 3050 3172 2996
f 3173 3174 2946
f 2946 3048 3173
f 3175 3052 3111
f 3175 3053 3052
f 3177 3050 2997
f 3055 3177 2997
f 3113 3055 3056
f 3051 3113 3056
f 3178 3051 3057
f 3178 3057 3114
f 3115 3114 2951
f 3118 3117 2999
f 3179 3118 2953
f 3058 2953 3000
f 3119 3180 3058
f 3174 2899 2946
f 3174 3120 2899
f 3049 3176 2831
f 3181 2955 2831
f 3059 3003 3182
f 2834 3060 3123
f 3183 3004 3061
f 3004 3125 2903
f 3184 3063 2960
f 3063 3185 3005
f 3185 3186 3005
f 3005 3186 2961
f 2961 3187 3006
f 3187 3188 3006
f 3006 3188 3007
f 3188 3189 3007
f 3007 3190 2962
f 3189 3190 3007
f 3190 3127 2962
f 3191 3192 3127
f 3127 3192 3128
f 3128 3193 3065
f 3065 3194 3008
f 3193 3194 3065
f 3194 3066 3008
f 3066 3195 3064
f 3070 3013 3131
f 3010 3139 3138
f 2967 3196 3071
f 3197 3196 2967
f 3129 3197 2967
f 3198 3130 3067
f 3200 3131 3013
f 3200 3013 3201
f 3133 3134 3203
f 3143 2853 2970
f 3014 3072 3204
f 3143 3073 2732
f 3205 3072 3015
f 3205 3015 3016
f 3206 3205 3016
f 3206 3016 2915
f 2915 2921 3206
f 3146 3147 3076
f 3148 3019 2972
f 3149 3019 3148
f 3078 3021 3077
f 2919 3150 3080
f 2919 3080 3022
f 3081 3207 2920
f 3074 2920 3207
f 3152 3025 3151
f 3208 3206 2921
f 2921 3084 3208
f 3144 2974 3153
f 3083 3209 3151
f 3152 3086 2865
f 3211 3084 3085
f 3157 3156 2926
f 3212 3213 3028
f 2979 3028 3213
f 3160 3158 2977
f 2978 3214 3160
f 2978 3029 3214
f 3215 3214 3029
f 3216 2980 2873
f 3217 3089 2929
f 2982 3218 3030
f 2981 2979 3161
f 3162 3219 2930
f 2930 3219 2931
f 2931 3219 3163
f 3090 3220 3088
f 3033 3218 2982
f 3033 3221 3218
f 3092 3091 3222
f 3090 3092 3222
f 3093 3167 3033
f 2987 3096 3223
f 3095 3224 2935
f 3225 3035 3097
f 3226 2880 3038
f 3040 2880 3226
f 3039 3227 2989
f 3229 3042 3098
f 2992 3228 3168
f 2992 2994 3228
f 3230 3043 2817
f 2817 3104 3230
f 3231 2882 3101
f 3103 3233 3234
f 3103 3232 3233
f 3232 3103 3043
f 3234 3045 2939
f 3234 3169 3045
f 3234 2939 3103
f 2944 3235 2937
f 3107 3235 2944
f 3108 3045 3169
f 3110 3236 2945
f 2945 3236 3046
f 3171 3173 3048
f 3237 3107 2996
f 2996 3172 3237
f 3175 3111 3239
f 3053 3175 3238
f 3238 3240 3053
f 3240 3121 3053
f 3177 3172 3050
f 3241 3177 3055
f 3242 3055 3113
f 3242 3241 3055
f 3244 3113 3051
f 3244 3243 3113
f 3178 3244 3051
f 3245 3178 3114
f 3246 3245 3114
f 3247 3246 3114
f 3248 3247 3114
f 3115 3248 3114
f 3249 3115 3116
f 3250 3249 3116
f 3251 3116 3117
f 3251 3250 3116
f 3253 3179 2953
f 3253 2953 3058
f 3180 3253 3058
f 3111 2947 3254
f 3255 3001 3122
f 2947 3001 3255
f 3002 3059 3256
f 3059 3182 3256
f 3257 3060 2955
f 3182 3003 3062
f 3258 3126 3125
f 3259 3126 3258
f 3191 3127 3190
f 3125 3004 3183
f 3260 3126 3259
f 3126 3260 2960
f 2960 3260 3184
f 3063 3184 3185
f 2961 3186 3187
f 3128 3192 3193
f 3194 3261 3066
f 3261 3195 3066
f 3195 3124 3064
f 3262 3197 3129
f 3262 3129 3130
f 3198 3262 3130
f 3199 3067 3068
f 3199 3068 3069
f 3263 3069 3012
f 3263 3012 3131
f 3201 3013 3132
f 3202 3132 3133
f 3203 3202 3133
f 3264 3138 3139
f 3011 3264 3139
f 3196 3265 3071
f 3071 3266 3142
f 3265 3266 3071
f 3014 3204 3141
f 3142 3143 2970
f 3267 3075 3144
f 3145 3075 3267
f 3150 2973 3079
f 3268 3206 3208
f 3145 3267 3269
f 3145 3269 3146
f 3146 3269 3270
f 3147 3271 3148
f 3271 3272 3148
f 3148 3273 3149
f 3272 3273 3148
f 3273 3077 3149
f 3077 3274 3078
f 3274 3079 3078
f 3079 3275 3150
f 3150 3276 3080
f 3080 3277 3081
f 3207 3081 3278
f 3207 3278 3074
f 3074 3278 3279
f 3082 3209 3083
f 3152 3210 3086
f 3211 3085 3280
f 3154 3280 3085
f 3210 3281 3086
f 3086 3281 3028
f 3087 3282 3027
f 3281 3212 3028
f 3214 3283 3160
f 3217 2929 3159
f 3087 3030 3284
f 3213 3285 2979
f 3216 3029 2980
f 3218 3284 3030
f 3285 3286 2979
f 2979 3286 3161
f 3216 2873 3287
f 3088 3287 2873
f 3288 2932 3089
f 3032 3164 3165
f 3288 3034 2932
f 3289 3166 3165
f 2985 3166 3290
f 2985 3290 3091
f 3091 3290 3291
f 3291 3222 3091
f 3033 3167 3221
f 3292 3094 3034
f 3223 3167 2987
f 2986 3224 3095
f 3035 3293 3096
f 3225 3293 3035
f 3294 3036 2935
f 2810 3295 3097
f 2989 3295 2810
f 2989 3227 3295
f 3098 2698 3040
f 3100 3297 3099
f 3099 3297 3102
f 3168 3297 3100
f 3102 3296 3101
f 3101 3296 3231
f 3298 3042 3229
f 3104 3299 3230
f 3231 3104 2882
f 3231 3299 3104
f 3044 3300 2994
f 3298 3105 3042
f 3232 3043 3230
f 3234 3302 3169
f 3106 3046 3303
f 3301 2943 3105
f 3108 3169 3171
f 3305 3046 3236
f 3301 3170 2943
f 3110 3109 3304
f 3306 3049 3170
f 3306 3176 3049
f 3253 3310 3179
f 3174 3312 3311
f 3312 3174 3307
f 3307 3174 3173
f 3254 3239 3111
f 3054 3121 3308
f 3054 3308 3112
f 3242 3113 3243
f 3244 3178 3309
f 3309 3178 3245
f 3248 3115 3249
f 3251 3117 3252
f 3252 3117 3118
f 3252 3118 3310
f 3310 3118 3179
f 3119 3120 3311
f 3311 3120 3174
f 3255 3254 2947
f 3176 3181 2831
f 3313 3002 3256
f 3313 3122 3002
f 3256 3182 3314
f 3315 3260 3259
f 3260 3315 3184
f 3186 3316 3187
f 3316 3188 3187
f 3189 3317 3190
f 3317 3318 3190
f 3318 3319 3190
f 3190 3319 3191
f 3192 3320 3193
f 3193 3321 3194
f 3321 3322 3194
f 3194 3322 3261
f 3323 3124 3195
f 3199 3198 3067
f 3324 3069 3263
f 3263 3131 3200
f 3202 3201 3132
f 3325 3134 3135
f 3136 3325 3135
f 3326 3136 3137
f 3328 3327 3137
f 3328 3137 3138
f 3264 3328 3138
f 3140 3264 3011
f 3329 3140 2969
f 2969 3141 3329
f 3330 3329 3141
f 3331 3143 3142
f 3333 3204 3072
f 3333 3072 3205
f 3143 3332 3073
f 3334 3144 3153
f 3267 3144 3334
f 3271 3147 3146
f 3271 3146 3270
f 3335 3077 3273
f 3335 3274 3077
f 3274 3275 3079
f 3276 3150 3275
f 3277 3080 3276
f 3336 3278 3081
f 3336 3081 3277
f 3337 3082 3074
f 3337 3074 3279
f 3209 3082 3337
f 3270 3269 3338
f 3271 3339 3272
f 3276 3275 3341
f 3151 3209 3343
f 3344 3210 3152
f 3154 3155 3280
f 3073 3159 3026
f 3027 3282 3153
f 3345 3157 3158
f 3283 3345 3158
f 3283 3158 3160
f 3214 3346 3283
f 3282 3087 3284
f 3212 3285 3213
f 3347 3215 3029
f 3347 3029 3216
f 3286 3162 3161
f 3219 3162 3349
f 3221 3348 3218
f 3219 3350 3163
f 3163 3351 3164
f 3352 3220 3090
f 3292 3034 3288
f 3164 3289 3165
f 3222 3353 3090
f 3090 3353 3352
f 3166 3289 3354
f 3166 3354 3290
f 3223 3356 3167
f 3224 3294 2935
f 3097 3295 3225
f 2988 3036 3038
f 3040 3226 3098
f 3296 3102 3357
f 3357 3102 3297
f 3297 3168 3358
f 3228 3358 3168
f 3296 3360 3231
f 3228 2994 3359
f 2937 3361 2990
f 3362 3233 3232
f 3305 3303 3046
f 3171 3169 3363
f 3304 3236 3110
f 3305 3236 3364
f 3366 3173 3171
f 3109 3365 3304
f 3366 3307 3173
f 3237 3172 3367
f 3368 3240 3238
f 3240 3308 3121
f 3367 3172 3177
f 3367 3177 3369
f 3177 3370 3369
f 3177 3241 3370
f 3241 3242 3371
f 3372 3242 3243
f 3373 3244 3309
f 3309 3245 3374
f 3374 3245 3246
f 3374 3246 3375
f 3375 3246 3247
f 3248 3376 3247
f 3377 3248 3378
f 3378 3248 3249
f 3378 3249 3250
f 3379 3251 3380
f 3380 3251 3252
f 3380 3252 3310
f 3382 3381 3253
f 3382 3253 3180
f 3180 3119 3382
f 3383 3119 3311
f 3313 3384 3122
f 3255 3122 3384
f 3257 2955 3181
f 3060 3257 3385
f 3314 3182 3062
f 3062 3124 3323
f 3183 3386 3125
f 3386 3387 3125
f 3125 3387 3258
f 3258 3388 3259
f 3259 3388 3315
f 3315 3389 3184
f 3184 3389 3185
f 3389 3390 3185
f 3185 3390 3186
f 3390 3316 3186
f 3316 3391 3188
f 3391 3317 3188
f 3188 3317 3189
f 3319 3192 3191
f 3320 3321 3193
f 3322 3195 3261
f 3392 3196 3197
f 3262 3392 3197
f 3393 3262 3198
f 3069 3324 3199
f 3202 3395 3201
f 3396 3328 3264
f 3397 3196 3392
f 3398 3203 3134
f 3326 3137 3327
f 3266 3331 3142
f 3141 3204 3330
f 3331 3332 3143
f 3399 3205 3206
f 3399 3206 3268
f 3269 3267 3338
f 3270 3338 3401
f 3270 3401 3271
f 3339 3271 3401
f 3339 3402 3272
f 3272 3402 3273
f 3403 3273 3402
f 3335 3273 3403
f 3274 3403 3404
f 3335 3403 3274
f 3340 3274 3404
f 3341 3274 3340
f 3274 3341 3275
f 3342 3277 3276
f 3342 3336 3277
f 3405 3278 3336
f 3279 3278 3405
f 3343 3209 3337
f 3343 3344 3151
f 3151 3344 3152
f 3208 3084 3406
f 3400 3159 3073
f 3282 3407 3153
f 3407 3334 3153
f 3210 3344 3408
f 3210 3408 3281
f 3409 3406 3084
f 3409 3084 3211
f 3410 3280 3155
f 3411 3155 3156
f 3411 3156 3157
f 3412 3217 3159
f 3212 3413 3285
f 3414 3283 3346
f 3215 3415 3214
f 3214 3415 3346
f 3215 3347 3415
f 3284 3218 3416
f 3417 3216 3287
f 3348 3416 3218
f 3286 3349 3162
f 3088 3220 3287
f 3217 3288 3089
f 3219 3349 3418
f 3350 3219 3418
f 3220 3419 3287
f 3351 3163 3350
f 3352 3419 3220
f 3351 3420 3164
f 3164 3420 3289
f 3167 3355 3221
f 3290 3354 3291
f 3222 3291 3421
f 3222 3421 3353
f 3094 3292 3422
f 3422 2986 3094
f 3422 3224 2986
f 3223 3096 3356
f 3096 3423 3356
f 3293 3423 3096
f 3294 3224 3424
f 3425 3036 3294
f 3425 3426 3038
f 3425 3038 3036
f 3227 3427 3295
f 3039 3427 3227
f 3297 3358 3428
f 3039 3430 3427
f 3296 3432 3431
f 3357 3432 3296
f 3357 3297 3428
f 2990 3430 3039
f 3360 3296 3431
f 3228 3359 3358
f 3429 3229 3098
f 2990 3361 3430
f 3299 3231 3435
f 3433 3231 3360
f 2994 3300 3359
f 3232 3436 3362
f 3232 3434 3436
f 3434 3232 3299
f 3232 3230 3299
f 3233 3362 3234
f 3234 3362 3438
f 3044 3439 3300
f 3438 3302 3234
f 3303 3439 3106
f 3044 3106 3439
f 3298 3301 3105
f 3235 3361 2937
f 3363 3169 3302
f 3441 3364 3304
f 3235 3107 3440
f 3440 3107 3237
f 3171 3363 3366
f 3304 3364 3236
f 3365 3109 3442
f 3307 3366 3312
f 3368 3175 3239
f 3175 3368 3238
f 3447 3308 3240
f 3447 3112 3308
f 3442 3112 3447
f 3109 3112 3442
f 3370 3241 3371
f 3242 3372 3371
f 3443 3372 3243
f 3443 3243 3244
f 3443 3244 3373
f 3373 3309 3444
f 3377 3376 3248
f 3445 3378 3250
f 3251 3445 3250
f 3251 3379 3445
f 3380 3310 3446
f 3448 3383 3311
f 3449 3181 3176
f 3450 3384 3313
f 3256 3452 3313
f 3451 3257 3181
f 3256 3314 3452
f 3123 3060 3453
f 3454 3123 3453
f 3314 3062 3323
f 3454 3061 3123
f 3454 3386 3061
f 3386 3183 3061
f 3387 3456 3258
f 3456 3388 3258
f 3390 3455 3316
f 3316 3457 3391
f 3317 3458 3318
f 3458 3319 3318
f 3459 3460 3319
f 3319 3460 3192
f 3192 3460 3320
f 3460 3461 3320
f 3461 3462 3320
f 3320 3462 3321
f 3321 3462 3322
f 3462 3463 3322
f 3463 3464 3322
f 3322 3464 3195
f 3323 3195 3464
f 3393 3392 3262
f 3393 3198 3394
f 3199 3394 3198
f 3200 3324 3263
f 3395 3200 3201
f 3465 3395 3202
f 3398 3465 3202
f 3398 3202 3203
f 3325 3398 3134
f 3326 3325 3136
f 3396 3327 3328
f 3466 3264 3140
f 3196 3397 3265
f 3468 3332 3331
f 3467 3204 3333
f 3469 3333 3205
f 3073 3332 3400
f 3470 3469 3205
f 3470 3205 3399
f 3471 3399 3268
f 3268 3208 3471
f 3406 3471 3208
f 3334 3472 3267
f 3267 3472 3338
f 3473 3338 3472
f 3473 3401 3338
f 3401 3473 3474
f 3474 3339 3401
f 3475 3339 3474
f 3339 3475 3402
f 3402 3475 3476
f 3477 3402 3476
f 3477 3403 3402
f 3403 3477 3478
f 3403 3478 3404
f 3479 3404 3478
f 3479 3340 3404
f 3479 3341 3340
f 3341 3479 3480
f 3480 3276 3341
f 3481 3276 3480
f 3481 3342 3276
f 3342 3481 3336
f 3336 3481 3482
f 3405 3336 3482
f 3483 3279 3405
f 3483 3484 3279
f 3337 3279 3484
f 3485 3343 3337
f 3485 3337 3484
f 3343 3485 3344
f 3344 3485 3486
f 3410 3409 3211
f 3280 3410 3211
f 3410 3155 3411
f 3345 3411 3157
f 3408 3487 3281
f 3487 3488 3281
f 3212 3488 3489
f 3281 3488 3212
f 3413 3212 3489
f 3490 3345 3283
f 3283 3414 3490
f 3284 3491 3282
f 3491 3284 3416
f 3417 3347 3216
f 3285 3492 3286
f 3286 3493 3349
f 3354 3289 3494
f 3354 3494 3495
f 3354 3495 3291
f 3291 3495 3496
f 3421 3291 3496
f 3356 3355 3167
f 3293 3225 3423
f 3425 3294 3424
f 3426 3226 3038
f 3098 3226 3426
f 3358 3497 3428
f 3358 3498 3497
f 3432 3357 3428
f 3359 3498 3358
f 3231 3433 3435
f 3229 3429 3437
f 3434 3299 3499
f 3499 3299 3435
f 3229 3437 3298
f 3500 3301 3298
f 3235 3440 3361
f 3363 3302 3501
f 3441 3304 3365
f 3237 3502 3440
f 3367 3502 3237
f 3371 3503 3369
f 3373 3444 3504
f 3510 3368 3509
f 3511 3368 3510
f 3369 3370 3371
f 3371 3372 3503
f 3503 3372 3443
f 3504 3443 3373
f 3444 3309 3374
f 3505 3374 3375
f 3505 3375 3506
f 3506 3375 3247
f 3506 3247 3376
f 3445 3379 3507
f 3379 3380 3508
f 3508 3380 3446
f 3253 3446 3310
f 3381 3446 3253
f 3119 3383 3382
f 3312 3448 3311
f 3512 3509 3239
f 3239 3509 3368
f 3511 3240 3368
f 3447 3240 3511
f 3449 3176 3306
f 3513 3512 3254
f 3239 3254 3512
f 3513 3255 3384
f 3513 3254 3255
f 3514 3181 3449
f 3450 3313 3515
f 3514 3451 3181
f 3385 3257 3451
f 3516 3060 3385
f 3453 3060 3516
f 3314 3323 3517
f 3456 3387 3518
f 3519 3315 3388
f 3519 3389 3315
f 3455 3457 3316
f 3317 3391 3457
f 3520 3458 3317
f 3521 3462 3461
f 3458 3459 3319
f 3394 3392 3393
f 3522 3394 3199
f 3523 3199 3324
f 3524 3523 3324
f 3525 3324 3200
f 3395 3526 3200
f 3395 3465 3527
f 3398 3528 3465
f 3529 3398 3325
f 3327 3530 3326
f 3530 3327 3531
f 3531 3327 3532
f 3396 3533 3327
f 3327 3533 3532
f 3534 3533 3396
f 3534 3396 3264
f 3466 3534 3264
f 3329 3466 3140
f 3535 3331 3266
f 3330 3204 3467
f 3535 3468 3331
f 3467 3333 3469
f 3468 3400 3332
f 3334 3407 3536
f 3334 3536 3472
f 3472 3537 3473
f 3473 3537 3538
f 3473 3538 3474
f 3538 3539 3474
f 3474 3539 3475
f 3475 3539 3540
f 3475 3540 3476
f 3476 3541 3477
f 3540 3541 3476
f 3477 3541 3478
f 3541 3542 3478
f 3478 3542 3479
f 3479 3542 3543
f 3479 3543 3480
f 3480 3543 3544
f 3480 3545 3481
f 3544 3545 3480
f 3545 3482 3481
f 3482 3546 3405
f 3405 3546 3483
f 3483 3546 3547
f 3483 3547 3484
f 3547 3548 3484
f 3484 3548 3485
f 3485 3548 3549
f 3485 3549 3486
f 3486 3408 3344
f 3282 3552 3407
f 3553 3488 3487
f 3345 3490 3551
f 3491 3552 3282
f 3285 3413 3489
f 3489 3554 3285
f 3555 3414 3346
f 3555 3346 3415
f 3415 3347 3417
f 3217 3412 3288
f 3554 3492 3285
f 3556 3415 3417
f 3556 3417 3287
f 3416 3348 3557
f 3492 3493 3286
f 3558 3556 3287
f 3287 3419 3558
f 3559 3292 3288
f 3355 3348 3221
f 3355 3560 3348
f 3418 3561 3350
f 3561 3351 3350
f 3562 3351 3561
f 3562 3420 3351
f 3420 3562 3289
f 3563 3352 3353
f 3494 3289 3562
f 3421 3563 3353
f 3424 3224 3422
f 3356 3423 3564
f 3225 3565 3423
f 3295 3565 3225
f 3427 3566 3295
f 3567 3098 3426
f 3568 3566 3427
f 3432 3569 3570
f 3569 3428 3497
f 3569 3432 3428
f 3430 3568 3427
f 3431 3572 3571
f 3431 3432 3570
f 3360 3571 3433
f 3571 3360 3431
f 3574 3573 3436
f 3430 3361 3576
f 3573 3362 3436
f 3300 3575 3359
f 3300 3577 3575
f 3578 3302 3438
f 3438 3362 3573
f 3577 3300 3439
f 3500 3298 3437
f 3302 3578 3501
f 3580 3305 3364
f 3305 3580 3579
f 3303 3305 3579
f 3303 3579 3439
f 3581 3364 3441
f 3582 3170 3301
f 3306 3170 3582
f 3440 3502 3583
f 3502 3584 3583
f 3367 3584 3502
f 3587 3367 3369
f 3588 3587 3369
f 3588 3369 3503
f 3503 3504 3588
f 3504 3503 3443
f 3589 3504 3444
f 3590 3589 3444
f 3444 3505 3590
f 3505 3444 3374
f 3591 3505 3506
f 3506 3592 3591
f 3376 3592 3506
f 3377 3592 3376
f 3378 3592 3377
f 3593 3378 3445
f 3593 3592 3378
f 3507 3593 3445
f 3594 3507 3379
f 3594 3379 3508
f 3595 3594 3508
f 3596 3508 3446
f 3596 3595 3508
f 3381 3597 3446
f 3446 3597 3596
f 3381 3598 3597
f 3382 3598 3381
f 3382 3383 3598
f 3312 3585 3448
f 3312 3366 3585
f 3511 3510 3586
f 3314 3600 3452
f 3453 3516 3599
f 3601 3454 3453
f 3517 3323 3604
f 3602 3386 3454
f 3456 3605 3388
f 3605 3519 3388
f 3389 3606 3390
f 3390 3607 3455
f 3606 3607 3390
f 3455 3607 3457
f 3457 3608 3317
f 3608 3520 3317
f 3459 3610 3460
f 3609 3610 3459
f 3610 3461 3460
f 3611 3521 3461
f 3462 3612 3463
f 3323 3464 3603
f 3613 3397 3392
f 3523 3522 3199
f 3524 3324 3525
f 3614 3525 3200
f 3526 3614 3200
f 3530 3529 3325
f 3530 3325 3326
f 3466 3329 3615
f 3330 3615 3329
f 3616 3266 3265
f 3616 3265 3397
f 3617 3615 3330
f 3618 3535 3266
f 3467 3617 3330
f 3619 3400 3468
f 3399 3471 3620
f 3406 3620 3471
f 3621 3620 3406
f 3409 3621 3406
f 3472 3622 3537
f 3536 3622 3472
f 3538 3624 3539
f 3540 3626 3541
f 3625 3626 3540
f 3626 3627 3541
f 3541 3628 3542
f 3628 3543 3542
f 3543 3629 3544
f 3544 3630 3545
f 3545 3631 3482
f 3482 3632 3546
f 3631 3632 3482
f 3632 3633 3546
f 3633 3547 3546
f 3549 3635 3486
f 3486 3635 3408
f 3410 3637 3409
f 3410 3638 3637
f 3639 3638 3410
f 3639 3410 3411
f 3640 3411 3345
f 3636 3412 3159
f 3551 3640 3345
f 3489 3641 3642
f 3489 3642 3554
f 3643 3551 3490
f 3643 3490 3414
f 3414 3555 3643
f 3644 3415 3556
f 3349 3493 3645
f 3645 3418 3349
f 3419 3646 3558
f 3560 3557 3348
f 3647 3418 3645
f 3647 3561 3418
f 3355 3648 3560
f 3561 3647 3649
f 3650 3562 3561
f 3352 3646 3419
f 3559 3422 3292
f 3561 3649 3650
f 3356 3648 3355
f 3650 3651 3562
f 3562 3651 3494
f 3652 3494 3651
f 3653 3421 3496
f 3653 3563 3421
f 3494 3655 3495
f 3494 3652 3655
f 3495 3655 3496
f 3496 3655 3653
f 3424 3422 3654
f 3423 3657 3564
f 3656 3425 3424
f 3565 3657 3423
f 3659 3425 3658
f 3659 3426 3425
f 3295 3566 3565
f 3661 3497 3660
f 3661 3569 3497
f 3498 3662 3497
f 3662 3660 3497
f 3570 3572 3431
f 3664 3098 3567
f 3498 3359 3663
f 3664 3429 3098
f 3665 3429 3664
f 3499 3435 3433
f 3436 3434 3574
f 3665 3437 3429
f 3666 3438 3573
f 3665 3500 3437
f 3439 3579 3577
f 3440 3667 3361
f 3364 3581 3580
f 3365 3669 3441
f 3441 3669 3670
f 3441 3670 3581
f 3585 3366 3668
f 3668 3366 3363
f 3365 3673 3669
f 3509 3674 3671
f 3509 3671 3510
f 3586 3510 3672
f 3442 3447 3673
f 3442 3673 3365
f 3449 3306 3582
f 3587 3584 3367
f 3675 3587 3588
f 3676 3588 3504
f 3677 3504 3589
f 3677 3676 3504
f 3678 3590 3505
f 3678 3505 3591
f 3679 3591 3592
f 3679 3592 3593
f 3594 3593 3507
f 3681 3383 3448
f 3448 3585 3681
f 3384 3450 3682
f 3313 3600 3515
f 3313 3452 3600
f 3600 3314 3517
f 3599 3601 3453
f 3683 3454 3601
f 3683 3602 3454
f 3685 3607 3606
f 3604 3323 3603
f 3386 3602 3387
f 3387 3602 3518
f 3519 3684 3389
f 3389 3684 3606
f 3457 3607 3608
f 3458 3520 3686
f 3458 3686 3459
f 3459 3686 3609
f 3461 3610 3611
f 3462 3521 3612
f 3463 3612 3687
f 3463 3687 3464
f 3464 3687 3603
f 3688 3392 3394
f 3522 3688 3394
f 3523 3524 3689
f 3525 3614 3524
f 3527 3526 3395
f 3398 3529 3690
f 3530 3691 3529
f 3693 3534 3466
f 3693 3692 3534
f 3693 3466 3615
f 3618 3266 3616
f 3535 3619 3468
f 3695 3469 3470
f 3399 3696 3470
f 3620 3696 3399
f 3400 3619 3636
f 3159 3400 3636
f 3623 3537 3622
f 3697 3537 3623
f 3697 3698 3537
f 3537 3698 3538
f 3624 3538 3698
f 3624 3625 3539
f 3539 3625 3540
f 3628 3541 3627
f 3699 3543 3628
f 3699 3629 3543
f 3630 3544 3629
f 3700 3545 3630
f 3700 3631 3545
f 3633 3701 3547
f 3634 3548 3547
f 3634 3547 3701
f 3635 3548 3634
f 3548 3635 3549
f 3407 3550 3536
f 3635 3553 3408
f 3553 3487 3408
f 3637 3621 3409
f 3411 3640 3639
f 3552 3550 3407
f 3491 3703 3552
f 3553 3641 3488
f 3641 3489 3488
f 3704 3551 3643
f 3491 3705 3703
f 3415 3644 3555
f 3555 3644 3706
f 3416 3705 3491
f 3416 3707 3705
f 3642 3708 3554
f 3554 3708 3492
f 3557 3707 3416
f 3492 3708 3493
f 3708 3709 3493
f 3710 3556 3558
f 3558 3646 3710
f 3493 3709 3645
f 3647 3645 3711
f 3649 3647 3712
f 3713 3651 3650
f 3563 3646 3352
f 3654 3422 3559
f 3714 3646 3563
f 3356 3715 3648
f 3653 3714 3563
f 3651 3716 3652
f 3651 3713 3716
f 3718 3655 3717
f 3718 3653 3655
f 3564 3715 3356
f 3655 3652 3717
f 3718 3719 3653
f 3714 3653 3719
f 3566 3657 3565
f 3567 3426 3659
f 3721 3661 3720
f 3720 3661 3660
f 3720 3660 3722
f 3723 3569 3721
f 3723 3570 3569
f 3721 3569 3661
f 3722 3660 3662
f 3572 3570 3723
f 3498 3663 3662
f 3499 3724 3725
f 3724 3571 3572
f 3724 3433 3571
f 3499 3433 3724
f 3430 3576 3568
f 3574 3434 3725
f 3725 3434 3499
f 3359 3575 3726
f 3573 3727 3666
f 3727 3573 3574
f 3578 3438 3666
f 3361 3728 3576
f 3579 3580 3729
f 3579 3729 3577
f 3581 3730 3580
f 3582 3301 3500
f 3583 3667 3440
f 3668 3363 3501
f 3510 3671 3672
f 3584 3733 3731
f 3596 3741 3740
f 3512 3674 3509
f 3511 3586 3732
f 3511 3732 3447
f 3587 3733 3584
f 3733 3587 3675
f 3675 3588 3734
f 3734 3588 3676
f 3677 3589 3735
f 3735 3589 3590
f 3735 3590 3736
f 3590 3678 3736
f 3744 3678 3591
f 3744 3591 3679
f 3593 3737 3679
f 3738 3737 3593
f 3594 3738 3593
f 3738 3594 3739
f 3739 3594 3595
f 3740 3739 3595
f 3740 3595 3596
f 3597 3741 3596
f 3741 3597 3598
f 3680 3741 3598
f 3598 3742 3680
f 3742 3598 3383
f 3742 3383 3681
f 3513 3745 3512
f 3582 3743 3449
f 3743 3514 3449
f 3450 3515 3746
f 3450 3746 3682
f 3384 3682 3513
f 3600 3517 3747
f 3748 3604 3603
f 3517 3604 3748
f 3683 3518 3602
f 3518 3749 3456
f 3456 3749 3605
f 3749 3684 3605
f 3605 3684 3519
f 3684 3750 3606
f 3750 3685 3606
f 3685 3751 3607
f 3751 3752 3607
f 3607 3752 3608
f 3752 3753 3608
f 3753 3754 3608
f 3608 3754 3520
f 3754 3686 3520
f 3609 3755 3610
f 3610 3755 3611
f 3755 3756 3611
f 3611 3756 3521
f 3756 3612 3521
f 3613 3392 3757
f 3757 3392 3688
f 3688 3522 3523
f 3758 3689 3524
f 3614 3758 3524
f 3760 3526 3527
f 3761 3760 3527
f 3761 3527 3465
f 3528 3761 3465
f 3690 3762 3528
f 3690 3528 3398
f 3691 3690 3529
f 3763 3532 3533
f 3764 3617 3467
f 3535 3618 3765
f 3766 3619 3535
f 3469 3767 3467
f 3469 3695 3767
f 3768 3636 3619
f 3470 3696 3695
f 3769 3620 3621
f 3770 3536 3550
f 3770 3622 3536
f 3622 3771 3623
f 3698 3697 3772
f 3698 3772 3624
f 3624 3773 3625
f 3625 3774 3775
f 3775 3626 3625
f 3626 3775 3627
f 3776 3777 3627
f 3627 3777 3628
f 3777 3699 3628
f 3629 3778 3630
f 3779 3700 3630
f 3700 3779 3780
f 3700 3780 3631
f 3632 3631 3780
f 3781 3633 3632
f 3701 3633 3782
f 3701 3783 3634
f 3784 3635 3634
f 3784 3634 3783
f 3784 3553 3635
f 3552 3785 3550
f 3550 3785 3770
f 3786 3621 3637
f 3636 3702 3412
f 3703 3785 3552
f 3638 3786 3637
f 3639 3640 3787
f 3704 3787 3551
f 3787 3640 3551
f 3553 3788 3641
f 3642 3641 3789
f 3790 3704 3643
f 3702 3288 3412
f 3642 3789 3791
f 3642 3791 3708
f 3792 3790 3643
f 3555 3792 3643
f 3555 3706 3792
f 3288 3702 3559
f 3706 3644 3793
f 3793 3644 3556
f 3710 3793 3556
f 3557 3560 3707
f 3709 3794 3645
f 3645 3794 3711
f 3796 3647 3711
f 3712 3797 3649
f 3714 3795 3646
f 3656 3424 3654
f 3649 3797 3650
f 3650 3797 3798
f 3798 3713 3650
f 3564 3799 3715
f 3798 3802 3713
f 3713 3802 3716
f 3719 3800 3714
f 3716 3802 3652
f 3652 3802 3717
f 3717 3803 3718
f 3718 3804 3719
f 3718 3803 3804
f 3800 3719 3804
f 3658 3425 3656
f 3802 3803 3717
f 3802 3806 3803
f 3802 3805 3806
f 3806 3807 3803
f 3803 3808 3804
f 3803 3807 3808
f 3809 3810 3805
f 3806 3805 3807
f 3810 3721 3805
f 3721 3807 3805
f 3807 3722 3808
f 3807 3720 3722
f 3812 3808 3722
f 3568 3811 3566
f 3813 3723 3810
f 3810 3723 3721
f 3807 3721 3720
f 3814 3572 3813
f 3813 3572 3723
f 3722 3662 3812
f 3663 3812 3662
f 3724 3814 3725
f 3815 3664 3567
f 3814 3724 3572
f 3568 3728 3811
f 3816 3574 3725
f 3359 3726 3663
f 3817 3727 3574
f 3817 3574 3816
f 3664 3819 3665
f 3728 3568 3576
f 3666 3818 3820
f 3818 3666 3727
f 3820 3578 3666
f 3577 3729 3575
f 3821 3500 3665
f 3501 3578 3822
f 3361 3667 3728
f 3826 3670 3825
f 3580 3730 3823
f 3580 3823 3729
f 3669 3828 3825
f 3669 3825 3670
f 3581 3670 3826
f 3581 3826 3730
f 3583 3827 3667
f 3583 3584 3827
f 3584 3731 3827
f 3829 3585 3668
f 3831 3586 3672
f 3732 3586 3831
f 3828 3673 3832
f 3828 3669 3673
f 3585 3829 3681
f 3447 3732 3832
f 3447 3832 3673
f 3733 3675 3839
f 3676 3840 3734
f 3676 3677 3840
f 3677 3735 3833
f 3735 3841 3833
f 3736 3841 3735
f 3736 3842 3841
f 3744 3843 3678
f 3679 3844 3744
f 3738 3845 3737
f 3834 3738 3739
f 3739 3835 3834
f 3740 3835 3739
f 3741 3836 3740
f 3741 3837 3836
f 3837 3741 3680
f 3745 3674 3512
f 3846 3513 3682
f 3847 3746 3515
f 3848 3847 3515
f 3849 3385 3451
f 3600 3848 3515
f 3385 3849 3516
f 3517 3748 3747
f 3850 3749 3518
f 3851 3749 3850
f 3851 3684 3749
f 3852 3684 3851
f 3852 3750 3684
f 3853 3750 3852
f 3853 3685 3750
f 3854 3685 3853
f 3751 3685 3854
f 3855 3752 3751
f 3855 3753 3752
f 3856 3754 3753
f 3856 3686 3754
f 3856 3609 3686
f 3857 3609 3856
f 3857 3755 3609
f 3756 3755 3859
f 3860 3612 3756
f 3862 3612 3861
f 3862 3687 3612
f 3862 3603 3687
f 3748 3603 3862
f 3530 3694 3691
f 3530 3531 3694
f 3534 3763 3533
f 3534 3863 3763
f 3534 3692 3863
f 3762 3690 3864
f 3765 3766 3535
f 3767 3764 3467
f 3766 3768 3619
f 3866 3768 3766
f 3620 3867 3696
f 3769 3867 3620
f 3770 3771 3622
f 3623 3771 3868
f 3869 3623 3868
f 3697 3623 3869
f 3697 3869 3772
f 3624 3772 3870
f 3773 3624 3870
f 3773 3774 3625
f 3775 3776 3627
f 3699 3777 3778
f 3699 3778 3629
f 3779 3630 3778
f 3780 3871 3632
f 3781 3632 3871
f 3633 3781 3782
f 3701 3782 3783
f 3621 3872 3769
f 3621 3786 3872
f 3784 3788 3553
f 3639 3873 3638
f 3703 3874 3785
f 3873 3639 3787
f 3705 3874 3703
f 3788 3789 3641
f 3707 3874 3705
f 3707 3875 3874
f 3875 3707 3877
f 3876 3793 3879
f 3793 3710 3879
f 3877 3707 3560
f 3878 3709 3708
f 3879 3710 3881
f 3880 3654 3559
f 3560 3882 3877
f 3560 3648 3882
f 3883 3709 3878
f 3883 3794 3709
f 3710 3646 3881
f 3646 3795 3881
f 3711 3794 3884
f 3796 3711 3884
f 3712 3647 3796
f 3796 3885 3712
f 3712 3885 3797
f 3714 3886 3795
f 3797 3885 3887
f 3797 3887 3798
f 3798 3887 3801
f 3801 3802 3798
f 3886 3714 3800
f 3804 3888 3800
f 3886 3800 3888
f 3657 3799 3564
f 3657 3889 3799
f 3887 3890 3801
f 3801 3805 3802
f 3890 3809 3801
f 3891 3659 3658
f 3566 3889 3657
f 3809 3805 3801
f 3808 3888 3804
f 3813 3890 3892
f 3890 3813 3809
f 3808 3812 3888
f 3809 3813 3810
f 3814 3892 3893
f 3892 3814 3813
f 3897 3894 3896
f 3894 3897 3893
f 3893 3897 3814
f 3663 3895 3812
f 3659 3815 3567
f 3898 3816 3896
f 3896 3816 3897
f 3663 3900 3895
f 3817 3898 3899
f 3816 3725 3897
f 3897 3725 3814
f 3898 3817 3816
f 3663 3726 3900
f 3818 3727 3817
f 3726 3575 3901
f 3820 3822 3578
f 3729 3901 3575
f 3821 3665 3819
f 3823 3902 3729
f 3824 3501 3822
f 3825 3903 3826
f 3904 3668 3501
f 3904 3501 3824
f 3830 3500 3821
f 3830 3582 3500
f 3674 3906 3671
f 3827 3731 3905
f 3745 3906 3674
f 3733 3907 3731
f 3907 3905 3731
f 3733 3839 3907
f 3839 3675 3908
f 3734 3908 3675
f 3734 3840 3908
f 3677 3909 3840
f 3677 3833 3909
f 3842 3736 3678
f 3843 3842 3678
f 3744 3844 3843
f 3844 3679 3910
f 3737 3910 3679
f 3845 3910 3737
f 3738 3834 3845
f 3835 3740 3836
f 3680 3912 3837
f 3742 3912 3680
f 3912 3742 3911
f 3911 3742 3681
f 3681 3838 3911
f 3838 3681 3829
f 3513 3846 3745
f 3682 3746 3913
f 3682 3913 3846
f 3914 3514 3743
f 3914 3451 3514
f 3849 3451 3914
f 3848 3600 3915
f 3916 3516 3849
f 3917 3516 3916
f 3599 3516 3917
f 3918 3601 3599
f 3918 3683 3601
f 3919 3851 3850
f 3920 3852 3851
f 3921 3853 3852
f 3854 3853 3922
f 3923 3855 3751
f 3925 3857 3856
f 3925 3858 3857
f 3860 3859 3927
f 3518 3683 3850
f 3855 3924 3753
f 3857 3858 3755
f 3755 3858 3926
f 3755 3926 3859
f 3756 3859 3860
f 3612 3860 3861
f 3861 3928 3862
f 3616 3397 3929
f 3929 3397 3613
f 3929 3613 3757
f 3930 3688 3523
f 3931 3930 3523
f 3931 3523 3689
f 3689 3758 3931
f 3758 3614 3932
f 3933 3932 3614
f 3526 3933 3614
f 3526 3759 3933
f 3760 3759 3526
f 3761 3528 3762
f 3864 3690 3691
f 3531 3865 3694
f 3532 3865 3531
f 3532 3763 3865
f 3693 3863 3692
f 3693 3615 3934
f 3935 3615 3617
f 3764 3767 3936
f 3767 3695 3937
f 3937 3695 3696
f 3768 3938 3636
f 3938 3702 3636
f 3939 3770 3785
f 3770 3939 3771
f 3939 3868 3771
f 3772 3869 3940
f 3772 3940 3941
f 3941 3870 3772
f 3941 3773 3870
f 3773 3941 3942
f 3773 3942 3774
f 3776 3943 3777
f 3777 3944 3945
f 3777 3945 3778
f 3778 3946 3779
f 3779 3947 3780
f 3779 3946 3947
f 3780 3949 3871
f 3780 3948 3949
f 3949 3781 3871
f 3781 3949 3782
f 3782 3951 3783
f 3783 3951 3952
f 3952 3784 3783
f 3874 3953 3785
f 3939 3785 3953
f 3939 3954 3868
f 3869 3868 3940
f 3775 3774 3955
f 3775 3943 3776
f 3778 3945 3946
f 3947 3948 3780
f 3782 3949 3950
f 3782 3950 3951
f 3784 3956 3788
f 3958 3786 3957
f 3957 3786 3638
f 3959 3787 3704
f 3790 3959 3704
f 3788 3956 3960
f 3788 3960 3789
f 3791 3789 3960
f 3959 3790 3961
f 3792 3961 3790
f 3706 3962 3792
f 3880 3559 3702
f 3791 3963 3708
f 3961 3792 3964
f 3964 3792 3962
f 3706 3876 3962
f 3876 3706 3793
f 3878 3708 3963
f 3654 3880 3656
f 3965 3884 3794
f 3715 3882 3648
f 3794 3883 3965
f 3795 3966 3881
f 3715 3799 3882
f 3965 3796 3884
f 3965 3968 3796
f 3886 3966 3795
f 3886 3969 3966
f 3796 3968 3970
f 3796 3970 3885
f 3970 3971 3885
f 3972 3658 3656
f 3970 3968 3973
f 3885 3971 3887
f 3971 3970 3973
f 3971 3974 3887
f 3888 3969 3886
f 3971 3973 3975
f 3974 3890 3887
f 3971 3975 3976
f 3971 3976 3974
f 3888 3895 3969
f 3974 3976 3890
f 3566 3977 3889
f 3975 3894 3976
f 3976 3892 3890
f 3812 3895 3888
f 3978 3894 3975
f 3978 3896 3894
f 3976 3893 3892
f 3815 3659 3891
f 3811 3977 3566
f 3898 3896 3979
f 3979 3896 3978
f 3894 3893 3976
f 3980 3899 3898
f 3899 3818 3817
f 3815 3982 3664
f 3981 3818 3899
f 3981 3820 3818
f 3900 3726 3983
f 3982 3819 3664
f 3983 3901 3902
f 3726 3901 3983
f 3901 3729 3902
f 3986 3730 3826
f 3667 3984 3728
f 3730 3986 3823
f 3823 3986 3902
f 3667 3827 3984
f 3825 3828 3985
f 3825 3985 3903
f 3829 3668 3904
f 3906 3988 3987
f 3671 3906 3987
f 3671 3987 3672
f 3672 3987 3989
f 3672 3989 3831
f 3839 3993 3992
f 3908 3993 3839
f 3994 3993 3908
f 3909 3997 3996
f 3842 3999 3998
f 4000 3999 3842
f 3910 4001 3844
f 3910 4002 4001
f 3835 4005 4004
f 3836 4005 3835
f 3836 4006 4005
f 3832 3732 3991
f 3832 3991 3828
f 3992 3905 3907
f 3992 3907 3839
f 3994 3908 3840
f 3994 3840 3995
f 3995 3840 3909
f 3995 3909 3996
f 3997 3909 3833
f 3997 3841 3998
f 3997 3833 3841
f 3998 3841 3842
f 4000 3842 3843
f 4000 3843 3844
f 4002 3910 3845
f 4002 3845 4003
f 4003 3845 3834
f 4003 3834 4004
f 4004 3834 3835
f 4006 3836 3837
f 4006 3837 4007
f 4007 3837 3912
f 4007 3912 4011
f 4008 3911 3838
f 4008 3838 3990
f 3990 3838 3829
f 4009 3906 3745
f 4010 3743 3582
f 3600 3747 3915
f 3918 3850 3683
f 4016 3919 3850
f 3920 4012 3852
f 3921 3852 4012
f 3854 3922 3923
f 3854 3923 3751
f 4017 3855 3923
f 4017 4018 3855
f 4018 3924 3855
f 3753 3924 3856
f 3924 4013 3856
f 3856 4013 3925
f 3859 3926 3927
f 3927 4019 3860
f 3860 4014 3861
f 3928 3861 4014
f 3862 3928 4015
f 3862 4015 3748
f 3757 4020 3929
f 3757 4021 4020
f 3688 4021 3757
f 4022 3931 3758
f 4023 3933 3759
f 4023 3759 3760
f 4024 4023 3760
f 4024 3760 3761
f 4025 3761 3762
f 4025 3762 3864
f 3694 3864 3691
f 4026 3865 3763
f 4026 3763 3863
f 4026 3863 3693
f 4027 3618 3616
f 3764 3935 3617
f 4028 3765 3618
f 4028 3618 4027
f 3765 3866 3766
f 3767 3937 4029
f 3872 3867 3769
f 4030 3702 3938
f 4031 3868 3954
f 4032 3939 3953
f 3939 4033 3954
f 3954 4033 4031
f 3868 4031 4034
f 3868 4034 3940
f 4035 3941 3940
f 3941 4035 3942
f 3774 3942 4036
f 3955 3774 4036
f 3775 3955 3943
f 3943 3944 3777
f 3950 3949 3951
f 3784 3952 4037
f 4037 3956 3784
f 3872 3786 3958
f 3955 4036 4038
f 3955 4038 3943
f 3945 4039 3946
f 3946 4039 3947
f 3952 3951 4037
f 4037 4040 3956
f 3873 3957 3638
f 3957 3873 4041
f 4042 3873 3787
f 4041 3873 4042
f 3959 4042 3787
f 3875 4043 3874
f 3875 4044 4043
f 4045 3791 3960
f 4045 3963 3791
f 3877 4044 3875
f 3962 3876 4046
f 4044 3877 4047
f 3882 4047 3877
f 3879 4048 3876
f 3881 4048 3879
f 3967 3656 3880
f 3878 3963 4049
f 4049 3963 4050
f 4049 3883 3878
f 3882 4051 4047
f 3799 4051 3882
f 4049 4052 3883
f 4048 3881 3966
f 4052 3965 3883
f 4052 4053 4054
f 4052 4054 3965
f 4054 3968 3965
f 3969 4055 3966
f 4054 4053 4056
f 4054 4056 3968
f 3889 4051 3799
f 3968 4056 4057
f 3968 4057 3973
f 3969 4058 4055
f 3972 3891 3658
f 4057 3978 3973
f 4056 3979 4057
f 3978 3975 3973
f 3895 4058 3969
f 4057 3979 3978
f 4056 4059 3979
f 4060 4061 4059
f 4059 4061 3980
f 4059 3980 3898
f 4059 3898 3979
f 3815 3891 3982
f 3811 4062 3977
f 3895 3983 4058
f 4061 3899 3980
f 3983 3895 3900
f 3981 3899 4061
f 4062 3811 3728
f 4064 4062 3728
f 3822 3820 3981
f 3902 4063 3983
f 3984 4064 3728
f 4065 3902 4066
f 3902 4065 4063
f 4069 3822 4067
f 3903 4070 4068
f 3986 3903 4066
f 3986 4066 3902
f 3904 3824 4069
f 4069 3824 3822
f 3985 4070 3903
f 3826 3903 3986
f 3827 4071 3984
f 3988 4072 3987
f 3989 3987 4072
f 3989 4073 3831
f 3905 4071 3827
f 4071 3905 3992
f 3994 4075 3993
f 3995 4075 3994
f 3995 3996 4074
f 4074 3996 3997
f 3999 4076 3998
f 3999 4077 4076
f 4000 4077 3999
f 4002 4078 4001
f 4002 4079 4078
f 4003 4080 4002
f 4004 4081 4003
f 4004 4005 4081
f 4006 4082 4005
f 3904 3990 3829
f 3831 4073 3732
f 3732 4073 3991
f 4010 3582 3830
f 4000 3844 4001
f 4011 3912 4083
f 3912 3911 4083
f 4083 3911 4008
f 3746 3847 4084
f 3746 4084 3913
f 3917 3918 3599
f 4085 3748 4015
f 3747 3748 4085
f 3747 4085 3915
f 3850 3918 4086
f 4016 3850 4086
f 3851 3919 4016
f 4087 3920 3851
f 4087 4012 3920
f 4012 3922 3921
f 3922 3853 3921
f 4088 3924 4018
f 4088 4013 3924
f 4013 4089 3925
f 3925 4089 3858
f 4090 3926 3858
f 4090 4091 3926
f 4091 3927 3926
f 4092 3860 4019
f 4092 4014 3860
f 3688 3930 4021
f 3931 4022 3930
f 3758 4093 4022
f 3758 3932 4093
f 3864 4094 4025
f 3864 4095 4094
f 3694 4095 3864
f 3694 4096 4095
f 3865 4096 3694
f 3865 4026 4096
f 4027 3616 3929
f 4027 3929 4097
f 4097 3929 4020
f 4098 4026 3693
f 4098 3693 3934
f 3934 3615 3935
f 3935 3764 4099
f 4099 3764 3936
f 4100 3866 3765
f 4029 4099 3767
f 4099 3936 3767
f 4100 3768 3866
f 4102 3768 4100
f 3768 4102 3938
f 4103 3937 3696
f 3867 4103 3696
f 4103 3867 4104
f 4104 3867 3872
f 3939 4032 4033
f 4033 4105 4031
f 4034 4031 4106
f 4034 4106 3940
f 4035 3940 4106
f 4035 4107 3942
f 4036 3942 4107
f 4108 3943 4038
f 4109 3944 3943
f 4110 3951 3949
f 4043 3953 3874
f 4032 3953 4043
f 4107 4111 4036
f 4036 4111 4112
f 4038 4036 4112
f 3943 4108 4109
f 3945 3944 4113
f 3945 4113 4039
f 3947 4039 4114
f 4115 3949 3948
f 3949 4115 4116
f 3951 4110 4117
f 3951 4117 4037
f 4037 4117 4118
f 4037 4118 4040
f 3960 3956 4040
f 3957 4119 3958
f 3957 4120 4119
f 4120 3957 4121
f 3957 4041 4121
f 4122 4042 3959
f 3961 4122 3959
f 4030 3880 3702
f 4123 3960 4040
f 4124 3960 4123
f 4124 4045 3960
f 4122 3961 4125
f 3964 4125 3961
f 4124 3963 4045
f 4126 4125 3964
f 4126 3964 3962
f 4127 3962 4046
f 3876 4128 4046
f 4048 4128 3876
f 4050 3963 4124
f 4126 3962 4127
f 4050 4052 4049
f 4128 4048 4129
f 3966 4129 4048
f 4050 4131 4052
f 3656 3967 3972
f 4131 4053 4052
f 4129 3966 4132
f 3889 4130 4051
f 3889 4133 4130
f 4055 4132 3966
f 4131 4060 4053
f 4058 4132 4055
f 4134 4061 4131
f 4131 4061 4060
f 4053 4059 4056
f 4053 4060 4059
f 4058 4136 4132
f 3977 4133 3889
f 4137 4136 3983
f 4058 3983 4136
f 4135 3982 3891
f 4134 4138 4061
f 4138 3981 4061
f 4063 4137 3983
f 4063 4065 4137
f 4067 3822 3981
f 4068 4070 4139
f 3821 3819 3982
f 4068 4139 3903
f 3903 4139 4066
f 4143 4142 3984
f 4140 4144 3904
f 4140 3904 4069
f 4070 3985 4141
f 4145 4072 3988
f 3989 4072 4146
f 3989 4146 4073
f 4141 3828 4147
f 3828 4141 3985
f 3984 4071 4143
f 3991 4073 4147
f 3991 4147 3828
f 3992 4148 4071
f 4148 4143 4071
f 4148 3992 4149
f 3992 3993 4149
f 4149 3993 4150
f 3993 4075 4150
f 4075 3995 4074
f 4151 4074 3997
f 3998 4151 3997
f 3998 4076 4151
f 4000 4153 4077
f 4001 4153 4000
f 4153 4001 4078
f 4003 4154 4080
f 4003 4081 4154
f 4005 4082 4081
f 4008 4157 4083
f 4083 4157 4156
f 4157 3990 4152
f 4152 3990 4144
f 4144 3990 3904
f 3906 4009 3988
f 4080 4079 4002
f 4082 4006 4155
f 4155 4006 4007
f 4155 4007 4156
f 4011 4156 4007
f 4156 4011 4083
f 4157 4008 3990
f 3745 3846 4009
f 3847 4158 4084
f 4159 3849 3914
f 4160 3849 4159
f 3916 3849 4160
f 4085 4161 3915
f 3915 4161 3848
f 4162 3918 3917
f 4015 4163 4085
f 3851 4016 4087
f 4012 4087 4164
f 4012 4164 3922
f 3922 4164 4165
f 3922 4165 3923
f 3923 4165 4017
f 4013 4088 4166
f 4013 4166 4089
f 4089 4090 3858
f 3927 4091 4019
f 4014 4092 4167
f 4014 4167 3928
f 3928 4167 4015
f 4020 4021 4097
f 3930 4168 4021
f 3930 4169 4168
f 4022 4169 3930
f 4022 4093 4169
f 3932 4170 4093
f 4023 4171 3933
f 3933 4171 3932
f 4024 4171 4023
f 4024 4172 4171
f 4024 4173 4172
f 3761 4173 4024
f 4025 4173 3761
f 4094 4173 4025
f 4094 4174 4173
f 4095 4174 4094
f 4096 4175 4095
f 4026 4176 4096
f 4096 4176 4175
f 4026 4098 4176
f 4178 3934 3935
f 4177 4028 4027
f 4179 4178 3935
f 3935 4099 4179
f 4179 4099 4029
f 4101 4179 4029
f 4029 3937 4101
f 4180 4104 3872
f 3872 3958 4180
f 4032 4181 4033
f 4182 4031 4105
f 4031 4182 4106
f 4107 4035 4183
f 4119 4180 3958
f 4043 4181 4032
f 4184 4033 4181
f 4184 4105 4033
f 4182 4105 4184
f 4182 4185 4106
f 4106 4185 4183
f 4183 4035 4106
f 4183 4111 4107
f 4112 4111 4186
f 4187 4038 4112
f 4108 4038 4187
f 4109 4108 4188
f 4113 3944 4109
f 4113 4189 4039
f 3947 4114 3948
f 3948 4114 4115
f 3949 4116 4190
f 4110 3949 4190
f 4118 4191 4040
f 4041 4042 4192
f 4121 4041 4192
f 4193 4192 4042
f 4122 4193 4042
f 4194 3880 4030
f 4119 4120 4195
f 4195 4120 4121
f 4196 4122 4125
f 4044 4197 4043
f 4123 4198 4124
f 4194 3967 3880
f 4047 4197 4044
f 4199 4196 4125
f 4200 3967 4194
f 4201 4124 4198
f 4201 4050 4124
f 4199 4125 4126
f 4126 4127 4202
f 4203 4127 4046
f 4202 4127 4203
f 4128 4203 4046
f 4130 4047 4051
f 4197 4047 4130
f 4126 4204 4199
f 4126 4202 4204
f 4129 4203 4128
f 4050 4201 4205
f 4206 4203 4129
f 4200 3972 3967
f 4205 4131 4050
f 4132 4206 4129
f 4135 3972 4200
f 4207 4131 4205
f 4207 4134 4131
f 4132 4208 4206
f 4136 4208 4132
f 4135 3891 3972
f 4136 4210 4208
f 4134 4207 4211
f 4137 4210 4136
f 4209 4133 3977
f 4134 4211 4138
f 4212 3982 4135
f 4062 4209 3977
f 4137 4213 4210
f 4062 4064 4209
f 4211 3981 4138
f 4065 4215 4213
f 4065 4213 4137
f 4067 3981 4211
f 4139 4216 4214
f 4139 4214 4215
f 4139 4215 4066
f 4066 4215 4065
f 4070 4216 4139
f 4140 4069 4211
f 4211 4069 4067
f 3984 4142 4064
f 4072 4145 4217
f 4146 4217 4218
f 4072 4217 4146
f 4146 4218 4220
f 4152 4144 4229
f 4146 4220 4073
f 4147 4073 4220
f 4219 3830 3821
f 4221 4149 4222
f 4222 4150 4223
f 4222 4149 4150
f 4150 4224 4223
f 4224 4074 4225
f 4225 4151 4226
f 4225 4074 4151
f 4228 4226 4151
f 4076 4227 4228
f 4077 4230 4227
f 4153 4231 4077
f 4077 4231 4230
f 4078 4231 4153
f 4079 4231 4078
f 4079 4232 4231
f 4235 4234 4082
f 4010 3830 4219
f 4221 4143 4148
f 4221 4148 4149
f 4150 4075 4224
f 4224 4075 4074
f 4228 4151 4076
f 4076 4077 4227
f 4232 4079 4080
f 4233 4080 4154
f 4154 4081 4234
f 4234 4081 4082
f 4235 4082 4155
f 4235 4155 4236
f 4236 4156 4157
f 4236 4157 4152
f 4009 4145 3988
f 4155 4156 4236
f 3846 4239 4238
f 3846 4238 4009
f 3913 4084 4239
f 3913 4239 3846
f 4240 3743 4010
f 3914 3743 4240
f 4241 4158 3847
f 3848 4241 3847
f 4242 3916 4160
f 4161 4241 3848
f 4242 3917 3916
f 4085 4243 4161
f 4244 3918 4162
f 4243 4085 4163
f 4086 3918 4244
f 4244 4245 4086
f 4016 4086 4245
f 4016 4245 4246
f 4016 4246 4087
f 4087 4246 4247
f 4247 4164 4087
f 4247 4258 4164
f 4258 4248 4164
f 4164 4248 4249
f 4164 4249 4165
f 4165 4249 4250
f 4165 4250 4017
f 4017 4250 4018
f 4018 4250 4088
f 4088 4250 4251
f 4088 4251 4166
f 4166 4251 4252
f 4166 4252 4089
f 4089 4252 4253
f 4089 4253 4090
f 4254 4090 4253
f 4090 4254 4091
f 4091 4254 4255
f 4091 4255 4019
f 4019 4255 4092
f 4092 4255 4256
f 4092 4256 4257
f 4092 4257 4167
f 4167 4257 4163
f 4167 4163 4015
f 4097 4259 4027
f 4021 4260 4097
f 4173 4262 4172
f 4176 4263 4175
f 4098 4264 4176
f 3934 4265 4098
f 3934 4178 4265
f 4027 4266 4177
f 4266 4027 4259
f 4267 4100 3765
f 4028 4267 3765
f 4268 4179 4101
f 4267 4102 4100
f 4269 4102 4267
f 4269 3938 4102
f 4270 3938 4269
f 4272 4271 3937
f 4271 4101 3937
f 4103 4272 3937
f 4104 4273 4103
f 4180 4273 4104
f 4043 4274 4181
f 4181 4274 4275
f 4181 4275 4184
f 4276 4184 4275
f 4276 4182 4184
f 4277 4182 4276
f 4182 4277 4185
f 4185 4277 4278
f 4278 4183 4185
f 4278 4279 4183
f 4279 4111 4183
f 4186 4111 4279
f 4187 4112 4186
f 4188 4108 4187
f 4188 4280 4109
f 4109 4280 4113
f 4281 4189 4113
f 4281 4282 4189
f 4189 4282 4039
f 4282 4114 4039
f 4283 4114 4282
f 4283 4115 4114
f 4283 4284 4115
f 4285 4115 4284
f 4285 4116 4115
f 4190 4116 4285
f 4110 4190 4286
f 4110 4286 4117
f 4287 4117 4286
f 4287 4118 4117
f 4191 4118 4287
f 4288 4289 4043
f 4289 4274 4043
f 4191 4287 4290
f 4290 4040 4191
f 4123 4040 4290
f 4290 4291 4123
f 4292 4119 4195
f 4197 4288 4043
f 4123 4291 4198
f 4293 4195 4121
f 4122 4196 4193
f 4293 4292 4195
f 4295 4293 4121
f 4198 4291 4294
f 4198 4294 4296
f 4198 4296 4201
f 4296 4205 4201
f 4202 4297 4204
f 4203 4297 4202
f 4298 4199 4204
f 4133 4197 4130
f 4299 4205 4296
f 4206 4297 4203
f 4204 4300 4298
f 4212 4135 4200
f 4301 4204 4297
f 4300 4204 4301
f 4301 4297 4206
f 4205 4299 4207
f 4302 4301 4206
f 4301 4303 4300
f 4303 4301 4304
f 4304 4301 4302
f 4208 4302 4206
f 4304 4302 4210
f 4208 4210 4302
f 4211 4299 4305
f 4211 4207 4299
f 4303 4214 4306
f 4214 4303 4307
f 4307 4303 4304
f 4213 4307 4304
f 4213 4304 4210
f 4305 4309 4211
f 4308 4306 4216
f 4216 4306 4214
f 4064 4310 4209
f 4214 4307 4215
f 4307 4213 4215
f 3821 3982 4311
f 4309 4312 4211
f 4312 4140 4211
f 4216 4070 4313
f 4229 4140 4312
f 4145 4314 4217
f 4141 4147 4313
f 4070 4141 4313
f 4142 4143 4315
f 4143 4318 4315
f 4229 4144 4140
f 4316 4314 4145
f 4220 4317 4147
f 4318 4143 4221
f 4221 4222 4318
f 4318 4222 4319
f 4319 4222 4320
f 4223 4320 4222
f 4223 4224 4320
f 4320 4224 4321
f 4321 4224 4225
f 4321 4225 4322
f 4322 4225 4226
f 4322 4226 4324
f 4228 4324 4226
f 4228 4323 4324
f 4323 4228 4227
f 4323 4227 4325
f 4325 4227 4230
f 4230 4326 4325
f 4326 4230 4231
f 4326 4231 4327
f 4327 4231 4232
f 4327 4232 4328
f 4235 4330 4234
f 4234 4330 4329
f 4235 4331 4330
f 4237 4152 4229
f 4232 4080 4328
f 4328 4080 4233
f 4233 4154 4329
f 4329 4154 4234
f 4235 4236 4331
f 4331 4236 4237
f 4237 4236 4152
f 4238 4316 4009
f 4316 4145 4009
f 4219 4240 4010
f 4239 4333 4238
f 4158 4333 4084
f 4158 4332 4333
f 4084 4333 4239
f 4241 4334 4158
f 4242 4162 3917
f 4244 4335 4245
f 4246 4336 4337
f 4246 4337 4247
f 4250 4249 4339
f 4250 4339 4251
f 4255 4340 4256
f 4257 4341 4163
f 4097 4260 4259
f 4021 4261 4260
f 4168 4342 4261
f 4169 4342 4168
f 4093 4344 4169
f 4169 4344 4343
f 4170 4344 4093
f 4172 4345 4171
f 4172 4262 4345
f 4095 4347 4174
f 4174 4347 4346
f 4095 4175 4347
f 4176 4264 4263
f 4098 4348 4264
f 4098 4265 4348
f 4349 4173 4346
f 4346 4173 4174
f 4347 4175 4350
f 4351 4267 4028
f 4351 4028 4177
f 4101 4271 4268
f 4103 4273 4272
f 4352 3938 4270
f 4030 3938 4352
f 4180 4353 4273
f 4277 4276 4354
f 4277 4354 4278
f 4279 4278 4354
f 4355 4186 4279
f 4356 4186 4355
f 4187 4186 4356
f 4358 4188 4187
f 4188 4358 4280
f 4280 4358 4359
f 4359 4113 4280
f 4361 4281 4113
f 4281 4361 4282
f 4362 4282 4361
f 4283 4282 4362
f 4283 4285 4284
f 4363 4190 4285
f 4190 4363 4286
f 4286 4363 4364
f 4119 4365 4180
f 4274 4366 4275
f 4274 4289 4366
f 4275 4366 4276
f 4276 4367 4354
f 4354 4355 4279
f 4356 4357 4187
f 4357 4358 4187
f 4359 4360 4113
f 4113 4360 4361
f 4283 4362 4368
f 4283 4368 4285
f 4285 4368 4363
f 4286 4364 4369
f 4286 4369 4287
f 4287 4369 4290
f 4365 4119 4292
f 4288 4366 4289
f 4276 4366 4370
f 4367 4276 4370
f 4354 4367 4371
f 4372 4354 4371
f 4372 4355 4354
f 4355 4372 4356
f 4356 4372 4373
f 4356 4373 4357
f 4357 4374 4358
f 4359 4358 4374
f 4359 4374 4375
f 4376 4359 4375
f 4376 4360 4359
f 4360 4376 4377
f 4361 4360 4377
f 4378 4361 4377
f 4361 4378 4379
f 4361 4379 4362
f 4363 4368 4380
f 4363 4380 4381
f 4363 4381 4364
f 4364 4381 4382
f 4364 4382 4369
f 4383 4290 4369
f 4290 4383 4291
f 4193 4384 4192
f 4196 4384 4193
f 4288 4385 4366
f 4192 4295 4121
f 4295 4192 4384
f 4197 4386 4288
f 4387 4292 4293
f 4387 4293 4295
f 4388 4384 4196
f 4199 4388 4196
f 4390 4387 4295
f 4389 4387 4390
f 4391 4296 4294
f 4298 4388 4199
f 4392 4212 4200
f 4133 4386 4197
f 4391 4299 4296
f 4133 4393 4386
f 4391 4305 4299
f 4306 4394 4298
f 4303 4298 4300
f 4306 4298 4303
f 4209 4393 4133
f 4209 4310 4393
f 4308 4394 4306
f 4395 4309 4305
f 4311 3982 4212
f 4397 4396 4400
f 4312 4309 4395
f 4399 4397 4400
f 4219 3821 4311
f 4064 4398 4310
f 4218 4399 4400
f 4217 4399 4218
f 4313 4308 4216
f 4398 4142 4404
f 4064 4142 4398
f 4403 4399 4314
f 4314 4399 4217
f 4218 4400 4220
f 4317 4400 4402
f 4220 4400 4317
f 4317 4402 4401
f 4313 4401 4308
f 4142 4315 4404
f 4404 4315 4405
f 4405 4406 4408
f 4406 4405 4409
f 4409 4410 4406
f 4409 4411 4410
f 4412 4411 4409
f 4412 4413 4411
f 4415 4414 4412
f 4415 4416 4414
f 4417 4416 4415
f 4417 4418 4416
f 4417 4419 4418
f 4420 4419 4417
f 4420 4421 4419
f 4422 4421 4420
f 4423 4407 4422
f 4424 4407 4423
f 4424 4425 4407
f 4426 4425 4424
f 4429 4428 4427
f 4316 4403 4314
f 4147 4317 4401
f 4147 4401 4313
f 4315 4318 4405
f 4405 4319 4409
f 4412 4409 4322
f 4412 4322 4324
f 4412 4324 4415
f 4415 4323 4325
f 4415 4325 4417
f 4417 4325 4326
f 4417 4326 4420
f 4422 4420 4328
f 4422 4328 4423
f 4424 4330 4426
f 4426 4331 4427
f 4427 4331 4237
f 4427 4237 4429
f 4405 4318 4319
f 4319 4320 4409
f 4409 4320 4321
f 4409 4321 4322
f 4415 4324 4323
f 4326 4327 4420
f 4420 4327 4328
f 4328 4233 4423
f 4423 4233 4424
f 4424 4233 4329
f 4424 4329 4330
f 4426 4330 4331
f 4429 4237 4229
f 4238 4431 4430
f 4238 4430 4316
f 4333 4332 4431
f 4333 4431 4238
f 4158 4432 4332
f 4159 3914 4240
f 4158 4334 4432
f 4161 4334 4241
f 4334 4161 4243
f 4433 4162 4242
f 4433 4244 4162
f 4245 4335 4434
f 4246 4245 4336
f 4258 4337 4435
f 4247 4337 4258
f 4258 4435 4248
f 4249 4248 4338
f 4339 4436 4251
f 4251 4437 4252
f 4252 4437 4438
f 4252 4438 4253
f 4254 4253 4439
f 4254 4439 4255
f 4257 4256 4341
f 4168 4261 4021
f 4169 4343 4342
f 3932 4345 4170
f 4171 4345 3932
f 4173 4349 4262
f 4175 4263 4350
f 4265 4440 4348
f 4265 4178 4440
f 4179 4441 4178
f 4441 4440 4178
f 4442 4351 4177
f 4442 4177 4266
f 4268 4441 4179
f 4271 4444 4268
f 4445 4270 4269
f 4271 4446 4444
f 4272 4446 4271
f 4272 4447 4446
f 4447 4272 4448
f 4448 4272 4273
f 4353 4448 4273
f 4365 4353 4180
f 4352 4194 4030
f 4353 4365 4449
f 4450 4366 4385
f 4367 4370 4451
f 4367 4451 4371
f 4452 4357 4373
f 4452 4374 4357
f 4452 4375 4374
f 4453 4377 4376
f 4453 4378 4377
f 4454 4379 4378
f 4454 4362 4379
f 4362 4454 4455
f 4455 4368 4362
f 4456 4381 4380
f 4381 4456 4382
f 4382 4457 4369
f 4457 4383 4369
f 4386 4385 4288
f 4366 4450 4458
f 4366 4458 4370
f 4451 4370 4458
f 4371 4451 4459
f 4371 4459 4372
f 4460 4372 4459
f 4372 4460 4461
f 4372 4461 4373
f 4373 4461 4452
f 4375 4452 4462
f 4375 4462 4376
f 4376 4462 4453
f 4378 4453 4463
f 4378 4463 4454
f 4455 4464 4368
f 4368 4464 4380
f 4380 4464 4456
f 4382 4456 4465
f 4382 4465 4457
f 4383 4294 4291
f 4292 4449 4365
f 4386 4466 4385
f 4450 4385 4466
f 4383 4467 4294
f 4389 4468 4387
f 4387 4468 4292
f 4392 4200 4194
f 4386 4469 4466
f 4467 4391 4294
f 4470 4295 4384
f 4470 4384 4471
f 4471 4384 4388
f 4472 4391 4467
f 4473 4468 4389
f 4473 4389 4390
f 4470 4390 4295
f 4298 4471 4388
f 4386 4393 4469
f 4474 4390 4470
f 4475 4468 4473
f 4476 4473 4390
f 4476 4390 4474
f 4298 4477 4471
f 4472 4478 4391
f 4471 4477 4479
f 4394 4477 4298
f 4391 4478 4305
f 4396 4473 4476
f 4480 4476 4474
f 4396 4476 4480
f 4479 4477 4394
f 4397 4475 4473
f 4397 4473 4396
f 4478 4481 4305
f 4481 4395 4305
f 4482 4475 4397
f 4483 4480 4479
f 4308 4479 4394
f 4483 4479 4308
f 4402 4396 4480
f 4402 4480 4483
f 4395 4481 4485
f 4310 4398 4484
f 4485 4312 4395
f 4399 4482 4397
f 4401 4483 4308
f 4398 4404 4484
f 4486 4482 4399
f 4402 4400 4396
f 4402 4483 4401
f 4484 4404 4408
f 4406 4489 4408
f 4490 4489 4406
f 4413 4491 4411
f 4413 4492 4491
f 4418 4495 4416
f 4421 4497 4496
f 4504 4428 4487
f 4487 4428 4488
f 4488 4312 4485
f 4488 4229 4312
f 4403 4486 4399
f 4408 4404 4405
f 4490 4406 4410
f 4490 4410 4411
f 4492 4413 4412
f 4492 4412 4414
f 4492 4414 4493
f 4493 4414 4494
f 4494 4414 4416
f 4418 4419 4495
f 4495 4419 4496
f 4496 4419 4421
f 4497 4421 4422
f 4497 4422 4498
f 4498 4407 4499
f 4500 4499 4407
f 4500 4407 4425
f 4500 4425 4501
f 4502 4501 4426
f 4502 4426 4503
f 4503 4426 4427
f 4503 4427 4504
f 4428 4429 4488
f 4488 4429 4229
f 4505 4403 4316
f 4422 4407 4498
f 4501 4425 4426
f 4504 4427 4428
f 4316 4430 4505
f 4332 4506 4431
f 4332 4432 4506
f 4507 4240 4219
f 4432 4334 4508
f 4243 4510 4509
f 4243 4509 4334
f 4335 4244 4433
f 4515 4163 4341
f 4515 4341 4514
f 4163 4515 4510
f 4243 4163 4510
f 4245 4434 4336
f 4249 4511 4339
f 4339 4511 4436
f 4251 4436 4512
f 4251 4512 4437
f 4438 4513 4253
f 4255 4439 4340
f 4256 4340 4341
f 4259 4516 4266
f 4343 4517 4342
f 4344 4518 4343
f 4170 4518 4344
f 4345 4518 4170
f 4345 4519 4518
f 4345 4520 4519
f 4262 4520 4345
f 4349 4520 4262
f 4349 4521 4520
f 4349 4346 4521
f 4264 4522 4263
f 4260 4261 4342
f 4517 4343 4523
f 4523 4343 4518
f 4524 4346 4347
f 4524 4347 4525
f 4525 4347 4350
f 4350 4263 4526
f 4526 4263 4522
f 4268 4527 4441
f 4267 4351 4443
f 4443 4269 4267
f 4527 4268 4444
f 4443 4445 4269
f 4445 4352 4270
f 4352 4445 4528
f 4528 4194 4352
f 4529 4446 4447
f 4353 4530 4448
f 4449 4530 4353
f 4463 4453 4462
f 4455 4454 4463
f 4465 4456 4531
f 4383 4457 4465
f 4466 4532 4450
f 4450 4532 4458
f 4533 4458 4532
f 4458 4533 4451
f 4451 4533 4459
f 4460 4534 4461
f 4534 4452 4461
f 4452 4534 4535
f 4452 4535 4462
f 4462 4535 4536
f 4462 4536 4537
f 4462 4537 4463
f 4463 4537 4538
f 4463 4538 4539
f 4463 4539 4455
f 4455 4539 4464
f 4464 4539 4531
f 4464 4531 4456
f 4531 4540 4465
f 4465 4540 4541
f 4465 4541 4383
f 4392 4194 4528
f 4532 4542 4533
f 4459 4533 4543
f 4459 4543 4544
f 4459 4544 4460
f 4460 4544 4545
f 4460 4546 4534
f 4460 4545 4546
f 4534 4546 4547
f 4534 4547 4535
f 4539 4549 4531
f 4539 4548 4549
f 4531 4549 4540
f 4541 4467 4383
f 4468 4449 4292
f 4468 4550 4449
f 4532 4466 4469
f 4551 4532 4469
f 4532 4551 4542
f 4552 4533 4542
f 4553 4533 4552
f 4533 4553 4543
f 4554 4544 4543
f 4547 4546 4555
f 4547 4555 4535
f 4535 4555 4556
f 4557 4536 4535
f 4536 4558 4537
f 4536 4557 4558
f 4537 4559 4538
f 4537 4558 4559
f 4538 4560 4539
f 4539 4560 4548
f 4548 4560 4561
f 4548 4561 4549
f 4540 4562 4563
f 4540 4563 4541
f 4541 4472 4467
f 4541 4563 4472
f 4468 4564 4550
f 4470 4471 4474
f 4393 4566 4469
f 4563 4567 4472
f 4475 4564 4468
f 4567 4478 4472
f 4565 4212 4392
f 4567 4568 4478
f 4479 4474 4471
f 4480 4474 4479
f 4568 4481 4478
f 4569 4212 4565
f 4310 4566 4393
f 4568 4570 4481
f 4310 4571 4566
f 4570 4568 4572
f 4482 4564 4475
f 4569 4311 4212
f 4310 4484 4571
f 4484 4574 4571
f 4572 4573 4570
f 4484 4575 4574
f 4575 4590 4576
f 4576 4590 4591
f 4576 4591 4577
f 4591 4592 4577
f 4578 4593 4594
f 4578 4594 4579
f 4579 4594 4595
f 4595 4580 4579
f 4582 4581 4583
f 4583 4596 4584
f 4584 4596 4585
f 4585 4596 4586
f 4587 4597 4588
f 4588 4597 4589
f 4597 4598 4589
f 4599 4598 4597
f 4570 4485 4481
f 4570 4488 4485
f 4482 4486 4564
f 4575 4484 4408
f 4591 4593 4592
f 4593 4491 4594
f 4580 4595 4601
f 4580 4601 4581
f 4581 4601 4583
f 4583 4601 4602
f 4583 4602 4596
f 4596 4602 4586
f 4586 4602 4587
f 4587 4602 4603
f 4587 4603 4597
f 4597 4603 4604
f 4597 4604 4599
f 4599 4605 4600
f 4599 4604 4605
f 4600 4605 4487
f 4600 4487 4573
f 4573 4487 4570
f 4311 4569 4219
f 4575 4489 4590
f 4575 4408 4489
f 4590 4489 4591
f 4591 4489 4490
f 4591 4411 4593
f 4591 4490 4411
f 4491 4492 4594
f 4594 4492 4595
f 4595 4492 4493
f 4595 4493 4601
f 4601 4493 4494
f 4601 4494 4416
f 4601 4495 4602
f 4601 4416 4495
f 4602 4495 4496
f 4602 4497 4603
f 4603 4501 4604
f 4604 4503 4605
f 4605 4504 4487
f 4570 4487 4488
f 4593 4411 4491
f 4496 4497 4602
f 4497 4498 4603
f 4603 4498 4499
f 4603 4499 4500
f 4603 4500 4501
f 4604 4501 4502
f 4604 4502 4503
f 4503 4504 4605
f 4403 4505 4486
f 4430 4607 4505
f 4506 4606 4607
f 4506 4608 4606
f 4431 4506 4607
f 4431 4607 4430
f 4432 4608 4506
f 4609 4240 4507
f 4159 4240 4609
f 4160 4159 4610
f 4611 4160 4610
f 4242 4160 4611
f 4433 4242 4611
f 4614 4436 4511
f 4512 4436 4614
f 4616 4438 4437
f 4616 4437 4615
f 4513 4438 4616
f 4618 4439 4612
f 4618 4340 4439
f 4619 4340 4618
f 4613 4340 4619
f 4613 4341 4340
f 4514 4341 4613
f 4248 4435 4338
f 4338 4511 4249
f 4437 4512 4615
f 4253 4513 4617
f 4253 4617 4439
f 4260 4620 4259
f 4259 4620 4516
f 4342 4621 4260
f 4521 4622 4520
f 4346 4623 4521
f 4346 4524 4623
f 4516 4442 4266
f 4620 4260 4624
f 4624 4260 4621
f 4621 4342 4625
f 4625 4342 4517
f 4517 4523 4626
f 4522 4264 4348
f 4442 4628 4351
f 4351 4628 4443
f 4629 4445 4443
f 4629 4528 4445
f 4631 4528 4629
f 4529 4630 4446
f 4632 4447 4448
f 4529 4447 4632
f 4530 4632 4448
f 4529 4633 4630
f 4633 4529 4632
f 4530 4634 4632
f 4449 4634 4530
f 4528 4631 4392
f 4634 4449 4550
f 4543 4553 4635
f 4543 4635 4554
f 4636 4545 4544
f 4636 4544 4554
f 4545 4636 4546
f 4546 4636 4637
f 4638 4546 4637
f 4638 4555 4546
f 4556 4557 4535
f 4639 4558 4557
f 4559 4558 4639
f 4559 4560 4538
f 4561 4640 4549
f 4549 4640 4540
f 4540 4640 4562
f 4542 4551 4641
f 4542 4641 4552
f 4552 4641 4642
f 4552 4642 4553
f 4637 4643 4638
f 4555 4638 4556
f 4644 4557 4556
f 4557 4644 4639
f 4645 4559 4639
f 4559 4645 4560
f 4560 4645 4646
f 4560 4646 4561
f 4561 4646 4647
f 4561 4647 4640
f 4634 4550 4564
f 4566 4648 4469
f 4551 4469 4648
f 4635 4649 4554
f 4563 4562 4567
f 4566 4571 4648
f 4574 4648 4571
f 4576 4660 4575
f 4575 4660 4574
f 4660 4576 4653
f 4653 4576 4577
f 4661 4578 4654
f 4579 4654 4578
f 4662 4655 4579
f 4655 4662 4582
f 4585 4656 4584
f 4656 4585 4657
f 4657 4585 4663
f 4664 4657 4663
f 4664 4665 4657
f 4588 4665 4664
f 4588 4666 4665
f 4598 4667 4666
f 4668 4667 4598
f 4652 4658 4572
f 4652 4572 4568
f 4577 4592 4661
f 4661 4592 4593
f 4661 4593 4578
f 4662 4579 4580
f 4662 4580 4581
f 4662 4581 4582
f 4582 4583 4584
f 4585 4586 4663
f 4663 4587 4664
f 4663 4586 4587
f 4664 4587 4588
f 4666 4588 4589
f 4666 4589 4598
f 4598 4599 4668
f 4668 4599 4600
f 4668 4600 4658
f 4658 4600 4573
f 4658 4573 4572
f 4486 4651 4564
f 4486 4669 4651
f 4672 4671 4670
f 4669 4670 4671
f 4505 4669 4486
f 4507 4219 4569
f 4608 4672 4606
f 4606 4672 4670
f 4606 4670 4607
f 4607 4670 4669
f 4607 4669 4505
f 4334 4509 4508
f 4673 4433 4611
f 4675 4433 4673
f 4510 4674 4509
f 4680 4434 4679
f 4682 4337 4681
f 4676 4614 4684
f 4512 4614 4677
f 4615 4512 4677
f 4513 4616 4617
f 4439 4617 4678
f 4439 4678 4612
f 4335 4433 4675
f 4335 4675 4679
f 4335 4679 4434
f 4434 4680 4336
f 4336 4680 4681
f 4336 4681 4337
f 4435 4337 4682
f 4435 4682 4683
f 4435 4683 4338
f 4338 4683 4511
f 4511 4683 4684
f 4511 4684 4614
f 4516 4685 4442
f 4624 4516 4620
f 4686 4624 4621
f 4626 4625 4517
f 4518 4687 4523
f 4688 4518 4519
f 4688 4519 4689
f 4689 4519 4520
f 4689 4520 4622
f 4627 4622 4521
f 4690 4627 4521
f 4623 4690 4521
f 4524 4690 4623
f 4524 4525 4690
f 4350 4691 4525
f 4350 4526 4691
f 4348 4692 4522
f 4440 4692 4348
f 4687 4518 4688
f 4691 4526 4693
f 4693 4526 4522
f 4441 4694 4440
f 4442 4695 4628
f 4695 4442 4685
f 4694 4441 4527
f 4696 4694 4527
f 4444 4696 4527
f 4697 4629 4443
f 4697 4631 4629
f 4698 4631 4697
f 4633 4699 4630
f 4700 4631 4698
f 4699 4633 4701
f 4700 4392 4631
f 4701 4633 4632
f 4562 4640 4647
f 4392 4702 4565
f 4392 4700 4702
f 4551 4648 4641
f 4553 4704 4635
f 4635 4704 4649
f 4649 4636 4554
f 4636 4649 4705
f 4636 4705 4637
f 4637 4705 4643
f 4638 4643 4706
f 4638 4706 4556
f 4556 4706 4707
f 4707 4644 4556
f 4708 4645 4639
f 4645 4709 4646
f 4647 4712 4562
f 4713 4701 4632
f 4713 4632 4634
f 4641 4653 4642
f 4642 4703 4553
f 4553 4703 4704
f 4643 4705 4714
f 4644 4708 4639
f 4645 4708 4650
f 4645 4650 4709
f 4709 4710 4646
f 4646 4710 4711
f 4646 4711 4647
f 4564 4713 4634
f 4648 4660 4641
f 4641 4660 4653
f 4642 4653 4703
f 4649 4704 4654
f 4649 4654 4705
f 4643 4714 4706
f 4644 4656 4708
f 4650 4665 4709
f 4709 4665 4667
f 4647 4711 4712
f 4712 4652 4562
f 4562 4652 4568
f 4562 4568 4567
f 4716 4701 4713
f 4651 4713 4564
f 4702 4569 4565
f 4648 4574 4660
f 4653 4717 4703
f 4703 4717 4704
f 4705 4654 4718
f 4705 4655 4714
f 4705 4718 4655
f 4644 4707 4656
f 4650 4708 4665
f 4709 4667 4710
f 4710 4667 4711
f 4715 4701 4716
f 4651 4716 4713
f 4717 4661 4704
f 4704 4661 4654
f 4714 4655 4706
f 4706 4655 4584
f 4706 4584 4707
f 4707 4584 4656
f 4656 4657 4708
f 4708 4657 4665
f 4711 4667 4668
f 4711 4668 4712
f 4712 4668 4658
f 4712 4658 4652
f 4702 4659 4569
f 4653 4577 4717
f 4717 4577 4661
f 4718 4654 4579
f 4718 4579 4655
f 4655 4582 4584
f 4665 4666 4667
f 4671 4715 4716
f 4671 4716 4669
f 4672 4715 4671
f 4651 4669 4716
f 4659 4507 4569
f 4608 4719 4672
f 4609 4507 4659
f 4720 4719 4608
f 4608 4432 4720
f 4610 4159 4609
f 4508 4720 4432
f 4509 4674 4508
f 4725 4614 4676
f 4726 4616 4615
f 4728 4514 4727
f 4729 4515 4728
f 4675 4721 4722
f 4679 4722 4680
f 4681 4680 4682
f 4683 4682 4723
f 4684 4724 4676
f 4614 4725 4677
f 4677 4725 4615
f 4617 4616 4726
f 4612 4678 4618
f 4619 4727 4613
f 4613 4727 4514
f 4514 4728 4515
f 4515 4729 4510
f 4510 4729 4674
f 4679 4675 4722
f 4683 4723 4684
f 4624 4686 4516
f 4523 4687 4626
f 4622 4627 4689
f 4692 4730 4522
f 4692 4440 4694
f 4685 4516 4731
f 4621 4625 4732
f 4732 4625 4626
f 4687 4688 4733
f 4734 4688 4689
f 4735 4689 4627
f 4736 4627 4737
f 4737 4627 4690
f 4737 4690 4738
f 4738 4690 4739
f 4739 4690 4525
f 4739 4525 4740
f 4740 4525 4691
f 4740 4691 4693
f 4693 4522 4730
f 4694 4730 4692
f 4741 4443 4628
f 4695 4741 4628
f 4741 4697 4443
f 4444 4742 4696
f 4446 4742 4444
f 4742 4446 4630
f 4743 4699 4701
f 4744 4702 4700
f 4743 4701 4745
f 4715 4745 4701
f 4744 4659 4702
f 4746 4659 4744
f 4672 4745 4715
f 4747 4745 4672
f 4748 4659 4746
f 4719 4747 4672
f 4748 4609 4659
f 4610 4609 4748
f 4749 4611 4610
f 4611 4749 4751
f 4508 4750 4720
f 4611 4751 4673
f 4674 4750 4508
f 4673 4751 4675
f 4675 4751 4721
f 4756 4758 4680
f 4760 4724 4759
f 4752 4725 4761
f 4678 4762 4753
f 4618 4753 4754
f 4678 4753 4618
f 4754 4619 4618
f 4727 4755 4728
f 4674 4729 4750
f 4722 4756 4680
f 4680 4758 4682
f 4682 4758 4723
f 4723 4759 4684
f 4684 4759 4724
f 4676 4724 4761
f 4676 4761 4725
f 4615 4725 4752
f 4615 4752 4726
f 4617 4726 4762
f 4617 4762 4678
f 4727 4619 4755
f 4686 4731 4516
f 4621 4763 4686
f 4621 4732 4763
f 4626 4687 4732
f 4764 4685 4731
f 4731 4686 4765
f 4765 4686 4763
f 4766 4732 4687
f 4766 4687 4733
f 4688 4767 4733
f 4689 4735 4734
f 4627 4736 4735
f 4694 4768 4730
f 4685 4764 4695
f 4767 4688 4734
f 4769 4739 4740
f 4768 4694 4770
f 4696 4770 4694
f 4695 4771 4741
f 4771 4695 4764
f 4742 4770 4696
f 4772 4741 4771
f 4772 4697 4741
f 4697 4772 4773
f 4773 4698 4697
f 4773 4700 4698
f 4743 4774 4699
f 4775 4700 4773
f 4775 4744 4700
f 4746 4744 4775
f 4776 4745 4747
f 4748 4746 4777
f 4719 4778 4747
f 4779 4610 4748
f 4749 4610 4779
f 4751 4749 4779
f 4720 4780 4778
f 4719 4720 4778
f 4750 4780 4720
f 4751 4781 4721
f 4721 4781 4722
f 4724 4760 4784
f 4724 4784 4785
f 4754 4753 4788
f 4755 4789 4790
f 4755 4790 4729
f 4729 4790 4795
f 4750 4791 4780
f 4756 4792 4757
f 4722 4792 4756
f 4756 4757 4793
f 4758 4793 4794
f 4758 4794 4782
f 4758 4782 4723
f 4723 4782 4783
f 4723 4783 4759
f 4761 4724 4785
f 4761 4785 4752
f 4752 4785 4786
f 4726 4752 4786
f 4726 4786 4787
f 4762 4787 4753
f 4754 4788 4789
f 4754 4789 4755
f 4728 4755 4729
f 4729 4795 4791
f 4729 4791 4750
f 4756 4793 4758
f 4759 4783 4760
f 4726 4787 4762
f 4619 4754 4755
f 4796 4731 4765
f 4796 4764 4731
f 4797 4764 4796
f 4796 4765 4798
f 4798 4765 4763
f 4798 4763 4799
f 4799 4763 4732
f 4799 4732 4766
f 4734 4800 4767
f 4734 4735 4801
f 4738 4739 4804
f 4730 4805 4693
f 4764 4797 4771
f 4807 4796 4798
f 4799 4766 4808
f 4808 4766 4733
f 4808 4733 4809
f 4809 4733 4767
f 4809 4767 4810
f 4810 4767 4800
f 4801 4735 4802
f 4802 4735 4736
f 4803 4737 4738
f 4811 4737 4803
f 4803 4738 4804
f 4769 4740 4812
f 4812 4740 4805
f 4805 4740 4693
f 4805 4730 4768
f 4813 4768 4806
f 4806 4768 4770
f 4800 4734 4801
f 4814 4736 4737
f 4814 4737 4811
f 4770 4742 4815
f 4630 4815 4742
f 4699 4815 4630
f 4699 4774 4815
f 4773 4772 4816
f 4743 4817 4774
f 4745 4817 4743
f 4777 4746 4775
f 4776 4817 4745
f 4747 4818 4776
f 4819 4748 4777
f 4747 4778 4818
f 4779 4748 4819
f 4779 4820 4751
f 4751 4820 4781
f 4757 4792 4821
f 4757 4821 4822
f 4822 4823 4757
f 4794 4823 4824
f 4794 4824 4782
f 4782 4824 4825
f 4783 4825 4826
f 4783 4826 4760
f 4760 4826 4827
f 4760 4827 4828
f 4760 4828 4784
f 4831 4786 4832
f 4753 4833 4834
f 4753 4834 4835
f 4790 4835 4836
f 4781 4792 4722
f 4793 4757 4823
f 4793 4823 4794
f 4783 4782 4825
f 4785 4784 4829
f 4785 4829 4830
f 4785 4830 4786
f 4786 4830 4832
f 4786 4833 4787
f 4787 4833 4753
f 4788 4753 4835
f 4788 4835 4789
f 4789 4835 4790
f 4790 4836 4795
f 4837 4797 4796
f 4838 4796 4807
f 4798 4839 4807
f 4799 4839 4798
f 4802 4842 4801
f 4736 4814 4802
f 4739 4769 4804
f 4768 4813 4805
f 4843 4771 4797
f 4843 4797 4837
f 4838 4837 4796
f 4844 4807 4839
f 4808 4840 4799
f 4841 4840 4808
f 4841 4808 4809
f 4841 4809 4845
f 4845 4809 4810
f 4846 4801 4842
f 4848 4803 4804
f 4847 4803 4848
f 4848 4804 4769
f 4848 4769 4849
f 4849 4769 4850
f 4850 4769 4812
f 4850 4812 4851
f 4851 4812 4805
f 4851 4805 4813
f 4852 4813 4806
f 4852 4806 4770
f 4800 4801 4846
f 4802 4853 4842
f 4854 4851 4813
f 4854 4813 4852
f 4855 4852 4770
f 4815 4855 4770
f 4843 4772 4771
f 4856 4772 4843
f 4772 4856 4816
f 4815 4774 4857
f 4857 4774 4858
f 4773 4816 4775
f 4817 4858 4774
f 4775 4816 4859
f 4777 4775 4859
f 4859 4861 4777
f 4776 4860 4817
f 4777 4861 4819
f 4818 4860 4776
f 4819 4863 4820
f 4862 4818 4778
f 4819 4820 4779
f 4780 4862 4778
f 4877 4824 4876
f 4827 4826 4877
f 4865 4828 4827
f 4828 4865 4878
f 4869 4831 4868
f 4831 4869 4879
f 4879 4869 4834
f 4834 4869 4870
f 4834 4870 4880
f 4880 4870 4871
f 4881 4871 4872
f 4881 4872 4862
f 4820 4864 4781
f 4781 4864 4873
f 4821 4874 4822
f 4792 4874 4821
f 4823 4822 4875
f 4824 4875 4876
f 4825 4824 4877
f 4829 4878 4866
f 4828 4878 4829
f 4829 4866 4867
f 4830 4867 4868
f 4829 4867 4830
f 4830 4868 4831
f 4836 4880 4871
f 4836 4871 4881
f 4780 4881 4862
f 4873 4792 4781
f 4792 4873 4874
f 4823 4875 4824
f 4784 4828 4829
f 4832 4830 4831
f 4786 4831 4833
f 4833 4831 4879
f 4833 4879 4834
f 4835 4834 4880
f 4835 4880 4836
f 4795 4836 4881
f 4795 4881 4791
f 4791 4881 4780
f 4807 4844 4838
f 4839 4840 4844
f 4799 4840 4839
f 4810 4882 4845
f 4800 4882 4810
f 4800 4846 4882
f 4837 4856 4843
f 4883 4837 4838
f 4884 4838 4844
f 4883 4838 4884
f 4884 4844 4885
f 4885 4844 4840
f 4886 4840 4841
f 4885 4840 4886
f 4886 4841 4845
f 4886 4845 4882
f 4887 4882 4846
f 4888 4846 4842
f 4887 4846 4888
f 4888 4842 4853
f 4889 4802 4814
f 4853 4802 4889
f 4889 4814 4890
f 4890 4814 4811
f 4803 4847 4811
f 4848 4849 4847
f 4851 4891 4850
f 4851 4854 4891
f 4892 4856 4837
f 4837 4883 4892
f 4886 4882 4893
f 4893 4882 4887
f 4894 4887 4888
f 4888 4853 4889
f 4890 4811 4847
f 4890 4847 4895
f 4895 4847 4849
f 4895 4849 4896
f 4896 4849 4850
f 4896 4850 4891
f 4897 4891 4854
f 4897 4854 4852
f 4897 4852 4898
f 4900 4883 4884
f 4903 4885 4886
f 4902 4885 4903
f 4903 4886 4893
f 4894 4888 4904
f 4904 4888 4889
f 4905 4896 4891
f 4905 4891 4897
f 4852 4906 4898
f 4906 4852 4855
f 4899 4883 4900
f 4900 4884 4901
f 4907 4893 4887
f 4907 4887 4908
f 4908 4887 4894
f 4909 4889 4890
f 4909 4890 4910
f 4910 4890 4895
f 4910 4895 4911
f 4911 4895 4896
f 4857 4906 4855
f 4815 4857 4855
f 4909 4904 4889
f 4911 4896 4913
f 4896 4905 4913
f 4912 4914 4905
f 4912 4905 4915
f 4915 4905 4897
f 4856 4916 4816
f 4856 4892 4916
f 4914 4913 4905
f 4912 4915 4917
f 4918 4857 4858
f 4916 4859 4816
f 4861 4859 4916
f 4860 4858 4817
f 4861 4916 4919
f 4860 4918 4858
f 4861 4919 4863
f 4861 4863 4819
f 4921 4923 4922
f 4922 4927 4921
f 4922 4923 4928
f 4862 4920 4860
f 4862 4860 4818
f 4931 4930 4929
f 4932 4930 4931
f 4863 4864 4820
f 4932 4933 4940
f 4940 4933 4941
f 4865 4935 4925
f 4936 4925 4926
f 4865 4925 4936
f 4937 4943 4942
f 4943 4937 4944
f 4944 4945 4943
f 4946 4938 4945
f 4939 4927 4947
f 4947 4927 4922
f 4872 4922 4928
f 4947 4922 4872
f 4872 4928 4920
f 4930 4932 4940
f 4877 4941 4934
f 4877 4934 4935
f 4878 4865 4936
f 4878 4936 4866
f 4936 4942 4868
f 4868 4942 4943
f 4945 4938 4870
f 4870 4938 4939
f 4870 4939 4871
f 4871 4939 4947
f 4862 4872 4920
f 4873 4864 4929
f 4873 4929 4874
f 4822 4929 4930
f 4874 4929 4822
f 4822 4930 4940
f 4822 4940 4876
f 4876 4940 4941
f 4876 4941 4877
f 4877 4935 4827
f 4827 4935 4865
f 4867 4866 4936
f 4867 4936 4868
f 4869 4868 4943
f 4869 4943 4945
f 4869 4945 4870
f 4872 4871 4947
f 4822 4876 4875
f 4825 4877 4826
f 4883 4899 4892
f 4948 4884 4885
f 4902 4948 4885
f 4903 4949 4902
f 4898 4950 4897
f 4906 4950 4898
f 4899 4900 4948
f 4948 4900 4901
f 4948 4901 4884
f 4949 4903 4951
f 4907 4952 4893
f 4908 4953 4907
f 4894 4954 4908
f 4955 4894 4904
f 4915 4897 4950
f 4956 4892 4899
f 4956 4899 4957
f 4957 4899 4948
f 4948 4902 4949
f 4951 4903 4893
f 4953 4952 4907
f 4953 4908 4954
f 4954 4894 4955
f 4904 4958 4955
f 4909 4958 4904
f 4910 4959 4958
f 4959 4910 4911
f 4962 4957 4948
f 4963 4948 4964
f 4964 4948 4949
f 4964 4949 4951
f 4951 4893 4952
f 4958 4909 4910
f 4959 4911 4960
f 4960 4911 4913
f 4965 4913 4914
f 4961 4914 4912
f 4961 4912 4966
f 4966 4912 4917
f 4892 4956 4916
f 4967 4956 4957
f 4967 4957 4962
f 4962 4948 4963
f 4968 4963 4964
f 4964 4951 4952
f 4952 4953 4969
f 4969 4953 4954
f 4969 4954 4970
f 4970 4954 4955
f 4971 4955 4958
f 4970 4955 4971
f 4971 4958 4959
f 4971 4959 4960
f 4960 4913 4965
f 4972 4965 4914
f 4972 4914 4961
f 4966 4917 4950
f 4950 4917 4915
f 4918 4950 4906
f 4973 4950 4918
f 4857 4918 4906
f 4975 4962 4963
f 4976 4964 4952
f 4977 4952 4969
f 4978 4970 4971
f 4966 4950 4973
f 4919 4916 4956
f 4968 4964 4976
f 4980 4952 4977
f 4983 4971 4984
f 4984 4971 4960
f 4984 4960 4985
f 4985 4965 4972
f 4986 4972 4961
f 4985 4972 4986
f 4986 4961 4966
f 4986 4966 4987
f 4987 4966 4973
f 4919 4956 4974
f 4979 4967 4962
f 4975 4963 4968
f 4980 4976 4952
f 4977 4969 4981
f 4978 4981 4970
f 4985 4960 4965
f 4987 4973 4988
f 4988 4973 4918
f 4967 4974 4956
f 4989 4979 4962
f 4990 4968 4976
f 4981 4969 4970
f 4978 4971 4982
f 4982 4971 4983
f 4985 4986 4991
f 4991 4986 4987
f 4989 4962 4975
f 4990 4975 4968
f 4992 4983 4984
f 4992 4984 4985
f 4993 4985 4991
f 4920 4987 4988
f 4860 4988 4918
f 4974 4967 4979
f 4990 4976 4980
f 4990 4980 4994
f 4994 4980 4977
f 4994 4977 4981
f 4981 4978 4995
f 4995 4978 4982
f 4996 4982 4983
f 4996 4983 4992
f 4997 4992 4985
f 4923 4991 4987
f 4923 4987 4920
f 4929 4919 4974
f 4998 4974 4979
f 4999 4979 4989
f 4998 4979 4999
f 4999 4989 4933
f 4933 4989 4975
f 4933 4975 5000
f 4924 4990 4994
f 4926 4994 4981
f 4995 4982 4937
f 4937 4982 4996
f 4993 4997 4985
f 4921 4993 4991
f 4921 4991 4923
f 4860 4920 4988
f 4919 4864 4863
f 4929 4974 4998
f 4932 4999 4933
f 5001 4975 4990
f 4924 5001 4990
f 4924 4994 5002
f 4925 4994 4926
f 4926 4981 4995
f 4937 4996 4944
f 4946 4992 4997
f 4919 4929 4864
f 4929 4998 4931
f 4931 4998 4999
f 5001 5000 4975
f 5002 4994 4925
f 4936 4926 4995
f 4942 4995 4937
f 4944 4996 4946
f 4946 4996 4992
f 4938 4946 4997
f 4938 4997 4939
f 4939 4997 4993
f 4927 4993 4921
f 4920 4928 4923
f 4932 4931 4999
f 4934 5001 4924
f 4934 4924 5002
f 4934 5002 4935
f 4935 5002 4925
f 4936 4995 4942
f 4939 4993 4927
f 5000 4941 4933
f 4941 5000 5001
f 4941 5001 4934
f 4944 4946 4945

